problem,size,solver,instance,time_s,solved,tol
qp,p32i16,ip_seq,1,0.042259,false,0.0001
qp,p32i16,ip_seq,2,0.002294,false,0.0001
qp,p32i16,ip_seq,3,0.025912,false,0.0001
qp,p32i16,ip_seq,4,0.000892,true,0.0001
qp,p32i16,ip_seq,5,0.000718,true,0.0001
qp,p32i16,ip_seq,6,0.043212,false,0.0001
qp,p32i16,ip_seq,7,0.026467,false,0.0001
qp,p32i16,ip_seq,8,0.001825,false,0.0001
qp,p32i16,ip_seq,9,0.026907,false,0.0001
qp,p32i16,ip_seq,10,0.022741,false,0.0001
qp,p32i16,ip_seq,11,0.002219,false,0.0001
qp,p32i16,ip_seq,12,0.000637,true,0.0001
qp,p32i16,ip_seq,13,0.02503,false,0.0001
qp,p32i16,ip_seq,14,0.042536,false,0.0001
qp,p32i16,ip_seq,15,0.00079,true,0.0001
qp,p32i16,ip_seq,16,0.040168,false,0.0001
qp,p32i16,ip_seq,17,0.000713,true,0.0001
qp,p32i16,ip_seq,18,0.00243,false,0.0001
qp,p32i16,ip_seq,19,0.002209,false,0.0001
qp,p32i16,ip_seq,20,0.022486,false,0.0001
qp,p32i16,ip_seq,21,0.000859,true,0.0001
qp,p32i16,ip_seq,22,0.025351,false,0.0001
qp,p32i16,ip_seq,23,0.045923,false,0.0001
qp,p32i16,ip_seq,24,0.041102,false,0.0001
qp,p32i16,ip_seq,25,0.03728,false,0.0001
qp,p32i16,ip_seq,26,0.012325,true,0.0001
qp,p32i16,ip_seq,27,0.037684,false,0.0001
qp,p32i16,ip_seq,28,0.002171,false,0.0001
qp,p32i16,ip_seq,29,0.038914,false,0.0001
qp,p32i16,ip_seq,30,0.026068,false,0.0001
qp,p32i16,ip_seq,31,0.00084,true,0.0001
qp,p32i16,ip_seq,32,0.04563,false,0.0001
qp,p32i16,ip_seq,33,0.000789,true,0.0001
qp,p32i16,ip_seq,34,0.000787,true,0.0001
qp,p32i16,ip_seq,35,0.023796,false,0.0001
qp,p32i16,ip_seq,36,0.002111,false,0.0001
qp,p32i16,ip_seq,37,0.002343,false,0.0001
qp,p32i16,ip_seq,38,0.04444,false,0.0001
qp,p32i16,ip_seq,39,0.040921,false,0.0001
qp,p32i16,ip_seq,40,0.000603,true,0.0001
qp,p32i16,ip_seq,41,0.000867,true,0.0001
qp,p32i16,ip_seq,42,0.040254,false,0.0001
qp,p32i16,ip_seq,43,0.001009,true,0.0001
qp,p32i16,ip_seq,44,0.028526,false,0.0001
qp,p32i16,ip_seq,45,0.023523,false,0.0001
qp,p32i16,ip_seq,46,0.028956,false,0.0001
qp,p32i16,ip_seq,47,0.025877,false,0.0001
qp,p32i16,ip_seq,48,0.000777,true,0.0001
qp,p32i16,ip_seq,49,0.002919,true,0.0001
qp,p32i16,ip_seq,50,0.001015,true,0.0001
qp,p32i16,ip_seq,51,0.037969,false,0.0001
qp,p32i16,ip_seq,52,0.040768,false,0.0001
qp,p32i16,ip_seq,53,0.000964,true,0.0001
qp,p32i16,ip_seq,54,0.000729,true,0.0001
qp,p32i16,ip_seq,55,0.004162,false,0.0001
qp,p32i16,ip_seq,56,0.00069,true,0.0001
qp,p32i16,ip_seq,57,0.047139,false,0.0001
qp,p32i16,ip_seq,58,0.000861,true,0.0001
qp,p32i16,ip_seq,59,0.000742,true,0.0001
qp,p32i16,ip_seq,60,0.00069,true,0.0001
qp,p32i16,ip_seq,61,0.026721,false,0.0001
qp,p32i16,ip_seq,62,0.000932,true,0.0001
qp,p32i16,ip_seq,63,0.000899,true,0.0001
qp,p32i16,ip_seq,64,0.040746,false,0.0001
qp,p32i16,ip_seq,65,0.000918,true,0.0001
qp,p32i16,ip_seq,66,0.001019,true,0.0001
qp,p32i16,ip_seq,67,0.044707,false,0.0001
qp,p32i16,ip_seq,68,0.000738,true,0.0001
qp,p32i16,ip_seq,69,0.038865,false,0.0001
qp,p32i16,ip_seq,70,0.038224,false,0.0001
qp,p32i16,ip_seq,71,0.027216,false,0.0001
qp,p32i16,ip_seq,72,0.000875,true,0.0001
qp,p32i16,ip_seq,73,0.002553,false,0.0001
qp,p32i16,ip_seq,74,0.001022,true,0.0001
qp,p32i16,ip_seq,75,0.025755,false,0.0001
qp,p32i16,ip_seq,76,0.021434,false,0.0001
qp,p32i16,ip_seq,77,0.028266,false,0.0001
qp,p32i16,ip_seq,78,0.040341,false,0.0001
qp,p32i16,ip_seq,79,0.000766,true,0.0001
qp,p32i16,ip_seq,80,0.002174,false,0.0001
qp,p32i16,ip_seq,81,0.036118,false,0.0001
qp,p32i16,ip_seq,82,0.002071,false,0.0001
qp,p32i16,ip_seq,83,0.00084,true,0.0001
qp,p32i16,ip_seq,84,0.000752,true,0.0001
qp,p32i16,ip_seq,85,0.004205,false,0.0001
qp,p32i16,ip_seq,86,0.024292,false,0.0001
qp,p32i16,ip_seq,87,0.024017,false,0.0001
qp,p32i16,ip_seq,88,0.000714,true,0.0001
qp,p32i16,ip_seq,89,0.000785,true,0.0001
qp,p32i16,ip_seq,90,0.002177,false,0.0001
qp,p32i16,ip_seq,91,0.040953,false,0.0001
qp,p32i16,ip_seq,92,0.042567,false,0.0001
qp,p32i16,ip_seq,93,0.000899,true,0.0001
qp,p32i16,ip_seq,94,0.002102,false,0.0001
qp,p32i16,ip_seq,95,0.000874,true,0.0001
qp,p32i16,ip_seq,96,0.000771,true,0.0001
qp,p32i16,ip_seq,97,0.000726,true,0.0001
qp,p32i16,ip_seq,98,0.002862,true,0.0001
qp,p32i16,ip_seq,99,0.000544,true,0.0001
qp,p32i16,ip_seq,100,0.041346,false,0.0001
qp,p32i16,ip_seq,101,0.039239,false,0.0001
qp,p32i16,ip_seq,102,0.019684,false,0.0001
qp,p32i16,ip_seq,103,0.000986,true,0.0001
qp,p32i16,ip_seq,104,0.000754,true,0.0001
qp,p32i16,ip_seq,105,0.036976,false,0.0001
qp,p32i16,ip_seq,106,0.043196,false,0.0001
qp,p32i16,ip_seq,107,0.00078,true,0.0001
qp,p32i16,ip_seq,108,0.023734,false,0.0001
qp,p32i16,ip_seq,109,0.002261,false,0.0001
qp,p32i16,ip_seq,110,0.002073,false,0.0001
qp,p32i16,ip_seq,111,0.002935,true,0.0001
qp,p32i16,ip_seq,112,0.027053,true,0.0001
qp,p32i16,ip_seq,113,0.000845,true,0.0001
qp,p32i16,ip_seq,114,0.000878,true,0.0001
qp,p32i16,ip_seq,115,0.00067,true,0.0001
qp,p32i16,ip_seq,116,0.040395,false,0.0001
qp,p32i16,ip_seq,117,0.002077,false,0.0001
qp,p32i16,ip_seq,118,0.000667,true,0.0001
qp,p32i16,ip_seq,119,0.038435,false,0.0001
qp,p32i16,ip_seq,120,0.000833,true,0.0001
qp,p32i16,ip_seq,121,0.001002,true,0.0001
qp,p32i16,ip_seq,122,0.00095,true,0.0001
qp,p32i16,ip_seq,123,0.00072,true,0.0001
qp,p32i16,ip_seq,124,0.002169,false,0.0001
qp,p32i16,ip_seq,125,0.004403,false,0.0001
qp,p32i16,ip_seq,126,0.000772,true,0.0001
qp,p32i16,ip_seq,127,0.000855,true,0.0001
qp,p32i16,ip_seq,128,0.038169,false,0.0001
qp,p32i16,ip_seq,129,0.041936,false,0.0001
qp,p32i16,ip_seq,130,0.042715,false,0.0001
qp,p32i16,ip_seq,131,0.000809,true,0.0001
qp,p32i16,ip_seq,132,0.00087,true,0.0001
qp,p32i16,ip_seq,133,0.041717,false,0.0001
qp,p32i16,ip_seq,134,0.038669,false,0.0001
qp,p32i16,ip_seq,135,0.003295,false,0.0001
qp,p32i16,ip_seq,136,0.039079,false,0.0001
qp,p32i16,ip_seq,137,0.029288,false,0.0001
qp,p32i16,ip_seq,138,0.041881,false,0.0001
qp,p32i16,ip_seq,139,0.036128,false,0.0001
qp,p32i16,ip_seq,140,0.000738,true,0.0001
qp,p32i16,ip_seq,141,0.042706,false,0.0001
qp,p32i16,ip_seq,142,0.001012,true,0.0001
qp,p32i16,ip_seq,143,0.002379,false,0.0001
qp,p32i16,ip_seq,144,0.000732,true,0.0001
qp,p32i16,ip_seq,145,0.036434,false,0.0001
qp,p32i16,ip_seq,146,0.000719,true,0.0001
qp,p32i16,ip_seq,147,0.001977,false,0.0001
qp,p32i16,ip_seq,148,0.021095,false,0.0001
qp,p32i16,ip_seq,149,0.000758,true,0.0001
qp,p32i16,ip_seq,150,0.027671,false,0.0001
qp,p32i16,ip_seq,151,0.000733,true,0.0001
qp,p32i16,ip_seq,152,0.03403,false,0.0001
qp,p32i16,ip_seq,153,0.001086,true,0.0001
qp,p32i16,ip_seq,154,0.028517,false,0.0001
qp,p32i16,ip_seq,155,0.022319,false,0.0001
qp,p32i16,ip_seq,156,0.028942,false,0.0001
qp,p32i16,ip_seq,157,0.000836,true,0.0001
qp,p32i16,ip_seq,158,0.037144,false,0.0001
qp,p32i16,ip_seq,159,0.000787,true,0.0001
qp,p32i16,ip_seq,160,0.025687,false,0.0001
qp,p32i16,ip_seq,161,0.000632,true,0.0001
qp,p32i16,ip_seq,162,0.000784,true,0.0001
qp,p32i16,ip_seq,163,0.000759,true,0.0001
qp,p32i16,ip_seq,164,0.000922,true,0.0001
qp,p32i16,ip_seq,165,0.001867,false,0.0001
qp,p32i16,ip_seq,166,0.000798,true,0.0001
qp,p32i16,ip_seq,167,0.036922,false,0.0001
qp,p32i16,ip_seq,168,0.037638,false,0.0001
qp,p32i16,ip_seq,169,0.037906,false,0.0001
qp,p32i16,ip_seq,170,0.001933,true,0.0001
qp,p32i16,ip_seq,171,0.037548,false,0.0001
qp,p32i16,ip_seq,172,0.001063,true,0.0001
qp,p32i16,ip_seq,173,0.002742,true,0.0001
qp,p32i16,ip_seq,174,0.030914,false,0.0001
qp,p32i16,ip_seq,175,0.037252,false,0.0001
qp,p32i16,ip_seq,176,0.000916,true,0.0001
qp,p32i16,ip_seq,177,0.003986,false,0.0001
qp,p32i16,ip_seq,178,0.04095,false,0.0001
qp,p32i16,ip_seq,179,0.001032,true,0.0001
qp,p32i16,ip_seq,180,0.002418,false,0.0001
qp,p32i16,ip_seq,181,0.042859,false,0.0001
qp,p32i16,ip_seq,182,0.002214,false,0.0001
qp,p32i16,ip_seq,183,0.04246,false,0.0001
qp,p32i16,ip_seq,184,0.002214,false,0.0001
qp,p32i16,ip_seq,185,0.022399,false,0.0001
qp,p32i16,ip_seq,186,0.023785,false,0.0001
qp,p32i16,ip_seq,187,0.030526,false,0.0001
qp,p32i16,ip_seq,188,0.002469,true,0.0001
qp,p32i16,ip_seq,189,0.000901,true,0.0001
qp,p32i16,ip_seq,190,0.030867,false,0.0001
qp,p32i16,ip_seq,191,0.040536,false,0.0001
qp,p32i16,ip_seq,192,0.036346,false,0.0001
qp,p32i16,ip_seq,193,0.000671,true,0.0001
qp,p32i16,ip_seq,194,0.040321,false,0.0001
qp,p32i16,ip_seq,195,0.002745,true,0.0001
qp,p32i16,ip_seq,196,0.031981,false,0.0001
qp,p32i16,ip_seq,197,0.022743,false,0.0001
qp,p32i16,ip_seq,198,0.035559,false,0.0001
qp,p32i16,ip_seq,199,0.000999,true,0.0001
qp,p32i16,ip_seq,200,0.00099,true,0.0001
qp,p32i16,ip_seq,201,0.038439,false,0.0001
qp,p32i16,ip_seq,202,0.038917,false,0.0001
qp,p32i16,ip_seq,203,0.022028,false,0.0001
qp,p32i16,ip_seq,204,0.002435,false,0.0001
qp,p32i16,ip_seq,205,0.03849,false,0.0001
qp,p32i16,ip_seq,206,0.041078,false,0.0001
qp,p32i16,ip_seq,207,0.002236,false,0.0001
qp,p32i16,ip_seq,208,0.041481,false,0.0001
qp,p32i16,ip_seq,209,0.00077,true,0.0001
qp,p32i16,ip_seq,210,0.002177,false,0.0001
qp,p32i16,ip_seq,211,0.002026,false,0.0001
qp,p32i16,ip_seq,212,0.021593,false,0.0001
qp,p32i16,ip_seq,213,0.002653,true,0.0001
qp,p32i16,ip_seq,214,0.003045,false,0.0001
qp,p32i16,ip_seq,215,0.037416,false,0.0001
qp,p32i16,ip_seq,216,0.000675,true,0.0001
qp,p32i16,ip_seq,217,0.006522,false,0.0001
qp,p32i16,ip_seq,218,0.002056,false,0.0001
qp,p32i16,ip_seq,219,0.000803,true,0.0001
qp,p32i16,ip_seq,220,0.027907,false,0.0001
qp,p32i16,ip_seq,221,0.021182,false,0.0001
qp,p32i16,ip_seq,222,0.000971,true,0.0001
qp,p32i16,ip_seq,223,0.002423,false,0.0001
qp,p32i16,ip_seq,224,0.004104,false,0.0001
qp,p32i16,ip_seq,225,0.00204,false,0.0001
qp,p32i16,ip_seq,226,0.037876,false,0.0001
qp,p32i16,ip_seq,227,0.038985,false,0.0001
qp,p32i16,ip_seq,228,0.000758,true,0.0001
qp,p32i16,ip_seq,229,0.000982,true,0.0001
qp,p32i16,ip_seq,230,0.036588,false,0.0001
qp,p32i16,ip_seq,231,0.028418,false,0.0001
qp,p32i16,ip_seq,232,0.030102,false,0.0001
qp,p32i16,ip_seq,233,0.037448,false,0.0001
qp,p32i16,ip_seq,234,0.000755,true,0.0001
qp,p32i16,ip_seq,235,0.029745,false,0.0001
qp,p32i16,ip_seq,236,0.001874,true,0.0001
qp,p32i16,ip_seq,237,0.040429,false,0.0001
qp,p32i16,ip_seq,238,0.000733,true,0.0001
qp,p32i16,ip_seq,239,0.039803,false,0.0001
qp,p32i16,ip_seq,240,0.000861,true,0.0001
qp,p32i16,ip_seq,241,0.034882,false,0.0001
qp,p32i16,ip_seq,242,0.037812,false,0.0001
qp,p32i16,ip_seq,243,0.00087,true,0.0001
qp,p32i16,ip_seq,244,0.000871,true,0.0001
qp,p32i16,ip_seq,245,0.000775,true,0.0001
qp,p32i16,ip_seq,246,0.000672,true,0.0001
qp,p32i16,ip_seq,247,0.000865,true,0.0001
qp,p32i16,ip_seq,248,0.002135,false,0.0001
qp,p32i16,ip_seq,249,0.038714,false,0.0001
qp,p32i16,ip_seq,250,0.023615,false,0.0001
qp,p32i16,ip_seq,251,0.000671,true,0.0001
qp,p32i16,ip_seq,252,0.023901,false,0.0001
qp,p32i16,ip_seq,253,0.027606,false,0.0001
qp,p32i16,ip_seq,254,0.036118,false,0.0001
qp,p32i16,ip_seq,255,0.000846,true,0.0001
qp,p32i16,ip_seq,256,0.037965,false,0.0001
qp,p32i16,ip_seq,257,0.027959,false,0.0001
qp,p32i16,ip_seq,258,0.007121,false,0.0001
qp,p32i16,ip_seq,259,0.024824,false,0.0001
qp,p32i16,ip_seq,260,0.042283,false,0.0001
qp,p32i16,ip_seq,261,0.002422,true,0.0001
qp,p32i16,ip_seq,262,0.02124,false,0.0001
qp,p32i16,ip_seq,263,0.002267,false,0.0001
qp,p32i16,ip_seq,264,0.000778,true,0.0001
qp,p32i16,ip_seq,265,0.041642,false,0.0001
qp,p32i16,ip_seq,266,0.024512,false,0.0001
qp,p32i16,ip_seq,267,0.000878,true,0.0001
qp,p32i16,ip_seq,268,0.000747,true,0.0001
qp,p32i16,ip_seq,269,0.000649,true,0.0001
qp,p32i16,ip_seq,270,0.000681,true,0.0001
qp,p32i16,ip_seq,271,0.041469,false,0.0001
qp,p32i16,ip_seq,272,0.028328,false,0.0001
qp,p32i16,ip_seq,273,0.002155,false,0.0001
qp,p32i16,ip_seq,274,0.034302,false,0.0001
qp,p32i16,ip_seq,275,0.041709,false,0.0001
qp,p32i16,ip_seq,276,0.002136,false,0.0001
qp,p32i16,ip_seq,277,0.005134,false,0.0001
qp,p32i16,ip_seq,278,0.024239,false,0.0001
qp,p32i16,ip_seq,279,0.021345,false,0.0001
qp,p32i16,ip_seq,280,0.030329,false,0.0001
qp,p32i16,ip_seq,281,0.002047,false,0.0001
qp,p32i16,ip_seq,282,0.028551,false,0.0001
qp,p32i16,ip_seq,283,0.0315,false,0.0001
qp,p32i16,ip_seq,284,0.030733,false,0.0001
qp,p32i16,ip_seq,285,0.02543,false,0.0001
qp,p32i16,ip_seq,286,0.000933,true,0.0001
qp,p32i16,ip_seq,287,0.002267,false,0.0001
qp,p32i16,ip_seq,288,0.001971,false,0.0001
qp,p32i16,ip_seq,289,0.042307,false,0.0001
qp,p32i16,ip_seq,290,0.000774,true,0.0001
qp,p32i16,ip_seq,291,0.000925,true,0.0001
qp,p32i16,ip_seq,292,0.000837,true,0.0001
qp,p32i16,ip_seq,293,0.002588,true,0.0001
qp,p32i16,ip_seq,294,0.025895,false,0.0001
qp,p32i16,ip_seq,295,0.000889,true,0.0001
qp,p32i16,ip_seq,296,0.000898,true,0.0001
qp,p32i16,ip_seq,297,0.000796,true,0.0001
qp,p32i16,ip_seq,298,0.045195,false,0.0001
qp,p32i16,ip_seq,299,0.000977,true,0.0001
qp,p32i16,ip_seq,300,0.038821,false,0.0001
qp,p32i16,ip_seq,301,0.000943,true,0.0001
qp,p32i16,ip_seq,302,0.023077,false,0.0001
qp,p32i16,ip_seq,303,0.038181,false,0.0001
qp,p32i16,ip_seq,304,0.002117,false,0.0001
qp,p32i16,ip_seq,305,0.041076,false,0.0001
qp,p32i16,ip_seq,306,0.000899,true,0.0001
qp,p32i16,ip_seq,307,0.000946,true,0.0001
qp,p32i16,ip_seq,308,0.021817,false,0.0001
qp,p32i16,ip_seq,309,0.027092,false,0.0001
qp,p32i16,ip_seq,310,0.03548,false,0.0001
qp,p32i16,ip_seq,311,0.002192,false,0.0001
qp,p32i16,ip_seq,312,0.001928,false,0.0001
qp,p32i16,ip_seq,313,0.002461,false,0.0001
qp,p32i16,ip_seq,314,0.041309,false,0.0001
qp,p32i16,ip_seq,315,0.040325,false,0.0001
qp,p32i16,ip_seq,316,0.000902,true,0.0001
qp,p32i16,ip_seq,317,0.000954,true,0.0001
qp,p32i16,ip_seq,318,0.002712,true,0.0001
qp,p32i16,ip_seq,319,0.000805,true,0.0001
qp,p32i16,ip_seq,320,0.00174,false,0.0001
qp,p32i16,ip_seq,321,0.001241,true,0.0001
qp,p32i16,ip_seq,322,0.000892,true,0.0001
qp,p32i16,ip_seq,323,0.023493,false,0.0001
qp,p32i16,ip_seq,324,0.002737,true,0.0001
qp,p32i16,ip_seq,325,0.023761,false,0.0001
qp,p32i16,ip_seq,326,0.000849,true,0.0001
qp,p32i16,ip_seq,327,0.002021,false,0.0001
qp,p32i16,ip_seq,328,0.000681,true,0.0001
qp,p32i16,ip_seq,329,0.000626,true,0.0001
qp,p32i16,ip_seq,330,0.000925,true,0.0001
qp,p32i16,ip_seq,331,0.002536,false,0.0001
qp,p32i16,ip_seq,332,0.040308,false,0.0001
qp,p32i16,ip_seq,333,0.033959,false,0.0001
qp,p32i16,ip_seq,334,0.029843,false,0.0001
qp,p32i16,ip_seq,335,0.000914,true,0.0001
qp,p32i16,ip_seq,336,0.000897,true,0.0001
qp,p32i16,ip_seq,337,0.004254,false,0.0001
qp,p32i16,ip_seq,338,0.000734,true,0.0001
qp,p32i16,ip_seq,339,0.000765,true,0.0001
qp,p32i16,ip_seq,340,0.000819,true,0.0001
qp,p32i16,ip_seq,341,0.000699,true,0.0001
qp,p32i16,ip_seq,342,0.022637,false,0.0001
qp,p32i16,ip_seq,343,0.024132,false,0.0001
qp,p32i16,ip_seq,344,0.000942,true,0.0001
qp,p32i16,ip_seq,345,0.000609,true,0.0001
qp,p32i16,ip_seq,346,0.037479,false,0.0001
qp,p32i16,ip_seq,347,0.024721,false,0.0001
qp,p32i16,ip_seq,348,0.004826,false,0.0001
qp,p32i16,ip_seq,349,0.000825,true,0.0001
qp,p32i16,ip_seq,350,0.00793,false,0.0001
qp,p32i16,ip_seq,351,0.036836,false,0.0001
qp,p32i16,ip_seq,352,0.041664,false,0.0001
qp,p32i16,ip_seq,353,0.000792,true,0.0001
qp,p32i16,ip_seq,354,0.038658,false,0.0001
qp,p32i16,ip_seq,355,0.000868,true,0.0001
qp,p32i16,ip_seq,356,0.001909,false,0.0001
qp,p32i16,ip_seq,357,0.041146,false,0.0001
qp,p32i16,ip_seq,358,0.022896,false,0.0001
qp,p32i16,ip_seq,359,0.040372,false,0.0001
qp,p32i16,ip_seq,360,0.023195,false,0.0001
qp,p32i16,ip_seq,361,0.000983,true,0.0001
qp,p32i16,ip_seq,362,0.001041,true,0.0001
qp,p32i16,ip_seq,363,0.002227,false,0.0001
qp,p32i16,ip_seq,364,0.027688,false,0.0001
qp,p32i16,ip_seq,365,0.002308,false,0.0001
qp,p32i16,ip_seq,366,0.002696,false,0.0001
qp,p32i16,ip_seq,367,0.045047,false,0.0001
qp,p32i16,ip_seq,368,0.038807,false,0.0001
qp,p32i16,ip_seq,369,0.015725,false,0.0001
qp,p32i16,ip_seq,370,0.003759,true,0.0001
qp,p32i16,ip_seq,371,0.000729,true,0.0001
qp,p32i16,ip_seq,372,0.021546,false,0.0001
qp,p32i16,ip_seq,373,0.000887,true,0.0001
qp,p32i16,ip_seq,374,0.000756,true,0.0001
qp,p32i16,ip_seq,375,0.036783,false,0.0001
qp,p32i16,ip_seq,376,0.002906,true,0.0001
qp,p32i16,ip_seq,377,0.038233,false,0.0001
qp,p32i16,ip_seq,378,0.027685,false,0.0001
qp,p32i16,ip_seq,379,0.001005,true,0.0001
qp,p32i16,ip_seq,380,0.001919,false,0.0001
qp,p32i16,ip_seq,381,0.000699,true,0.0001
qp,p32i16,ip_seq,382,0.000883,true,0.0001
qp,p32i16,ip_seq,383,0.000845,true,0.0001
qp,p32i16,ip_seq,384,0.047952,false,0.0001
qp,p32i16,ip_seq,385,0.002715,true,0.0001
qp,p32i16,ip_seq,386,0.041664,false,0.0001
qp,p32i16,ip_seq,387,0.042975,false,0.0001
qp,p32i16,ip_seq,388,0.002107,false,0.0001
qp,p32i16,ip_seq,389,0.000678,true,0.0001
qp,p32i16,ip_seq,390,0.000873,true,0.0001
qp,p32i16,ip_seq,391,0.00252,false,0.0001
qp,p32i16,ip_seq,392,0.037688,false,0.0001
qp,p32i16,ip_seq,393,0.000819,true,0.0001
qp,p32i16,ip_seq,394,0.000776,true,0.0001
qp,p32i16,ip_seq,395,0.02308,false,0.0001
qp,p32i16,ip_seq,396,0.000999,true,0.0001
qp,p32i16,ip_seq,397,0.052622,false,0.0001
qp,p32i16,ip_seq,398,0.000723,true,0.0001
qp,p32i16,ip_seq,399,0.03798,false,0.0001
qp,p32i16,ip_seq,400,0.035363,false,0.0001
qp,p32i16,ip_seq,401,0.022409,false,0.0001
qp,p32i16,ip_seq,402,0.000828,true,0.0001
qp,p32i16,ip_seq,403,0.004084,false,0.0001
qp,p32i16,ip_seq,404,0.000792,true,0.0001
qp,p32i16,ip_seq,405,0.026061,false,0.0001
qp,p32i16,ip_seq,406,0.006351,false,0.0001
qp,p32i16,ip_seq,407,0.023592,false,0.0001
qp,p32i16,ip_seq,408,0.037305,false,0.0001
qp,p32i16,ip_seq,409,0.043667,false,0.0001
qp,p32i16,ip_seq,410,0.002462,false,0.0001
qp,p32i16,ip_seq,411,0.000947,true,0.0001
qp,p32i16,ip_seq,412,0.025668,false,0.0001
qp,p32i16,ip_seq,413,0.037468,false,0.0001
qp,p32i16,ip_seq,414,0.024923,false,0.0001
qp,p32i16,ip_seq,415,0.002128,false,0.0001
qp,p32i16,ip_seq,416,0.000846,true,0.0001
qp,p32i16,ip_seq,417,0.002009,false,0.0001
qp,p32i16,ip_seq,418,0.034837,false,0.0001
qp,p32i16,ip_seq,419,0.025989,false,0.0001
qp,p32i16,ip_seq,420,0.000747,true,0.0001
qp,p32i16,ip_seq,421,0.035718,false,0.0001
qp,p32i16,ip_seq,422,0.022509,false,0.0001
qp,p32i16,ip_seq,423,0.039698,false,0.0001
qp,p32i16,ip_seq,424,0.000934,true,0.0001
qp,p32i16,ip_seq,425,0.000703,true,0.0001
qp,p32i16,ip_seq,426,0.039632,false,0.0001
qp,p32i16,ip_seq,427,0.000718,true,0.0001
qp,p32i16,ip_seq,428,0.000757,true,0.0001
qp,p32i16,ip_seq,429,0.00539,false,0.0001
qp,p32i16,ip_seq,430,0.000715,true,0.0001
qp,p32i16,ip_seq,431,0.000766,true,0.0001
qp,p32i16,ip_seq,432,0.037377,false,0.0001
qp,p32i16,ip_seq,433,0.000885,true,0.0001
qp,p32i16,ip_seq,434,0.000802,true,0.0001
qp,p32i16,ip_seq,435,0.000788,true,0.0001
qp,p32i16,ip_seq,436,0.002165,false,0.0001
qp,p32i16,ip_seq,437,0.001988,false,0.0001
qp,p32i16,ip_seq,438,0.000825,true,0.0001
qp,p32i16,ip_seq,439,0.000978,true,0.0001
qp,p32i16,ip_seq,440,0.000664,true,0.0001
qp,p32i16,ip_seq,441,0.04815,false,0.0001
qp,p32i16,ip_seq,442,0.00083,true,0.0001
qp,p32i16,ip_seq,443,0.000874,true,0.0001
qp,p32i16,ip_seq,444,0.032918,false,0.0001
qp,p32i16,ip_seq,445,0.041023,false,0.0001
qp,p32i16,ip_seq,446,0.040949,false,0.0001
qp,p32i16,ip_seq,447,0.042242,false,0.0001
qp,p32i16,ip_seq,448,0.000856,true,0.0001
qp,p32i16,ip_seq,449,0.001079,true,0.0001
qp,p32i16,ip_seq,450,0.000634,true,0.0001
qp,p32i16,ip_seq,451,0.000664,true,0.0001
qp,p32i16,ip_seq,452,0.0373,true,0.0001
qp,p32i16,ip_seq,453,0.035757,false,0.0001
qp,p32i16,ip_seq,454,0.000793,true,0.0001
qp,p32i16,ip_seq,455,0.000622,true,0.0001
qp,p32i16,ip_seq,456,0.000969,true,0.0001
qp,p32i16,ip_seq,457,0.038401,false,0.0001
qp,p32i16,ip_seq,458,0.002661,true,0.0001
qp,p32i16,ip_seq,459,0.000799,true,0.0001
qp,p32i16,ip_seq,460,0.027067,false,0.0001
qp,p32i16,ip_seq,461,0.004379,false,0.0001
qp,p32i16,ip_seq,462,0.001047,true,0.0001
qp,p32i16,ip_seq,463,0.000799,true,0.0001
qp,p32i16,ip_seq,464,0.000629,true,0.0001
qp,p32i16,ip_seq,465,0.023467,false,0.0001
qp,p32i16,ip_seq,466,0.002397,false,0.0001
qp,p32i16,ip_seq,467,0.0028,true,0.0001
qp,p32i16,ip_seq,468,0.000754,true,0.0001
qp,p32i16,ip_seq,469,0.000701,true,0.0001
qp,p32i16,ip_seq,470,0.035809,false,0.0001
qp,p32i16,ip_seq,471,0.045094,false,0.0001
qp,p32i16,ip_seq,472,0.000796,true,0.0001
qp,p32i16,ip_seq,473,0.038173,false,0.0001
qp,p32i16,ip_seq,474,0.000869,true,0.0001
qp,p32i16,ip_seq,475,0.026036,false,0.0001
qp,p32i16,ip_seq,476,0.004262,false,0.0001
qp,p32i16,ip_seq,477,0.0021,false,0.0001
qp,p32i16,ip_seq,478,0.000716,true,0.0001
qp,p32i16,ip_seq,479,0.000725,true,0.0001
qp,p32i16,ip_seq,480,0.002324,false,0.0001
qp,p32i16,ip_seq,481,0.000853,true,0.0001
qp,p32i16,ip_seq,482,0.039574,false,0.0001
qp,p32i16,ip_seq,483,0.039634,false,0.0001
qp,p32i16,ip_seq,484,0.001921,false,0.0001
qp,p32i16,ip_seq,485,0.00062,true,0.0001
qp,p32i16,ip_seq,486,0.041598,false,0.0001
qp,p32i16,ip_seq,487,0.000912,true,0.0001
qp,p32i16,ip_seq,488,0.002299,false,0.0001
qp,p32i16,ip_seq,489,0.000802,true,0.0001
qp,p32i16,ip_seq,490,0.039015,false,0.0001
qp,p32i16,ip_seq,491,0.000848,true,0.0001
qp,p32i16,ip_seq,492,0.002169,false,0.0001
qp,p32i16,ip_seq,493,0.000805,true,0.0001
qp,p32i16,ip_seq,494,0.028775,false,0.0001
qp,p32i16,ip_seq,495,0.000804,true,0.0001
qp,p32i16,ip_seq,496,0.00207,false,0.0001
qp,p32i16,ip_seq,497,0.025442,false,0.0001
qp,p32i16,ip_seq,498,0.041955,false,0.0001
qp,p32i16,ip_seq,499,0.026151,false,0.0001
qp,p32i16,ip_seq,500,0.000876,true,0.0001
qp,p32i16,ip_seq,501,0.000718,true,0.0001
qp,p32i16,ip_seq,502,0.029451,false,0.0001
qp,p32i16,ip_seq,503,0.000806,true,0.0001
qp,p32i16,ip_seq,504,0.034965,false,0.0001
qp,p32i16,ip_seq,505,0.037219,false,0.0001
qp,p32i16,ip_seq,506,0.023565,false,0.0001
qp,p32i16,ip_seq,507,0.004495,false,0.0001
qp,p32i16,ip_seq,508,0.000738,true,0.0001
qp,p32i16,ip_seq,509,0.037936,false,0.0001
qp,p32i16,ip_seq,510,0.000784,true,0.0001
qp,p32i16,ip_seq,511,0.001963,false,0.0001
qp,p32i16,ip_seq,512,0.000743,true,0.0001
qp,p32i16,ip_seq,513,0.025105,false,0.0001
qp,p32i16,ip_seq,514,0.000785,true,0.0001
qp,p32i16,ip_seq,515,0.002926,true,0.0001
qp,p32i16,ip_seq,516,0.001042,true,0.0001
qp,p32i16,ip_seq,517,0.001243,true,0.0001
qp,p32i16,ip_seq,518,0.000801,true,0.0001
qp,p32i16,ip_seq,519,0.000912,true,0.0001
qp,p32i16,ip_seq,520,0.039961,false,0.0001
qp,p32i16,ip_seq,521,0.000926,true,0.0001
qp,p32i16,ip_seq,522,0.034158,false,0.0001
qp,p32i16,ip_seq,523,0.000849,true,0.0001
qp,p32i16,ip_seq,524,0.038294,false,0.0001
qp,p32i16,ip_seq,525,0.035871,false,0.0001
qp,p32i16,ip_seq,526,0.00069,true,0.0001
qp,p32i16,ip_seq,527,0.024786,false,0.0001
qp,p32i16,ip_seq,528,0.000958,true,0.0001
qp,p32i16,ip_seq,529,0.000786,true,0.0001
qp,p32i16,ip_seq,530,0.000835,true,0.0001
qp,p32i16,ip_seq,531,0.002396,false,0.0001
qp,p32i16,ip_seq,532,0.096992,false,0.0001
qp,p32i16,ip_seq,533,0.105556,false,0.0001
qp,p32i16,ip_seq,534,0.036189,false,0.0001
qp,p32i16,ip_seq,535,0.002005,false,0.0001
qp,p32i16,ip_seq,536,0.036797,false,0.0001
qp,p32i16,ip_seq,537,0.038641,false,0.0001
qp,p32i16,ip_seq,538,0.002182,false,0.0001
qp,p32i16,ip_seq,539,0.041647,false,0.0001
qp,p32i16,ip_seq,540,0.002069,true,0.0001
qp,p32i16,ip_seq,541,0.000784,true,0.0001
qp,p32i16,ip_seq,542,0.00078,true,0.0001
qp,p32i16,ip_seq,543,0.001934,false,0.0001
qp,p32i16,ip_seq,544,0.002143,true,0.0001
qp,p32i16,ip_seq,545,0.001969,false,0.0001
qp,p32i16,ip_seq,546,0.000805,true,0.0001
qp,p32i16,ip_seq,547,0.036228,false,0.0001
qp,p32i16,ip_seq,548,0.000823,true,0.0001
qp,p32i16,ip_seq,549,0.000899,true,0.0001
qp,p32i16,ip_seq,550,0.00091,true,0.0001
qp,p32i16,ip_seq,551,0.022473,false,0.0001
qp,p32i16,ip_seq,552,0.002096,false,0.0001
qp,p32i16,ip_seq,553,0.000703,true,0.0001
qp,p32i16,ip_seq,554,0.00555,true,0.0001
qp,p32i16,ip_seq,555,0.042962,false,0.0001
qp,p32i16,ip_seq,556,0.002447,false,0.0001
qp,p32i16,ip_seq,557,0.033063,false,0.0001
qp,p32i16,ip_seq,558,0.024482,false,0.0001
qp,p32i16,ip_seq,559,0.037337,false,0.0001
qp,p32i16,ip_seq,560,0.000789,true,0.0001
qp,p32i16,ip_seq,561,0.000805,true,0.0001
qp,p32i16,ip_seq,562,0.002474,false,0.0001
qp,p32i16,ip_seq,563,0.002038,false,0.0001
qp,p32i16,ip_seq,564,0.000656,true,0.0001
qp,p32i16,ip_seq,565,0.002263,false,0.0001
qp,p32i16,ip_seq,566,0.037287,false,0.0001
qp,p32i16,ip_seq,567,0.000784,true,0.0001
qp,p32i16,ip_seq,568,0.045556,false,0.0001
qp,p32i16,ip_seq,569,0.043953,false,0.0001
qp,p32i16,ip_seq,570,0.027538,false,0.0001
qp,p32i16,ip_seq,571,0.037634,false,0.0001
qp,p32i16,ip_seq,572,0.043472,false,0.0001
qp,p32i16,ip_seq,573,0.002177,false,0.0001
qp,p32i16,ip_seq,574,0.000951,true,0.0001
qp,p32i16,ip_seq,575,0.036589,false,0.0001
qp,p32i16,ip_seq,576,0.035068,false,0.0001
qp,p32i16,ip_seq,577,0.002204,false,0.0001
qp,p32i16,ip_seq,578,0.000814,true,0.0001
qp,p32i16,ip_seq,579,0.016787,false,0.0001
qp,p32i16,ip_seq,580,0.000726,true,0.0001
qp,p32i16,ip_seq,581,0.044328,false,0.0001
qp,p32i16,ip_seq,582,0.002249,false,0.0001
qp,p32i16,ip_seq,583,0.001371,true,0.0001
qp,p32i16,ip_seq,584,0.000916,true,0.0001
qp,p32i16,ip_seq,585,0.001024,true,0.0001
qp,p32i16,ip_seq,586,0.040273,false,0.0001
qp,p32i16,ip_seq,587,0.024762,false,0.0001
qp,p32i16,ip_seq,588,0.001119,true,0.0001
qp,p32i16,ip_seq,589,0.00108,true,0.0001
qp,p32i16,ip_seq,590,0.000894,true,0.0001
qp,p32i16,ip_seq,591,0.000738,true,0.0001
qp,p32i16,ip_seq,592,0.001204,true,0.0001
qp,p32i16,ip_seq,593,0.037351,false,0.0001
qp,p32i16,ip_seq,594,0.000788,true,0.0001
qp,p32i16,ip_seq,595,0.000573,true,0.0001
qp,p32i16,ip_seq,596,0.004565,false,0.0001
qp,p32i16,ip_seq,597,0.000891,true,0.0001
qp,p32i16,ip_seq,598,0.000929,true,0.0001
qp,p32i16,ip_seq,599,0.000902,true,0.0001
qp,p32i16,ip_seq,600,0.000784,true,0.0001
qp,p32i16,ip_seq,601,0.022622,false,0.0001
qp,p32i16,ip_seq,602,0.000755,true,0.0001
qp,p32i16,ip_seq,603,0.002358,false,0.0001
qp,p32i16,ip_seq,604,0.004359,false,0.0001
qp,p32i16,ip_seq,605,0.000719,true,0.0001
qp,p32i16,ip_seq,606,0.035809,false,0.0001
qp,p32i16,ip_seq,607,0.028379,false,0.0001
qp,p32i16,ip_seq,608,0.041826,false,0.0001
qp,p32i16,ip_seq,609,0.048685,false,0.0001
qp,p32i16,ip_seq,610,0.041747,false,0.0001
qp,p32i16,ip_seq,611,0.000782,true,0.0001
qp,p32i16,ip_seq,612,0.03815,false,0.0001
qp,p32i16,ip_seq,613,0.026605,false,0.0001
qp,p32i16,ip_seq,614,0.000946,true,0.0001
qp,p32i16,ip_seq,615,0.016377,true,0.0001
qp,p32i16,ip_seq,616,0.035374,false,0.0001
qp,p32i16,ip_seq,617,0.000621,true,0.0001
qp,p32i16,ip_seq,618,0.000732,true,0.0001
qp,p32i16,ip_seq,619,0.026579,false,0.0001
qp,p32i16,ip_seq,620,0.000638,true,0.0001
qp,p32i16,ip_seq,621,0.000821,true,0.0001
qp,p32i16,ip_seq,622,0.002149,false,0.0001
qp,p32i16,ip_seq,623,0.000637,true,0.0001
qp,p32i16,ip_seq,624,0.037539,false,0.0001
qp,p32i16,ip_seq,625,0.000851,true,0.0001
qp,p32i16,ip_seq,626,0.02335,false,0.0001
qp,p32i16,ip_seq,627,0.024874,false,0.0001
qp,p32i16,ip_seq,628,0.04032,false,0.0001
qp,p32i16,ip_seq,629,0.000816,true,0.0001
qp,p32i16,ip_seq,630,0.000958,true,0.0001
qp,p32i16,ip_seq,631,0.024433,false,0.0001
qp,p32i16,ip_seq,632,0.000975,true,0.0001
qp,p32i16,ip_seq,633,0.001814,false,0.0001
qp,p32i16,ip_seq,634,0.035869,false,0.0001
qp,p32i16,ip_seq,635,0.027315,false,0.0001
qp,p32i16,ip_seq,636,0.000853,true,0.0001
qp,p32i16,ip_seq,637,0.026772,false,0.0001
qp,p32i16,ip_seq,638,0.00064,true,0.0001
qp,p32i16,ip_seq,639,0.045659,false,0.0001
qp,p32i16,ip_seq,640,0.001041,true,0.0001
qp,p32i16,ip_seq,641,0.038985,false,0.0001
qp,p32i16,ip_seq,642,0.00078,true,0.0001
qp,p32i16,ip_seq,643,0.002775,false,0.0001
qp,p32i16,ip_seq,644,0.025281,false,0.0001
qp,p32i16,ip_seq,645,0.037528,false,0.0001
qp,p32i16,ip_seq,646,0.002207,false,0.0001
qp,p32i16,ip_seq,647,0.036372,false,0.0001
qp,p32i16,ip_seq,648,0.038175,false,0.0001
qp,p32i16,ip_seq,649,0.034934,false,0.0001
qp,p32i16,ip_seq,650,0.002645,false,0.0001
qp,p32i16,ip_seq,651,0.002057,false,0.0001
qp,p32i16,ip_seq,652,0.002638,false,0.0001
qp,p32i16,ip_seq,653,0.004036,false,0.0001
qp,p32i16,ip_seq,654,0.02143,false,0.0001
qp,p32i16,ip_seq,655,0.039709,false,0.0001
qp,p32i16,ip_seq,656,0.037416,false,0.0001
qp,p32i16,ip_seq,657,0.000771,true,0.0001
qp,p32i16,ip_seq,658,0.028425,false,0.0001
qp,p32i16,ip_seq,659,0.000833,true,0.0001
qp,p32i16,ip_seq,660,0.002078,false,0.0001
qp,p32i16,ip_seq,661,0.040999,false,0.0001
qp,p32i16,ip_seq,662,0.000929,true,0.0001
qp,p32i16,ip_seq,663,0.038868,false,0.0001
qp,p32i16,ip_seq,664,0.037264,false,0.0001
qp,p32i16,ip_seq,665,0.000706,true,0.0001
qp,p32i16,ip_seq,666,0.000933,true,0.0001
qp,p32i16,ip_seq,667,0.000995,true,0.0001
qp,p32i16,ip_seq,668,0.035667,false,0.0001
qp,p32i16,ip_seq,669,0.040335,false,0.0001
qp,p32i16,ip_seq,670,0.00207,false,0.0001
qp,p32i16,ip_seq,671,0.036686,false,0.0001
qp,p32i16,ip_seq,672,0.000753,true,0.0001
qp,p32i16,ip_seq,673,0.002896,true,0.0001
qp,p32i16,ip_seq,674,0.026151,false,0.0001
qp,p32i16,ip_seq,675,0.001956,false,0.0001
qp,p32i16,ip_seq,676,0.004489,false,0.0001
qp,p32i16,ip_seq,677,0.039167,false,0.0001
qp,p32i16,ip_seq,678,0.000915,true,0.0001
qp,p32i16,ip_seq,679,0.03998,false,0.0001
qp,p32i16,ip_seq,680,0.035863,false,0.0001
qp,p32i16,ip_seq,681,0.034655,false,0.0001
qp,p32i16,ip_seq,682,0.000817,true,0.0001
qp,p32i16,ip_seq,683,0.040457,false,0.0001
qp,p32i16,ip_seq,684,0.000631,true,0.0001
qp,p32i16,ip_seq,685,0.040837,false,0.0001
qp,p32i16,ip_seq,686,0.000706,true,0.0001
qp,p32i16,ip_seq,687,0.000742,true,0.0001
qp,p32i16,ip_seq,688,0.000865,true,0.0001
qp,p32i16,ip_seq,689,0.000762,true,0.0001
qp,p32i16,ip_seq,690,0.044772,false,0.0001
qp,p32i16,ip_seq,691,0.029911,false,0.0001
qp,p32i16,ip_seq,692,0.026933,false,0.0001
qp,p32i16,ip_seq,693,0.00074,true,0.0001
qp,p32i16,ip_seq,694,0.001895,false,0.0001
qp,p32i16,ip_seq,695,0.00064,true,0.0001
qp,p32i16,ip_seq,696,0.042237,false,0.0001
qp,p32i16,ip_seq,697,0.036833,false,0.0001
qp,p32i16,ip_seq,698,0.019458,true,0.0001
qp,p32i16,ip_seq,699,0.040623,false,0.0001
qp,p32i16,ip_seq,700,0.002346,false,0.0001
qp,p32i16,ip_seq,701,0.045812,false,0.0001
qp,p32i16,ip_seq,702,0.045627,false,0.0001
qp,p32i16,ip_seq,703,0.000617,true,0.0001
qp,p32i16,ip_seq,704,0.026106,false,0.0001
qp,p32i16,ip_seq,705,0.000719,true,0.0001
qp,p32i16,ip_seq,706,0.000808,true,0.0001
qp,p32i16,ip_seq,707,0.000768,true,0.0001
qp,p32i16,ip_seq,708,0.000966,true,0.0001
qp,p32i16,ip_seq,709,0.000832,true,0.0001
qp,p32i16,ip_seq,710,0.026316,false,0.0001
qp,p32i16,ip_seq,711,0.00057,true,0.0001
qp,p32i16,ip_seq,712,0.036983,false,0.0001
qp,p32i16,ip_seq,713,0.000906,true,0.0001
qp,p32i16,ip_seq,714,0.000844,true,0.0001
qp,p32i16,ip_seq,715,0.001994,false,0.0001
qp,p32i16,ip_seq,716,0.001933,false,0.0001
qp,p32i16,ip_seq,717,0.000806,true,0.0001
qp,p32i16,ip_seq,718,0.00436,false,0.0001
qp,p32i16,ip_seq,719,0.039428,false,0.0001
qp,p32i16,ip_seq,720,0.000913,true,0.0001
qp,p32i16,ip_seq,721,0.041553,false,0.0001
qp,p32i16,ip_seq,722,0.000932,true,0.0001
qp,p32i16,ip_seq,723,0.027718,false,0.0001
qp,p32i16,ip_seq,724,0.000802,true,0.0001
qp,p32i16,ip_seq,725,0.024937,false,0.0001
qp,p32i16,ip_seq,726,0.001974,false,0.0001
qp,p32i16,ip_seq,727,0.038566,false,0.0001
qp,p32i16,ip_seq,728,0.000801,true,0.0001
qp,p32i16,ip_seq,729,0.029346,false,0.0001
qp,p32i16,ip_seq,730,0.03961,false,0.0001
qp,p32i16,ip_seq,731,0.000977,true,0.0001
qp,p32i16,ip_seq,732,0.000876,true,0.0001
qp,p32i16,ip_seq,733,0.000712,true,0.0001
qp,p32i16,ip_seq,734,0.000765,true,0.0001
qp,p32i16,ip_seq,735,0.003126,true,0.0001
qp,p32i16,ip_seq,736,0.037585,false,0.0001
qp,p32i16,ip_seq,737,0.024198,false,0.0001
qp,p32i16,ip_seq,738,0.002254,false,0.0001
qp,p32i16,ip_seq,739,0.028102,false,0.0001
qp,p32i16,ip_seq,740,0.000811,true,0.0001
qp,p32i16,ip_seq,741,0.000771,true,0.0001
qp,p32i16,ip_seq,742,0.000613,true,0.0001
qp,p32i16,ip_seq,743,0.024074,false,0.0001
qp,p32i16,ip_seq,744,0.036527,false,0.0001
qp,p32i16,ip_seq,745,0.037364,false,0.0001
qp,p32i16,ip_seq,746,0.043131,false,0.0001
qp,p32i16,ip_seq,747,0.00192,false,0.0001
qp,p32i16,ip_seq,748,0.000717,true,0.0001
qp,p32i16,ip_seq,749,0.000941,true,0.0001
qp,p32i16,ip_seq,750,0.000837,true,0.0001
qp,p32i16,ip_seq,751,0.000897,true,0.0001
qp,p32i16,ip_seq,752,0.027569,false,0.0001
qp,p32i16,ip_seq,753,0.002275,false,0.0001
qp,p32i16,ip_seq,754,0.024362,false,0.0001
qp,p32i16,ip_seq,755,0.003025,true,0.0001
qp,p32i16,ip_seq,756,0.000896,true,0.0001
qp,p32i16,ip_seq,757,0.002269,false,0.0001
qp,p32i16,ip_seq,758,0.038838,false,0.0001
qp,p32i16,ip_seq,759,0.002089,false,0.0001
qp,p32i16,ip_seq,760,0.004117,false,0.0001
qp,p32i16,ip_seq,761,0.024741,false,0.0001
qp,p32i16,ip_seq,762,0.000928,true,0.0001
qp,p32i16,ip_seq,763,0.002323,false,0.0001
qp,p32i16,ip_seq,764,0.045915,false,0.0001
qp,p32i16,ip_seq,765,0.000851,true,0.0001
qp,p32i16,ip_seq,766,0.043537,false,0.0001
qp,p32i16,ip_seq,767,0.037545,false,0.0001
qp,p32i16,ip_seq,768,0.039955,false,0.0001
qp,p32i16,ip_seq,769,0.002291,false,0.0001
qp,p32i16,ip_seq,770,0.004144,false,0.0001
qp,p32i16,ip_seq,771,0.000765,true,0.0001
qp,p32i16,ip_seq,772,0.038221,false,0.0001
qp,p32i16,ip_seq,773,0.040466,false,0.0001
qp,p32i16,ip_seq,774,0.002312,false,0.0001
qp,p32i16,ip_seq,775,0.026495,false,0.0001
qp,p32i16,ip_seq,776,0.023284,false,0.0001
qp,p32i16,ip_seq,777,0.022672,false,0.0001
qp,p32i16,ip_seq,778,0.00225,false,0.0001
qp,p32i16,ip_seq,779,0.040292,false,0.0001
qp,p32i16,ip_seq,780,0.000891,true,0.0001
qp,p32i16,ip_seq,781,0.000642,true,0.0001
qp,p32i16,ip_seq,782,0.002476,true,0.0001
qp,p32i16,ip_seq,783,0.035022,false,0.0001
qp,p32i16,ip_seq,784,0.041606,false,0.0001
qp,p32i16,ip_seq,785,0.00087,true,0.0001
qp,p32i16,ip_seq,786,0.00468,true,0.0001
qp,p32i16,ip_seq,787,0.000746,true,0.0001
qp,p32i16,ip_seq,788,0.001781,false,0.0001
qp,p32i16,ip_seq,789,0.038432,false,0.0001
qp,p32i16,ip_seq,790,0.042281,false,0.0001
qp,p32i16,ip_seq,791,0.024315,false,0.0001
qp,p32i16,ip_seq,792,0.037168,false,0.0001
qp,p32i16,ip_seq,793,0.03369,false,0.0001
qp,p32i16,ip_seq,794,0.000966,true,0.0001
qp,p32i16,ip_seq,795,0.021363,false,0.0001
qp,p32i16,ip_seq,796,0.002144,false,0.0001
qp,p32i16,ip_seq,797,0.001026,true,0.0001
qp,p32i16,ip_seq,798,0.002839,true,0.0001
qp,p32i16,ip_seq,799,0.038243,false,0.0001
qp,p32i16,ip_seq,800,0.00076,true,0.0001
qp,p32i16,ip_seq,801,0.02685,false,0.0001
qp,p32i16,ip_seq,802,0.000915,true,0.0001
qp,p32i16,ip_seq,803,0.000907,true,0.0001
qp,p32i16,ip_seq,804,0.000644,true,0.0001
qp,p32i16,ip_seq,805,0.000784,true,0.0001
qp,p32i16,ip_seq,806,0.00079,true,0.0001
qp,p32i16,ip_seq,807,0.022963,false,0.0001
qp,p32i16,ip_seq,808,0.037009,false,0.0001
qp,p32i16,ip_seq,809,0.000779,true,0.0001
qp,p32i16,ip_seq,810,0.043323,false,0.0001
qp,p32i16,ip_seq,811,0.00103,true,0.0001
qp,p32i16,ip_seq,812,0.001631,false,0.0001
qp,p32i16,ip_seq,813,0.000786,true,0.0001
qp,p32i16,ip_seq,814,0.023846,false,0.0001
qp,p32i16,ip_seq,815,0.000689,true,0.0001
qp,p32i16,ip_seq,816,0.038359,false,0.0001
qp,p32i16,ip_seq,817,0.0008,true,0.0001
qp,p32i16,ip_seq,818,0.000651,true,0.0001
qp,p32i16,ip_seq,819,0.037915,false,0.0001
qp,p32i16,ip_seq,820,0.00116,true,0.0001
qp,p32i16,ip_seq,821,0.022393,false,0.0001
qp,p32i16,ip_seq,822,0.00116,true,0.0001
qp,p32i16,ip_seq,823,0.000904,true,0.0001
qp,p32i16,ip_seq,824,0.000893,true,0.0001
qp,p32i16,ip_seq,825,0.000856,true,0.0001
qp,p32i16,ip_seq,826,0.002252,false,0.0001
qp,p32i16,ip_seq,827,0.000887,true,0.0001
qp,p32i16,ip_seq,828,0.000704,true,0.0001
qp,p32i16,ip_seq,829,0.00286,false,0.0001
qp,p32i16,ip_seq,830,0.002059,false,0.0001
qp,p32i16,ip_seq,831,0.000813,true,0.0001
qp,p32i16,ip_seq,832,0.045796,false,0.0001
qp,p32i16,ip_seq,833,0.038624,false,0.0001
qp,p32i16,ip_seq,834,0.004081,false,0.0001
qp,p32i16,ip_seq,835,0.021159,false,0.0001
qp,p32i16,ip_seq,836,0.038268,false,0.0001
qp,p32i16,ip_seq,837,0.037748,false,0.0001
qp,p32i16,ip_seq,838,0.022564,false,0.0001
qp,p32i16,ip_seq,839,0.005284,false,0.0001
qp,p32i16,ip_seq,840,0.001135,true,0.0001
qp,p32i16,ip_seq,841,0.00202,false,0.0001
qp,p32i16,ip_seq,842,0.039749,false,0.0001
qp,p32i16,ip_seq,843,0.000845,true,0.0001
qp,p32i16,ip_seq,844,0.000772,true,0.0001
qp,p32i16,ip_seq,845,0.000659,true,0.0001
qp,p32i16,ip_seq,846,0.029583,false,0.0001
qp,p32i16,ip_seq,847,0.025142,false,0.0001
qp,p32i16,ip_seq,848,0.000744,true,0.0001
qp,p32i16,ip_seq,849,0.038632,false,0.0001
qp,p32i16,ip_seq,850,0.00185,false,0.0001
qp,p32i16,ip_seq,851,0.000832,true,0.0001
qp,p32i16,ip_seq,852,0.000747,true,0.0001
qp,p32i16,ip_seq,853,0.001031,true,0.0001
qp,p32i16,ip_seq,854,0.037601,false,0.0001
qp,p32i16,ip_seq,855,0.02659,false,0.0001
qp,p32i16,ip_seq,856,0.029871,false,0.0001
qp,p32i16,ip_seq,857,0.000863,true,0.0001
qp,p32i16,ip_seq,858,0.000816,true,0.0001
qp,p32i16,ip_seq,859,0.000716,true,0.0001
qp,p32i16,ip_seq,860,0.000824,true,0.0001
qp,p32i16,ip_seq,861,0.002212,false,0.0001
qp,p32i16,ip_seq,862,0.027362,false,0.0001
qp,p32i16,ip_seq,863,0.000672,true,0.0001
qp,p32i16,ip_seq,864,0.000728,true,0.0001
qp,p32i16,ip_seq,865,0.040128,false,0.0001
qp,p32i16,ip_seq,866,0.028477,false,0.0001
qp,p32i16,ip_seq,867,0.022555,false,0.0001
qp,p32i16,ip_seq,868,0.002066,false,0.0001
qp,p32i16,ip_seq,869,0.000549,true,0.0001
qp,p32i16,ip_seq,870,0.04184,false,0.0001
qp,p32i16,ip_seq,871,0.000856,true,0.0001
qp,p32i16,ip_seq,872,0.000949,true,0.0001
qp,p32i16,ip_seq,873,0.045234,false,0.0001
qp,p32i16,ip_seq,874,0.000873,true,0.0001
qp,p32i16,ip_seq,875,0.03034,false,0.0001
qp,p32i16,ip_seq,876,0.037998,false,0.0001
qp,p32i16,ip_seq,877,0.000981,true,0.0001
qp,p32i16,ip_seq,878,0.041344,false,0.0001
qp,p32i16,ip_seq,879,0.00084,true,0.0001
qp,p32i16,ip_seq,880,0.000882,true,0.0001
qp,p32i16,ip_seq,881,0.000934,true,0.0001
qp,p32i16,ip_seq,882,0.000822,true,0.0001
qp,p32i16,ip_seq,883,0.000863,true,0.0001
qp,p32i16,ip_seq,884,0.000775,true,0.0001
qp,p32i16,ip_seq,885,0.000933,true,0.0001
qp,p32i16,ip_seq,886,0.037995,false,0.0001
qp,p32i16,ip_seq,887,0.001194,true,0.0001
qp,p32i16,ip_seq,888,0.000709,true,0.0001
qp,p32i16,ip_seq,889,0.039063,false,0.0001
qp,p32i16,ip_seq,890,0.004,false,0.0001
qp,p32i16,ip_seq,891,0.036066,false,0.0001
qp,p32i16,ip_seq,892,0.03729,false,0.0001
qp,p32i16,ip_seq,893,0.004037,false,0.0001
qp,p32i16,ip_seq,894,0.000879,true,0.0001
qp,p32i16,ip_seq,895,0.036164,false,0.0001
qp,p32i16,ip_seq,896,0.000884,true,0.0001
qp,p32i16,ip_seq,897,0.041528,false,0.0001
qp,p32i16,ip_seq,898,0.00194,false,0.0001
qp,p32i16,ip_seq,899,0.03916,false,0.0001
qp,p32i16,ip_seq,900,0.00096,true,0.0001
qp,p32i16,ip_seq,901,0.000895,true,0.0001
qp,p32i16,ip_seq,902,0.041643,false,0.0001
qp,p32i16,ip_seq,903,0.000775,true,0.0001
qp,p32i16,ip_seq,904,0.02377,false,0.0001
qp,p32i16,ip_seq,905,0.038586,false,0.0001
qp,p32i16,ip_seq,906,0.036789,false,0.0001
qp,p32i16,ip_seq,907,0.000721,true,0.0001
qp,p32i16,ip_seq,908,0.001183,true,0.0001
qp,p32i16,ip_seq,909,0.000838,true,0.0001
qp,p32i16,ip_seq,910,0.000971,true,0.0001
qp,p32i16,ip_seq,911,0.002185,false,0.0001
qp,p32i16,ip_seq,912,0.038665,false,0.0001
qp,p32i16,ip_seq,913,0.000869,true,0.0001
qp,p32i16,ip_seq,914,0.041219,false,0.0001
qp,p32i16,ip_seq,915,0.002231,false,0.0001
qp,p32i16,ip_seq,916,0.002096,false,0.0001
qp,p32i16,ip_seq,917,0.043457,false,0.0001
qp,p32i16,ip_seq,918,0.040413,false,0.0001
qp,p32i16,ip_seq,919,0.00065,true,0.0001
qp,p32i16,ip_seq,920,0.000842,true,0.0001
qp,p32i16,ip_seq,921,0.031934,false,0.0001
qp,p32i16,ip_seq,922,0.043422,false,0.0001
qp,p32i16,ip_seq,923,0.00197,false,0.0001
qp,p32i16,ip_seq,924,0.001055,true,0.0001
qp,p32i16,ip_seq,925,0.027435,false,0.0001
qp,p32i16,ip_seq,926,0.040583,false,0.0001
qp,p32i16,ip_seq,927,0.000709,true,0.0001
qp,p32i16,ip_seq,928,0.022786,false,0.0001
qp,p32i16,ip_seq,929,0.038504,false,0.0001
qp,p32i16,ip_seq,930,0.000867,true,0.0001
qp,p32i16,ip_seq,931,0.036829,false,0.0001
qp,p32i16,ip_seq,932,0.001967,true,0.0001
qp,p32i16,ip_seq,933,0.025038,false,0.0001
qp,p32i16,ip_seq,934,0.046071,false,0.0001
qp,p32i16,ip_seq,935,0.002452,false,0.0001
qp,p32i16,ip_seq,936,0.038431,false,0.0001
qp,p32i16,ip_seq,937,0.001105,true,0.0001
qp,p32i16,ip_seq,938,0.02337,false,0.0001
qp,p32i16,ip_seq,939,0.000702,true,0.0001
qp,p32i16,ip_seq,940,0.00094,true,0.0001
qp,p32i16,ip_seq,941,0.00066,true,0.0001
qp,p32i16,ip_seq,942,0.000869,true,0.0001
qp,p32i16,ip_seq,943,0.004244,false,0.0001
qp,p32i16,ip_seq,944,0.00231,false,0.0001
qp,p32i16,ip_seq,945,0.042884,false,0.0001
qp,p32i16,ip_seq,946,0.043701,false,0.0001
qp,p32i16,ip_seq,947,0.000757,true,0.0001
qp,p32i16,ip_seq,948,0.000813,true,0.0001
qp,p32i16,ip_seq,949,0.001166,true,0.0001
qp,p32i16,ip_seq,950,0.00247,false,0.0001
qp,p32i16,ip_seq,951,0.020387,false,0.0001
qp,p32i16,ip_seq,952,0.000832,true,0.0001
qp,p32i16,ip_seq,953,0.002033,false,0.0001
qp,p32i16,ip_seq,954,0.015935,false,0.0001
qp,p32i16,ip_seq,955,0.025804,false,0.0001
qp,p32i16,ip_seq,956,0.021287,false,0.0001
qp,p32i16,ip_seq,957,0.000737,true,0.0001
qp,p32i16,ip_seq,958,0.039427,false,0.0001
qp,p32i16,ip_seq,959,0.002354,false,0.0001
qp,p32i16,ip_seq,960,0.038784,false,0.0001
qp,p32i16,ip_seq,961,0.047446,false,0.0001
qp,p32i16,ip_seq,962,0.001129,true,0.0001
qp,p32i16,ip_seq,963,0.021251,false,0.0001
qp,p32i16,ip_seq,964,0.002651,false,0.0001
qp,p32i16,ip_seq,965,0.000773,true,0.0001
qp,p32i16,ip_seq,966,0.000686,true,0.0001
qp,p32i16,ip_seq,967,0.040884,false,0.0001
qp,p32i16,ip_seq,968,0.00061,true,0.0001
qp,p32i16,ip_seq,969,0.042046,false,0.0001
qp,p32i16,ip_seq,970,0.038956,false,0.0001
qp,p32i16,ip_seq,971,0.03654,false,0.0001
qp,p32i16,ip_seq,972,0.002227,false,0.0001
qp,p32i16,ip_seq,973,0.040887,false,0.0001
qp,p32i16,ip_seq,974,0.021849,false,0.0001
qp,p32i16,ip_seq,975,0.001201,true,0.0001
qp,p32i16,ip_seq,976,0.022713,false,0.0001
qp,p32i16,ip_seq,977,0.003206,true,0.0001
qp,p32i16,ip_seq,978,0.001039,true,0.0001
qp,p32i16,ip_seq,979,0.002168,false,0.0001
qp,p32i16,ip_seq,980,0.023404,false,0.0001
qp,p32i16,ip_seq,981,0.040981,false,0.0001
qp,p32i16,ip_seq,982,0.038124,false,0.0001
qp,p32i16,ip_seq,983,0.022605,false,0.0001
qp,p32i16,ip_seq,984,0.039283,false,0.0001
qp,p32i16,ip_seq,985,0.000837,true,0.0001
qp,p32i16,ip_seq,986,0.027196,false,0.0001
qp,p32i16,ip_seq,987,0.000871,true,0.0001
qp,p32i16,ip_seq,988,0.039471,false,0.0001
qp,p32i16,ip_seq,989,0.001168,true,0.0001
qp,p32i16,ip_seq,990,0.022652,false,0.0001
qp,p32i16,ip_seq,991,0.036437,false,0.0001
qp,p32i16,ip_seq,992,0.035647,false,0.0001
qp,p32i16,ip_seq,993,0.000705,true,0.0001
qp,p32i16,ip_seq,994,0.01194,true,0.0001
qp,p32i16,ip_seq,995,0.000635,true,0.0001
qp,p32i16,ip_seq,996,0.000972,true,0.0001
qp,p32i16,ip_seq,997,0.00219,false,0.0001
qp,p32i16,ip_seq,998,0.04676,false,0.0001
qp,p32i16,ip_seq,999,0.00082,true,0.0001
qp,p32i16,ip_seq,1000,0.034708,false,0.0001
qp,p32i16,ip_seq,1001,0.002583,false,0.0001
qp,p32i16,ip_seq,1002,0.0252,false,0.0001
qp,p32i16,ip_seq,1003,0.000928,true,0.0001
qp,p32i16,ip_seq,1004,0.002218,false,0.0001
qp,p32i16,ip_seq,1005,0.00093,true,0.0001
qp,p32i16,ip_seq,1006,0.000754,true,0.0001
qp,p32i16,ip_seq,1007,0.025533,false,0.0001
qp,p32i16,ip_seq,1008,0.02828,false,0.0001
qp,p32i16,ip_seq,1009,0.03918,false,0.0001
qp,p32i16,ip_seq,1010,0.000641,true,0.0001
qp,p32i16,ip_seq,1011,0.000735,true,0.0001
qp,p32i16,ip_seq,1012,0.000949,true,0.0001
qp,p32i16,ip_seq,1013,0.035212,false,0.0001
qp,p32i16,ip_seq,1014,0.025703,false,0.0001
qp,p32i16,ip_seq,1015,0.000902,true,0.0001
qp,p32i16,ip_seq,1016,0.00091,true,0.0001
qp,p32i16,ip_seq,1017,0.000855,true,0.0001
qp,p32i16,ip_seq,1018,0.000765,true,0.0001
qp,p32i16,ip_seq,1019,0.000747,true,0.0001
qp,p32i16,ip_seq,1020,0.001218,true,0.0001
qp,p32i16,ip_seq,1021,0.000869,true,0.0001
qp,p32i16,ip_seq,1022,0.002064,false,0.0001
qp,p32i16,ip_seq,1023,0.002202,false,0.0001
qp,p32i16,ip_seq,1024,0.04599,false,0.0001
game,T10,ip_seq,1,0.004118,true,0.0001
game,T10,ip_seq,2,0.004817,true,0.0001
game,T10,ip_seq,3,0.003259,true,0.0001
game,T10,ip_seq,4,0.006742,true,0.0001
game,T10,ip_seq,5,0.004552,true,0.0001
game,T10,ip_seq,6,0.0041,true,0.0001
game,T10,ip_seq,7,0.004307,true,0.0001
game,T10,ip_seq,8,0.006337,true,0.0001
game,T10,ip_seq,9,0.003899,true,0.0001
game,T10,ip_seq,10,0.003867,true,0.0001
game,T10,ip_seq,11,0.003868,true,0.0001
game,T10,ip_seq,12,0.005428,true,0.0001
game,T10,ip_seq,13,0.00931,true,0.0001
game,T10,ip_seq,14,0.004091,true,0.0001
game,T10,ip_seq,15,0.004128,true,0.0001
game,T10,ip_seq,16,0.006353,true,0.0001
game,T10,ip_seq,17,0.005438,true,0.0001
game,T10,ip_seq,18,0.00412,true,0.0001
game,T10,ip_seq,19,0.005679,true,0.0001
game,T10,ip_seq,20,0.007056,true,0.0001
game,T10,ip_seq,21,0.004437,true,0.0001
game,T10,ip_seq,22,0.005061,true,0.0001
game,T10,ip_seq,23,0.004118,true,0.0001
game,T10,ip_seq,24,0.006481,true,0.0001
game,T10,ip_seq,25,0.003951,true,0.0001
game,T10,ip_seq,26,0.005246,true,0.0001
game,T10,ip_seq,27,0.003843,true,0.0001
game,T10,ip_seq,28,0.004351,true,0.0001
game,T10,ip_seq,29,0.006366,true,0.0001
game,T10,ip_seq,30,0.004119,true,0.0001
game,T10,ip_seq,31,0.005396,true,0.0001
game,T10,ip_seq,32,0.003891,true,0.0001
game,T10,ip_seq,33,0.008316,true,0.0001
game,T10,ip_seq,34,0.004086,true,0.0001
game,T10,ip_seq,35,0.004312,true,0.0001
game,T10,ip_seq,36,0.007599,true,0.0001
game,T10,ip_seq,37,0.004167,true,0.0001
game,T10,ip_seq,38,0.004522,true,0.0001
game,T10,ip_seq,39,0.004557,true,0.0001
game,T10,ip_seq,40,0.003845,true,0.0001
game,T10,ip_seq,41,0.006549,true,0.0001
game,T10,ip_seq,42,0.00657,true,0.0001
game,T10,ip_seq,43,0.005224,true,0.0001
game,T10,ip_seq,44,0.007646,true,0.0001
game,T10,ip_seq,45,0.004619,true,0.0001
game,T10,ip_seq,46,0.004318,true,0.0001
game,T10,ip_seq,47,0.005822,true,0.0001
game,T10,ip_seq,48,0.068332,true,0.0001
game,T10,ip_seq,49,0.004186,true,0.0001
game,T10,ip_seq,50,0.006615,true,0.0001
game,T10,ip_seq,51,0.004138,true,0.0001
game,T10,ip_seq,52,0.092211,true,0.0001
game,T10,ip_seq,53,0.004887,true,0.0001
game,T10,ip_seq,54,0.004624,true,0.0001
game,T10,ip_seq,55,0.005098,true,0.0001
game,T10,ip_seq,56,0.003957,true,0.0001
game,T10,ip_seq,57,0.004662,true,0.0001
game,T10,ip_seq,58,0.00392,true,0.0001
game,T10,ip_seq,59,0.004188,true,0.0001
game,T10,ip_seq,60,0.005749,true,0.0001
game,T10,ip_seq,61,0.004175,true,0.0001
game,T10,ip_seq,62,0.008696,true,0.0001
game,T10,ip_seq,63,0.004232,true,0.0001
game,T10,ip_seq,64,0.003943,true,0.0001
game,T10,ip_seq,65,0.004142,true,0.0001
game,T10,ip_seq,66,0.004171,true,0.0001
game,T10,ip_seq,67,0.004885,true,0.0001
game,T10,ip_seq,68,0.00418,true,0.0001
game,T10,ip_seq,69,0.008701,true,0.0001
game,T10,ip_seq,70,0.00417,true,0.0001
game,T10,ip_seq,71,0.004369,true,0.0001
game,T10,ip_seq,72,0.0037,true,0.0001
game,T10,ip_seq,73,0.004395,true,0.0001
game,T10,ip_seq,74,0.00639,true,0.0001
game,T10,ip_seq,75,0.005292,true,0.0001
game,T10,ip_seq,76,0.004108,true,0.0001
game,T10,ip_seq,77,0.003896,true,0.0001
game,T10,ip_seq,78,0.006291,true,0.0001
game,T10,ip_seq,79,0.004126,true,0.0001
game,T10,ip_seq,80,0.00389,true,0.0001
game,T10,ip_seq,81,0.00391,true,0.0001
game,T10,ip_seq,82,0.008954,true,0.0001
game,T10,ip_seq,83,0.003672,true,0.0001
game,T10,ip_seq,84,0.003897,true,0.0001
game,T10,ip_seq,85,0.004733,true,0.0001
game,T10,ip_seq,86,0.007475,true,0.0001
game,T10,ip_seq,87,0.005581,true,0.0001
game,T10,ip_seq,88,0.003881,true,0.0001
game,T10,ip_seq,89,0.005664,true,0.0001
game,T10,ip_seq,90,0.008643,true,0.0001
game,T10,ip_seq,91,0.003911,true,0.0001
game,T10,ip_seq,92,0.006354,true,0.0001
game,T10,ip_seq,93,0.007237,true,0.0001
game,T10,ip_seq,94,0.004147,true,0.0001
game,T10,ip_seq,95,0.003886,true,0.0001
game,T10,ip_seq,96,0.003881,true,0.0001
game,T10,ip_seq,97,0.004129,true,0.0001
game,T10,ip_seq,98,0.006354,true,0.0001
game,T10,ip_seq,99,0.003907,true,0.0001
game,T10,ip_seq,100,0.003884,true,0.0001
game,T10,ip_seq,101,0.004098,true,0.0001
game,T10,ip_seq,102,0.006641,true,0.0001
game,T10,ip_seq,103,0.006353,true,0.0001
game,T10,ip_seq,104,0.004369,true,0.0001
game,T10,ip_seq,105,0.005464,true,0.0001
game,T10,ip_seq,106,0.008222,true,0.0001
game,T10,ip_seq,107,0.004129,true,0.0001
game,T10,ip_seq,108,0.006554,true,0.0001
game,T10,ip_seq,109,0.006604,true,0.0001
game,T10,ip_seq,110,0.003952,true,0.0001
game,T10,ip_seq,111,0.00411,true,0.0001
game,T10,ip_seq,112,0.004123,true,0.0001
game,T10,ip_seq,113,0.004143,true,0.0001
game,T10,ip_seq,114,0.007782,true,0.0001
game,T10,ip_seq,115,0.004386,true,0.0001
game,T10,ip_seq,116,0.0041,true,0.0001
game,T10,ip_seq,117,0.003664,true,0.0001
game,T10,ip_seq,118,0.006567,true,0.0001
game,T10,ip_seq,119,0.00436,true,0.0001
game,T10,ip_seq,120,0.00478,true,0.0001
game,T10,ip_seq,121,0.004559,true,0.0001
game,T10,ip_seq,122,0.006635,true,0.0001
game,T10,ip_seq,123,0.004162,true,0.0001
game,T10,ip_seq,124,0.004321,true,0.0001
game,T10,ip_seq,125,0.005908,true,0.0001
game,T10,ip_seq,126,0.00659,true,0.0001
game,T10,ip_seq,127,0.003949,true,0.0001
game,T10,ip_seq,128,0.00434,true,0.0001
game,T10,ip_seq,129,0.00455,true,0.0001
game,T10,ip_seq,130,0.007055,true,0.0001
game,T10,ip_seq,131,0.004237,true,0.0001
game,T10,ip_seq,132,0.004352,true,0.0001
game,T10,ip_seq,133,0.003927,true,0.0001
game,T10,ip_seq,134,0.006854,true,0.0001
game,T10,ip_seq,135,0.004243,true,0.0001
game,T10,ip_seq,136,0.004884,true,0.0001
game,T10,ip_seq,137,0.003979,true,0.0001
game,T10,ip_seq,138,0.004204,true,0.0001
game,T10,ip_seq,139,0.00746,true,0.0001
game,T10,ip_seq,140,0.004215,true,0.0001
game,T10,ip_seq,141,0.004188,true,0.0001
game,T10,ip_seq,142,0.004209,true,0.0001
game,T10,ip_seq,143,0.007723,true,0.0001
game,T10,ip_seq,144,0.004297,true,0.0001
game,T10,ip_seq,145,0.003967,true,0.0001
game,T10,ip_seq,146,0.004729,true,0.0001
game,T10,ip_seq,147,0.005051,true,0.0001
game,T10,ip_seq,148,0.008228,true,0.0001
game,T10,ip_seq,149,0.004741,true,0.0001
game,T10,ip_seq,150,0.006093,true,0.0001
game,T10,ip_seq,151,0.00696,true,0.0001
game,T10,ip_seq,152,0.004099,true,0.0001
game,T10,ip_seq,153,0.004728,true,0.0001
game,T10,ip_seq,154,0.004019,true,0.0001
game,T10,ip_seq,155,0.006248,true,0.0001
game,T10,ip_seq,156,0.00394,true,0.0001
game,T10,ip_seq,157,0.004805,true,0.0001
game,T10,ip_seq,158,0.003858,true,0.0001
game,T10,ip_seq,159,0.004118,true,0.0001
game,T10,ip_seq,160,0.006462,true,0.0001
game,T10,ip_seq,161,0.003928,true,0.0001
game,T10,ip_seq,162,0.004106,true,0.0001
game,T10,ip_seq,163,0.003867,true,0.0001
game,T10,ip_seq,164,0.008972,true,0.0001
game,T10,ip_seq,165,0.003959,true,0.0001
game,T10,ip_seq,166,0.005029,true,0.0001
game,T10,ip_seq,167,0.005641,true,0.0001
game,T10,ip_seq,168,0.006368,true,0.0001
game,T10,ip_seq,169,0.004167,true,0.0001
game,T10,ip_seq,170,0.003646,true,0.0001
game,T10,ip_seq,171,0.004328,true,0.0001
game,T10,ip_seq,172,0.009067,true,0.0001
game,T10,ip_seq,173,0.004124,true,0.0001
game,T10,ip_seq,174,0.006726,true,0.0001
game,T10,ip_seq,175,0.006478,true,0.0001
game,T10,ip_seq,176,0.004187,true,0.0001
game,T10,ip_seq,177,0.004131,true,0.0001
game,T10,ip_seq,178,0.003907,true,0.0001
game,T10,ip_seq,179,0.005045,true,0.0001
game,T10,ip_seq,180,0.007362,true,0.0001
game,T10,ip_seq,181,0.005704,true,0.0001
game,T10,ip_seq,182,0.004344,true,0.0001
game,T10,ip_seq,183,0.006454,true,0.0001
game,T10,ip_seq,184,0.00445,true,0.0001
game,T10,ip_seq,185,0.00515,true,0.0001
game,T10,ip_seq,186,0.00421,true,0.0001
game,T10,ip_seq,187,0.003956,true,0.0001
game,T10,ip_seq,188,0.007062,true,0.0001
game,T10,ip_seq,189,0.004657,true,0.0001
game,T10,ip_seq,190,0.004102,true,0.0001
game,T10,ip_seq,191,0.004097,true,0.0001
game,T10,ip_seq,192,0.00697,true,0.0001
game,T10,ip_seq,193,0.003933,true,0.0001
game,T10,ip_seq,194,0.003921,true,0.0001
game,T10,ip_seq,195,0.004106,true,0.0001
game,T10,ip_seq,196,0.004356,true,0.0001
game,T10,ip_seq,197,0.008634,true,0.0001
game,T10,ip_seq,198,0.005969,true,0.0001
game,T10,ip_seq,199,0.004101,true,0.0001
game,T10,ip_seq,200,0.008697,true,0.0001
game,T10,ip_seq,201,0.003951,true,0.0001
game,T10,ip_seq,202,0.00389,true,0.0001
game,T10,ip_seq,203,0.004081,true,0.0001
game,T10,ip_seq,204,0.007753,true,0.0001
game,T10,ip_seq,205,0.004154,true,0.0001
game,T10,ip_seq,206,0.004106,true,0.0001
game,T10,ip_seq,207,0.004535,true,0.0001
game,T10,ip_seq,208,0.006632,true,0.0001
game,T10,ip_seq,209,0.004939,true,0.0001
game,T10,ip_seq,210,0.004157,true,0.0001
game,T10,ip_seq,211,0.011821,true,0.0001
game,T10,ip_seq,212,0.004194,true,0.0001
game,T10,ip_seq,213,0.003929,true,0.0001
game,T10,ip_seq,214,0.004105,true,0.0001
game,T10,ip_seq,215,0.007549,true,0.0001
game,T10,ip_seq,216,0.004171,true,0.0001
game,T10,ip_seq,217,0.003906,true,0.0001
game,T10,ip_seq,218,0.005672,true,0.0001
game,T10,ip_seq,219,0.003466,true,0.0001
game,T10,ip_seq,220,0.006615,true,0.0001
game,T10,ip_seq,221,0.006128,true,0.0001
game,T10,ip_seq,222,0.003898,true,0.0001
game,T10,ip_seq,223,0.004114,true,0.0001
game,T10,ip_seq,224,0.006817,true,0.0001
game,T10,ip_seq,225,0.003906,true,0.0001
game,T10,ip_seq,226,0.005011,true,0.0001
game,T10,ip_seq,227,0.004097,true,0.0001
game,T10,ip_seq,228,0.006644,true,0.0001
game,T10,ip_seq,229,0.004845,true,0.0001
game,T10,ip_seq,230,0.003879,true,0.0001
game,T10,ip_seq,231,0.003894,true,0.0001
game,T10,ip_seq,232,0.006397,true,0.0001
game,T10,ip_seq,233,0.004202,true,0.0001
game,T10,ip_seq,234,0.006391,true,0.0001
game,T10,ip_seq,235,0.004115,true,0.0001
game,T10,ip_seq,236,0.006728,true,0.0001
game,T10,ip_seq,237,0.003965,true,0.0001
game,T10,ip_seq,238,0.00346,true,0.0001
game,T10,ip_seq,239,0.005265,true,0.0001
game,T10,ip_seq,240,0.007762,true,0.0001
game,T10,ip_seq,241,0.004173,true,0.0001
game,T10,ip_seq,242,0.004111,true,0.0001
game,T10,ip_seq,243,0.003908,true,0.0001
game,T10,ip_seq,244,0.004355,true,0.0001
game,T10,ip_seq,245,0.00856,true,0.0001
game,T10,ip_seq,246,0.006253,true,0.0001
game,T10,ip_seq,247,0.004827,true,0.0001
game,T10,ip_seq,248,0.006539,true,0.0001
game,T10,ip_seq,249,0.008234,true,0.0001
game,T10,ip_seq,250,0.004167,true,0.0001
game,T10,ip_seq,251,0.004146,true,0.0001
game,T10,ip_seq,252,0.004312,true,0.0001
game,T10,ip_seq,253,0.00874,true,0.0001
game,T10,ip_seq,254,0.006861,true,0.0001
game,T10,ip_seq,255,0.004748,true,0.0001
game,T10,ip_seq,256,0.004674,true,0.0001
game,T10,ip_seq,257,0.003877,true,0.0001
game,T10,ip_seq,258,0.006916,true,0.0001
game,T10,ip_seq,259,0.004137,true,0.0001
game,T10,ip_seq,260,0.004092,true,0.0001
game,T10,ip_seq,261,0.004056,true,0.0001
game,T10,ip_seq,262,0.006361,true,0.0001
game,T10,ip_seq,263,0.005059,true,0.0001
game,T10,ip_seq,264,0.003903,true,0.0001
game,T10,ip_seq,265,0.003855,true,0.0001
game,T10,ip_seq,266,0.003252,true,0.0001
game,T10,ip_seq,267,0.007416,true,0.0001
game,T10,ip_seq,268,0.004105,true,0.0001
game,T10,ip_seq,269,0.003889,true,0.0001
game,T10,ip_seq,270,0.00408,true,0.0001
game,T10,ip_seq,271,0.006421,true,0.0001
game,T10,ip_seq,272,0.004174,true,0.0001
game,T10,ip_seq,273,0.004101,true,0.0001
game,T10,ip_seq,274,0.004104,true,0.0001
game,T10,ip_seq,275,0.006419,true,0.0001
game,T10,ip_seq,276,0.004169,true,0.0001
game,T10,ip_seq,277,0.006388,true,0.0001
game,T10,ip_seq,278,0.005275,true,0.0001
game,T10,ip_seq,279,0.006593,true,0.0001
game,T10,ip_seq,280,0.005721,true,0.0001
game,T10,ip_seq,281,0.004115,true,0.0001
game,T10,ip_seq,282,0.003866,true,0.0001
game,T10,ip_seq,283,0.006543,true,0.0001
game,T10,ip_seq,284,0.00417,true,0.0001
game,T10,ip_seq,285,0.0041,true,0.0001
game,T10,ip_seq,286,0.003407,true,0.0001
game,T10,ip_seq,287,0.003851,true,0.0001
game,T10,ip_seq,288,0.00656,true,0.0001
game,T10,ip_seq,289,0.004399,true,0.0001
game,T10,ip_seq,290,0.005446,true,0.0001
game,T10,ip_seq,291,0.004767,true,0.0001
game,T10,ip_seq,292,0.006434,true,0.0001
game,T10,ip_seq,293,0.004135,true,0.0001
game,T10,ip_seq,294,0.00388,true,0.0001
game,T10,ip_seq,295,0.004338,true,0.0001
game,T10,ip_seq,296,0.006322,true,0.0001
game,T10,ip_seq,297,0.004128,true,0.0001
game,T10,ip_seq,298,0.004131,true,0.0001
game,T10,ip_seq,299,0.00387,true,0.0001
game,T10,ip_seq,300,0.004116,true,0.0001
game,T10,ip_seq,301,0.006604,true,0.0001
game,T10,ip_seq,302,0.003925,true,0.0001
game,T10,ip_seq,303,0.005204,true,0.0001
game,T10,ip_seq,304,0.003879,true,0.0001
game,T10,ip_seq,305,0.007717,true,0.0001
game,T10,ip_seq,306,0.004151,true,0.0001
game,T10,ip_seq,307,0.00429,true,0.0001
game,T10,ip_seq,308,0.005871,true,0.0001
game,T10,ip_seq,309,0.006684,true,0.0001
game,T10,ip_seq,310,0.003927,true,0.0001
game,T10,ip_seq,311,0.004102,true,0.0001
game,T10,ip_seq,312,0.005472,true,0.0001
game,T10,ip_seq,313,0.006758,true,0.0001
game,T10,ip_seq,314,0.00395,true,0.0001
game,T10,ip_seq,315,0.004812,true,0.0001
game,T10,ip_seq,316,0.00409,true,0.0001
game,T10,ip_seq,317,0.006482,true,0.0001
game,T10,ip_seq,318,0.006592,true,0.0001
game,T10,ip_seq,319,0.00405,true,0.0001
game,T10,ip_seq,320,0.004118,true,0.0001
game,T10,ip_seq,321,0.006573,true,0.0001
game,T10,ip_seq,322,0.004154,true,0.0001
game,T10,ip_seq,323,0.003883,true,0.0001
game,T10,ip_seq,324,0.003888,true,0.0001
game,T10,ip_seq,325,0.004332,true,0.0001
game,T10,ip_seq,326,0.006597,true,0.0001
game,T10,ip_seq,327,0.004119,true,0.0001
game,T10,ip_seq,328,0.00409,true,0.0001
game,T10,ip_seq,329,0.003863,true,0.0001
game,T10,ip_seq,330,0.006281,true,0.0001
game,T10,ip_seq,331,0.004159,true,0.0001
game,T10,ip_seq,332,0.005715,true,0.0001
game,T10,ip_seq,333,0.003889,true,0.0001
game,T10,ip_seq,334,0.006684,true,0.0001
game,T10,ip_seq,335,0.004847,true,0.0001
game,T10,ip_seq,336,0.004132,true,0.0001
game,T10,ip_seq,337,0.003884,true,0.0001
game,T10,ip_seq,338,0.004127,true,0.0001
game,T10,ip_seq,339,0.006371,true,0.0001
game,T10,ip_seq,340,0.004826,true,0.0001
game,T10,ip_seq,341,0.003885,true,0.0001
game,T10,ip_seq,342,0.004094,true,0.0001
game,T10,ip_seq,343,0.006227,true,0.0001
game,T10,ip_seq,344,0.005723,true,0.0001
game,T10,ip_seq,345,0.004362,true,0.0001
game,T10,ip_seq,346,0.00392,true,0.0001
game,T10,ip_seq,347,0.006405,true,0.0001
game,T10,ip_seq,348,0.00418,true,0.0001
game,T10,ip_seq,349,0.004594,true,0.0001
game,T10,ip_seq,350,0.004073,true,0.0001
game,T10,ip_seq,351,0.006465,true,0.0001
game,T10,ip_seq,352,0.00399,true,0.0001
game,T10,ip_seq,353,0.004133,true,0.0001
game,T10,ip_seq,354,0.004974,true,0.0001
game,T10,ip_seq,355,0.004087,true,0.0001
game,T10,ip_seq,356,0.006621,true,0.0001
game,T10,ip_seq,357,0.004168,true,0.0001
game,T10,ip_seq,358,0.004063,true,0.0001
game,T10,ip_seq,359,0.003846,true,0.0001
game,T10,ip_seq,360,0.006601,true,0.0001
game,T10,ip_seq,361,0.003694,true,0.0001
game,T10,ip_seq,362,0.005432,true,0.0001
game,T10,ip_seq,363,0.003934,true,0.0001
game,T10,ip_seq,364,0.007307,true,0.0001
game,T10,ip_seq,365,0.003962,true,0.0001
game,T10,ip_seq,366,0.004154,true,0.0001
game,T10,ip_seq,367,0.003894,true,0.0001
game,T10,ip_seq,368,0.003449,true,0.0001
game,T10,ip_seq,369,0.009239,true,0.0001
game,T10,ip_seq,370,0.004168,true,0.0001
game,T10,ip_seq,371,0.003842,true,0.0001
game,T10,ip_seq,372,0.004076,true,0.0001
game,T10,ip_seq,373,0.0066,true,0.0001
game,T10,ip_seq,374,0.004165,true,0.0001
game,T10,ip_seq,375,0.004102,true,0.0001
game,T10,ip_seq,376,0.00526,true,0.0001
game,T10,ip_seq,377,0.006866,true,0.0001
game,T10,ip_seq,378,0.004202,true,0.0001
game,T10,ip_seq,379,0.004833,true,0.0001
game,T10,ip_seq,380,0.006095,true,0.0001
game,T10,ip_seq,381,0.006538,true,0.0001
game,T10,ip_seq,382,0.004121,true,0.0001
game,T10,ip_seq,383,0.004181,true,0.0001
game,T10,ip_seq,384,0.004276,true,0.0001
game,T10,ip_seq,385,0.007521,true,0.0001
game,T10,ip_seq,386,0.004207,true,0.0001
game,T10,ip_seq,387,0.004851,true,0.0001
game,T10,ip_seq,388,0.004371,true,0.0001
game,T10,ip_seq,389,0.004111,true,0.0001
game,T10,ip_seq,390,0.007744,true,0.0001
game,T10,ip_seq,391,0.004151,true,0.0001
game,T10,ip_seq,392,0.004116,true,0.0001
game,T10,ip_seq,393,0.004125,true,0.0001
game,T10,ip_seq,394,0.006734,true,0.0001
game,T10,ip_seq,395,0.003925,true,0.0001
game,T10,ip_seq,396,0.004105,true,0.0001
game,T10,ip_seq,397,0.004105,true,0.0001
game,T10,ip_seq,398,0.007731,true,0.0001
game,T10,ip_seq,399,0.004161,true,0.0001
game,T10,ip_seq,400,0.00413,true,0.0001
game,T10,ip_seq,401,0.004092,true,0.0001
game,T10,ip_seq,402,0.006555,true,0.0001
game,T10,ip_seq,403,0.003755,true,0.0001
game,T10,ip_seq,404,0.003972,true,0.0001
game,T10,ip_seq,405,0.007201,true,0.0001
game,T10,ip_seq,406,0.006356,true,0.0001
game,T10,ip_seq,407,0.007835,true,0.0001
game,T10,ip_seq,408,0.004079,true,0.0001
game,T10,ip_seq,409,0.004342,true,0.0001
game,T10,ip_seq,410,0.006679,true,0.0001
game,T10,ip_seq,411,0.004595,true,0.0001
game,T10,ip_seq,412,0.004112,true,0.0001
game,T10,ip_seq,413,0.005238,true,0.0001
game,T10,ip_seq,414,0.006565,true,0.0001
game,T10,ip_seq,415,0.004161,true,0.0001
game,T10,ip_seq,416,0.004143,true,0.0001
game,T10,ip_seq,417,0.004083,true,0.0001
game,T10,ip_seq,418,0.003881,true,0.0001
game,T10,ip_seq,419,0.006649,true,0.0001
game,T10,ip_seq,420,0.003702,true,0.0001
game,T10,ip_seq,421,0.00522,true,0.0001
game,T10,ip_seq,422,0.004129,true,0.0001
game,T10,ip_seq,423,0.007341,true,0.0001
game,T10,ip_seq,424,0.003666,true,0.0001
game,T10,ip_seq,425,0.005676,true,0.0001
game,T10,ip_seq,426,0.00502,true,0.0001
game,T10,ip_seq,427,0.008704,true,0.0001
game,T10,ip_seq,428,0.003926,true,0.0001
game,T10,ip_seq,429,0.004572,true,0.0001
game,T10,ip_seq,430,0.004107,true,0.0001
game,T10,ip_seq,431,0.006738,true,0.0001
game,T10,ip_seq,432,0.005096,true,0.0001
game,T10,ip_seq,433,0.005242,true,0.0001
game,T10,ip_seq,434,0.004546,true,0.0001
game,T10,ip_seq,435,0.006696,true,0.0001
game,T10,ip_seq,436,0.004136,true,0.0001
game,T10,ip_seq,437,0.004165,true,0.0001
game,T10,ip_seq,438,0.003898,true,0.0001
game,T10,ip_seq,439,0.003903,true,0.0001
game,T10,ip_seq,440,0.006673,true,0.0001
game,T10,ip_seq,441,0.004416,true,0.0001
game,T10,ip_seq,442,0.00408,true,0.0001
game,T10,ip_seq,443,0.004098,true,0.0001
game,T10,ip_seq,444,0.006681,true,0.0001
game,T10,ip_seq,445,0.003969,true,0.0001
game,T10,ip_seq,446,0.004983,true,0.0001
game,T10,ip_seq,447,0.003439,true,0.0001
game,T10,ip_seq,448,0.004131,true,0.0001
game,T10,ip_seq,449,0.006825,true,0.0001
game,T10,ip_seq,450,0.004216,true,0.0001
game,T10,ip_seq,451,0.003875,true,0.0001
game,T10,ip_seq,452,0.003893,true,0.0001
game,T10,ip_seq,453,0.005286,true,0.0001
game,T10,ip_seq,454,0.006664,true,0.0001
game,T10,ip_seq,455,0.003882,true,0.0001
game,T10,ip_seq,456,0.004117,true,0.0001
game,T10,ip_seq,457,0.005055,true,0.0001
game,T10,ip_seq,458,0.006683,true,0.0001
game,T10,ip_seq,459,0.003956,true,0.0001
game,T10,ip_seq,460,0.003937,true,0.0001
game,T10,ip_seq,461,0.004825,true,0.0001
game,T10,ip_seq,462,0.004108,true,0.0001
game,T10,ip_seq,463,0.006941,true,0.0001
game,T10,ip_seq,464,0.004161,true,0.0001
game,T10,ip_seq,465,0.004608,true,0.0001
game,T10,ip_seq,466,0.004111,true,0.0001
game,T10,ip_seq,467,0.004132,true,0.0001
game,T10,ip_seq,468,0.006514,true,0.0001
game,T10,ip_seq,469,0.004112,true,0.0001
game,T10,ip_seq,470,0.004089,true,0.0001
game,T10,ip_seq,471,0.003891,true,0.0001
game,T10,ip_seq,472,0.007407,true,0.0001
game,T10,ip_seq,473,0.004002,true,0.0001
game,T10,ip_seq,474,0.004116,true,0.0001
game,T10,ip_seq,475,0.004135,true,0.0001
game,T10,ip_seq,476,0.003914,true,0.0001
game,T10,ip_seq,477,0.003674,true,0.0001
game,T10,ip_seq,478,0.006975,true,0.0001
game,T10,ip_seq,479,0.00395,true,0.0001
game,T10,ip_seq,480,0.005453,true,0.0001
game,T10,ip_seq,481,0.003916,true,0.0001
game,T10,ip_seq,482,0.003885,true,0.0001
game,T10,ip_seq,483,0.006539,true,0.0001
game,T10,ip_seq,484,0.004118,true,0.0001
game,T10,ip_seq,485,0.004136,true,0.0001
game,T10,ip_seq,486,0.004359,true,0.0001
game,T10,ip_seq,487,0.003672,true,0.0001
game,T10,ip_seq,488,0.006895,true,0.0001
game,T10,ip_seq,489,0.003923,true,0.0001
game,T10,ip_seq,490,0.003908,true,0.0001
game,T10,ip_seq,491,0.006134,true,0.0001
game,T10,ip_seq,492,0.00684,true,0.0001
game,T10,ip_seq,493,0.003916,true,0.0001
game,T10,ip_seq,494,0.00391,true,0.0001
game,T10,ip_seq,495,0.004111,true,0.0001
game,T10,ip_seq,496,0.003909,true,0.0001
game,T10,ip_seq,497,0.004843,true,0.0001
game,T10,ip_seq,498,0.007186,true,0.0001
game,T10,ip_seq,499,0.004408,true,0.0001
game,T10,ip_seq,500,0.005956,true,0.0001
game,T10,ip_seq,501,0.004137,true,0.0001
game,T10,ip_seq,502,0.003892,true,0.0001
game,T10,ip_seq,503,0.006422,true,0.0001
game,T10,ip_seq,504,0.003939,true,0.0001
game,T10,ip_seq,505,0.005686,true,0.0001
game,T10,ip_seq,506,0.004382,true,0.0001
game,T10,ip_seq,507,0.006871,true,0.0001
game,T10,ip_seq,508,0.006934,true,0.0001
game,T10,ip_seq,509,0.004154,true,0.0001
game,T10,ip_seq,510,0.004357,true,0.0001
game,T10,ip_seq,511,0.004099,true,0.0001
game,T10,ip_seq,512,0.00681,true,0.0001
game,T10,ip_seq,513,0.005518,true,0.0001
game,T10,ip_seq,514,0.003888,true,0.0001
game,T10,ip_seq,515,0.004128,true,0.0001
game,T10,ip_seq,516,0.004114,true,0.0001
game,T10,ip_seq,517,0.00671,true,0.0001
game,T10,ip_seq,518,0.003969,true,0.0001
game,T10,ip_seq,519,0.004324,true,0.0001
game,T10,ip_seq,520,0.003895,true,0.0001
game,T10,ip_seq,521,0.003646,true,0.0001
game,T10,ip_seq,522,0.007026,true,0.0001
game,T10,ip_seq,523,0.004137,true,0.0001
game,T10,ip_seq,524,0.003894,true,0.0001
game,T10,ip_seq,525,0.004546,true,0.0001
game,T10,ip_seq,526,0.004332,true,0.0001
game,T10,ip_seq,527,0.006523,true,0.0001
game,T10,ip_seq,528,0.005263,true,0.0001
game,T10,ip_seq,529,0.003934,true,0.0001
game,T10,ip_seq,530,0.003908,true,0.0001
game,T10,ip_seq,531,0.004107,true,0.0001
game,T10,ip_seq,532,0.006456,true,0.0001
game,T10,ip_seq,533,0.004144,true,0.0001
game,T10,ip_seq,534,0.004115,true,0.0001
game,T10,ip_seq,535,0.004107,true,0.0001
game,T10,ip_seq,536,0.003676,true,0.0001
game,T10,ip_seq,537,0.006825,true,0.0001
game,T10,ip_seq,538,0.00436,true,0.0001
game,T10,ip_seq,539,0.004315,true,0.0001
game,T10,ip_seq,540,0.003912,true,0.0001
game,T10,ip_seq,541,0.004571,true,0.0001
game,T10,ip_seq,542,0.006637,true,0.0001
game,T10,ip_seq,543,0.003714,true,0.0001
game,T10,ip_seq,544,0.003912,true,0.0001
game,T10,ip_seq,545,0.003887,true,0.0001
game,T10,ip_seq,546,0.004123,true,0.0001
game,T10,ip_seq,547,0.003911,true,0.0001
game,T10,ip_seq,548,0.006873,true,0.0001
game,T10,ip_seq,549,0.00416,true,0.0001
game,T10,ip_seq,550,0.003889,true,0.0001
game,T10,ip_seq,551,0.004456,true,0.0001
game,T10,ip_seq,552,0.004372,true,0.0001
game,T10,ip_seq,553,0.006878,true,0.0001
game,T10,ip_seq,554,0.004271,true,0.0001
game,T10,ip_seq,555,0.004841,true,0.0001
game,T10,ip_seq,556,0.004151,true,0.0001
game,T10,ip_seq,557,0.004154,true,0.0001
game,T10,ip_seq,558,0.007763,true,0.0001
game,T10,ip_seq,559,0.004178,true,0.0001
game,T10,ip_seq,560,0.004132,true,0.0001
game,T10,ip_seq,561,0.004144,true,0.0001
game,T10,ip_seq,562,0.004007,true,0.0001
game,T10,ip_seq,563,0.003953,true,0.0001
game,T10,ip_seq,564,0.007979,true,0.0001
game,T10,ip_seq,565,0.00429,true,0.0001
game,T10,ip_seq,566,0.004145,true,0.0001
game,T10,ip_seq,567,0.006825,true,0.0001
game,T10,ip_seq,568,0.004124,true,0.0001
game,T10,ip_seq,569,0.004222,true,0.0001
game,T10,ip_seq,570,0.007762,true,0.0001
game,T10,ip_seq,571,0.006386,true,0.0001
game,T10,ip_seq,572,0.004145,true,0.0001
game,T10,ip_seq,573,0.004122,true,0.0001
game,T10,ip_seq,574,0.003682,true,0.0001
game,T10,ip_seq,575,0.007041,true,0.0001
game,T10,ip_seq,576,0.003959,true,0.0001
game,T10,ip_seq,577,0.003256,true,0.0001
game,T10,ip_seq,578,0.00415,true,0.0001
game,T10,ip_seq,579,0.005231,true,0.0001
game,T10,ip_seq,580,0.008481,true,0.0001
game,T10,ip_seq,581,0.004174,true,0.0001
game,T10,ip_seq,582,0.004376,true,0.0001
game,T10,ip_seq,583,0.006288,true,0.0001
game,T10,ip_seq,584,0.004107,true,0.0001
game,T10,ip_seq,585,0.006857,true,0.0001
game,T10,ip_seq,586,0.003714,true,0.0001
game,T10,ip_seq,587,0.005297,true,0.0001
game,T10,ip_seq,588,0.004282,true,0.0001
game,T10,ip_seq,589,0.004161,true,0.0001
game,T10,ip_seq,590,0.009171,true,0.0001
game,T10,ip_seq,591,0.003978,true,0.0001
game,T10,ip_seq,592,0.005115,true,0.0001
game,T10,ip_seq,593,0.004358,true,0.0001
game,T10,ip_seq,594,0.004155,true,0.0001
game,T10,ip_seq,595,0.007531,true,0.0001
game,T10,ip_seq,596,0.004177,true,0.0001
game,T10,ip_seq,597,0.005261,true,0.0001
game,T10,ip_seq,598,0.005263,true,0.0001
game,T10,ip_seq,599,0.004378,true,0.0001
game,T10,ip_seq,600,0.007336,true,0.0001
game,T10,ip_seq,601,0.004563,true,0.0001
game,T10,ip_seq,602,0.004143,true,0.0001
game,T10,ip_seq,603,0.004553,true,0.0001
game,T10,ip_seq,604,0.006627,true,0.0001
game,T10,ip_seq,605,0.00537,true,0.0001
game,T10,ip_seq,606,0.004183,true,0.0001
game,T10,ip_seq,607,0.004103,true,0.0001
game,T10,ip_seq,608,0.004073,true,0.0001
game,T10,ip_seq,609,0.004114,true,0.0001
game,T10,ip_seq,610,0.006825,true,0.0001
game,T10,ip_seq,611,0.003931,true,0.0001
game,T10,ip_seq,612,0.004335,true,0.0001
game,T10,ip_seq,613,0.004304,true,0.0001
game,T10,ip_seq,614,0.004377,true,0.0001
game,T10,ip_seq,615,0.006713,true,0.0001
game,T10,ip_seq,616,0.004178,true,0.0001
game,T10,ip_seq,617,0.004113,true,0.0001
game,T10,ip_seq,618,0.004127,true,0.0001
game,T10,ip_seq,619,0.004111,true,0.0001
game,T10,ip_seq,620,0.007275,true,0.0001
game,T10,ip_seq,621,0.003698,true,0.0001
game,T10,ip_seq,622,0.004138,true,0.0001
game,T10,ip_seq,623,0.004118,true,0.0001
game,T10,ip_seq,624,0.005277,true,0.0001
game,T10,ip_seq,625,0.006695,true,0.0001
game,T10,ip_seq,626,0.004278,true,0.0001
game,T10,ip_seq,627,0.004121,true,0.0001
game,T10,ip_seq,628,0.003878,true,0.0001
game,T10,ip_seq,629,0.004533,true,0.0001
game,T10,ip_seq,630,0.005046,true,0.0001
game,T10,ip_seq,631,0.006864,true,0.0001
game,T10,ip_seq,632,0.004133,true,0.0001
game,T10,ip_seq,633,0.00501,true,0.0001
game,T10,ip_seq,634,0.004144,true,0.0001
game,T10,ip_seq,635,0.004382,true,0.0001
game,T10,ip_seq,636,0.006926,true,0.0001
game,T10,ip_seq,637,0.003933,true,0.0001
game,T10,ip_seq,638,0.004124,true,0.0001
game,T10,ip_seq,639,0.004096,true,0.0001
game,T10,ip_seq,640,0.004122,true,0.0001
game,T10,ip_seq,641,0.006892,true,0.0001
game,T10,ip_seq,642,0.004159,true,0.0001
game,T10,ip_seq,643,0.003916,true,0.0001
game,T10,ip_seq,644,0.004107,true,0.0001
game,T10,ip_seq,645,0.004098,true,0.0001
game,T10,ip_seq,646,0.009157,true,0.0001
game,T10,ip_seq,647,0.004155,true,0.0001
game,T10,ip_seq,648,0.004086,true,0.0001
game,T10,ip_seq,649,0.005687,true,0.0001
game,T10,ip_seq,650,0.003867,true,0.0001
game,T10,ip_seq,651,0.006732,true,0.0001
game,T10,ip_seq,652,0.005288,true,0.0001
game,T10,ip_seq,653,0.004359,true,0.0001
game,T10,ip_seq,654,0.004364,true,0.0001
game,T10,ip_seq,655,0.004098,true,0.0001
game,T10,ip_seq,656,0.007019,true,0.0001
game,T10,ip_seq,657,0.00507,true,0.0001
game,T10,ip_seq,658,0.004144,true,0.0001
game,T10,ip_seq,659,0.003876,true,0.0001
game,T10,ip_seq,660,0.004137,true,0.0001
game,T10,ip_seq,661,0.00752,true,0.0001
game,T10,ip_seq,662,0.004121,true,0.0001
game,T10,ip_seq,663,0.00412,true,0.0001
game,T10,ip_seq,664,0.00527,true,0.0001
game,T10,ip_seq,665,0.004135,true,0.0001
game,T10,ip_seq,666,0.006522,true,0.0001
game,T10,ip_seq,667,0.004156,true,0.0001
game,T10,ip_seq,668,0.004106,true,0.0001
game,T10,ip_seq,669,0.003886,true,0.0001
game,T10,ip_seq,670,0.003892,true,0.0001
game,T10,ip_seq,671,0.006522,true,0.0001
game,T10,ip_seq,672,0.0042,true,0.0001
game,T10,ip_seq,673,0.00411,true,0.0001
game,T10,ip_seq,674,0.004113,true,0.0001
game,T10,ip_seq,675,0.004332,true,0.0001
game,T10,ip_seq,676,0.004342,true,0.0001
game,T10,ip_seq,677,0.006874,true,0.0001
game,T10,ip_seq,678,0.003935,true,0.0001
game,T10,ip_seq,679,0.00502,true,0.0001
game,T10,ip_seq,680,0.003905,true,0.0001
game,T10,ip_seq,681,0.003881,true,0.0001
game,T10,ip_seq,682,0.00704,true,0.0001
game,T10,ip_seq,683,0.003927,true,0.0001
game,T10,ip_seq,684,0.005282,true,0.0001
game,T10,ip_seq,685,0.005023,true,0.0001
game,T10,ip_seq,686,0.004087,true,0.0001
game,T10,ip_seq,687,0.008025,true,0.0001
game,T10,ip_seq,688,0.003964,true,0.0001
game,T10,ip_seq,689,0.005711,true,0.0001
game,T10,ip_seq,690,0.004112,true,0.0001
game,T10,ip_seq,691,0.006705,true,0.0001
game,T10,ip_seq,692,0.006528,true,0.0001
game,T10,ip_seq,693,0.004125,true,0.0001
game,T10,ip_seq,694,0.00412,true,0.0001
game,T10,ip_seq,695,0.003885,true,0.0001
game,T10,ip_seq,696,0.007652,true,0.0001
game,T10,ip_seq,697,0.004216,true,0.0001
game,T10,ip_seq,698,0.003922,true,0.0001
game,T10,ip_seq,699,0.004384,true,0.0001
game,T10,ip_seq,700,0.003875,true,0.0001
game,T10,ip_seq,701,0.004136,true,0.0001
game,T10,ip_seq,702,0.007057,true,0.0001
game,T10,ip_seq,703,0.003952,true,0.0001
game,T10,ip_seq,704,0.00417,true,0.0001
game,T10,ip_seq,705,0.00369,true,0.0001
game,T10,ip_seq,706,0.003886,true,0.0001
game,T10,ip_seq,707,0.003875,true,0.0001
game,T10,ip_seq,708,0.007394,true,0.0001
game,T10,ip_seq,709,0.003702,true,0.0001
game,T10,ip_seq,710,0.003911,true,0.0001
game,T10,ip_seq,711,0.004088,true,0.0001
game,T10,ip_seq,712,0.004068,true,0.0001
game,T10,ip_seq,713,0.006491,true,0.0001
game,T10,ip_seq,714,0.0042,true,0.0001
game,T10,ip_seq,715,0.004156,true,0.0001
game,T10,ip_seq,716,0.004114,true,0.0001
game,T10,ip_seq,717,0.006586,true,0.0001
game,T10,ip_seq,718,0.006827,true,0.0001
game,T10,ip_seq,719,0.004189,true,0.0001
game,T10,ip_seq,720,0.00372,true,0.0001
game,T10,ip_seq,721,0.004173,true,0.0001
game,T10,ip_seq,722,0.004149,true,0.0001
game,T10,ip_seq,723,0.00421,true,0.0001
game,T10,ip_seq,724,0.00741,true,0.0001
game,T10,ip_seq,725,0.003748,true,0.0001
game,T10,ip_seq,726,0.005536,true,0.0001
game,T10,ip_seq,727,0.004126,true,0.0001
game,T10,ip_seq,728,0.004124,true,0.0001
game,T10,ip_seq,729,0.003968,true,0.0001
game,T10,ip_seq,730,0.007481,true,0.0001
game,T10,ip_seq,731,0.004397,true,0.0001
game,T10,ip_seq,732,0.004371,true,0.0001
game,T10,ip_seq,733,0.003861,true,0.0001
game,T10,ip_seq,734,0.00568,true,0.0001
game,T10,ip_seq,735,0.003727,true,0.0001
game,T10,ip_seq,736,0.006947,true,0.0001
game,T10,ip_seq,737,0.003487,true,0.0001
game,T10,ip_seq,738,0.005529,true,0.0001
game,T10,ip_seq,739,0.004105,true,0.0001
game,T10,ip_seq,740,0.004118,true,0.0001
game,T10,ip_seq,741,0.007573,true,0.0001
game,T10,ip_seq,742,0.003943,true,0.0001
game,T10,ip_seq,743,0.004109,true,0.0001
game,T10,ip_seq,744,0.003887,true,0.0001
game,T10,ip_seq,745,0.004088,true,0.0001
game,T10,ip_seq,746,0.006592,true,0.0001
game,T10,ip_seq,747,0.003976,true,0.0001
game,T10,ip_seq,748,0.004127,true,0.0001
game,T10,ip_seq,749,0.004303,true,0.0001
game,T10,ip_seq,750,0.004108,true,0.0001
game,T10,ip_seq,751,0.009076,true,0.0001
game,T10,ip_seq,752,0.00415,true,0.0001
game,T10,ip_seq,753,0.005282,true,0.0001
game,T10,ip_seq,754,0.004105,true,0.0001
game,T10,ip_seq,755,0.003868,true,0.0001
game,T10,ip_seq,756,0.007735,true,0.0001
game,T10,ip_seq,757,0.004137,true,0.0001
game,T10,ip_seq,758,0.004361,true,0.0001
game,T10,ip_seq,759,0.003901,true,0.0001
game,T10,ip_seq,760,0.003898,true,0.0001
game,T10,ip_seq,761,0.004101,true,0.0001
game,T10,ip_seq,762,0.007222,true,0.0001
game,T10,ip_seq,763,0.005488,true,0.0001
game,T10,ip_seq,764,0.004134,true,0.0001
game,T10,ip_seq,765,0.003886,true,0.0001
game,T10,ip_seq,766,0.003651,true,0.0001
game,T10,ip_seq,767,0.00941,true,0.0001
game,T10,ip_seq,768,0.004128,true,0.0001
game,T10,ip_seq,769,0.003685,true,0.0001
game,T10,ip_seq,770,0.004809,true,0.0001
game,T10,ip_seq,771,0.007971,true,0.0001
game,T10,ip_seq,772,0.003981,true,0.0001
game,T10,ip_seq,773,0.004146,true,0.0001
game,T10,ip_seq,774,0.003661,true,0.0001
game,T10,ip_seq,775,0.003878,true,0.0001
game,T10,ip_seq,776,0.004136,true,0.0001
game,T10,ip_seq,777,0.006635,true,0.0001
game,T10,ip_seq,778,0.005386,true,0.0001
game,T10,ip_seq,779,0.004346,true,0.0001
game,T10,ip_seq,780,0.003905,true,0.0001
game,T10,ip_seq,781,0.004102,true,0.0001
game,T10,ip_seq,782,0.00748,true,0.0001
game,T10,ip_seq,783,0.003946,true,0.0001
game,T10,ip_seq,784,0.004124,true,0.0001
game,T10,ip_seq,785,0.00568,true,0.0001
game,T10,ip_seq,786,0.004072,true,0.0001
game,T10,ip_seq,787,0.006825,true,0.0001
game,T10,ip_seq,788,0.004179,true,0.0001
game,T10,ip_seq,789,0.004373,true,0.0001
game,T10,ip_seq,790,0.005503,true,0.0001
game,T10,ip_seq,791,0.004079,true,0.0001
game,T10,ip_seq,792,0.008779,true,0.0001
game,T10,ip_seq,793,0.004953,true,0.0001
game,T10,ip_seq,794,0.004151,true,0.0001
game,T10,ip_seq,795,0.004154,true,0.0001
game,T10,ip_seq,796,0.006412,true,0.0001
game,T10,ip_seq,797,0.007118,true,0.0001
game,T10,ip_seq,798,0.004178,true,0.0001
game,T10,ip_seq,799,0.004128,true,0.0001
game,T10,ip_seq,800,0.003905,true,0.0001
game,T10,ip_seq,801,0.004754,true,0.0001
game,T10,ip_seq,802,0.006906,true,0.0001
game,T10,ip_seq,803,0.004633,true,0.0001
game,T10,ip_seq,804,0.005708,true,0.0001
game,T10,ip_seq,805,0.00526,true,0.0001
game,T10,ip_seq,806,0.004107,true,0.0001
game,T10,ip_seq,807,0.006631,true,0.0001
game,T10,ip_seq,808,0.003978,true,0.0001
game,T10,ip_seq,809,0.004157,true,0.0001
game,T10,ip_seq,810,0.004156,true,0.0001
game,T10,ip_seq,811,0.004109,true,0.0001
game,T10,ip_seq,812,0.0142,true,0.0001
game,T10,ip_seq,813,0.005011,true,0.0001
game,T10,ip_seq,814,0.004347,true,0.0001
game,T10,ip_seq,815,0.004108,true,0.0001
game,T10,ip_seq,816,0.006658,true,0.0001
game,T10,ip_seq,817,0.004199,true,0.0001
game,T10,ip_seq,818,0.003955,true,0.0001
game,T10,ip_seq,819,0.004343,true,0.0001
game,T10,ip_seq,820,0.004321,true,0.0001
game,T10,ip_seq,821,0.006764,true,0.0001
game,T10,ip_seq,822,0.005106,true,0.0001
game,T10,ip_seq,823,0.004169,true,0.0001
game,T10,ip_seq,824,0.004113,true,0.0001
game,T10,ip_seq,825,0.005199,true,0.0001
game,T10,ip_seq,826,0.00676,true,0.0001
game,T10,ip_seq,827,0.004191,true,0.0001
game,T10,ip_seq,828,0.005081,true,0.0001
game,T10,ip_seq,829,0.004114,true,0.0001
game,T10,ip_seq,830,0.003855,true,0.0001
game,T10,ip_seq,831,0.00413,true,0.0001
game,T10,ip_seq,832,0.006673,true,0.0001
game,T10,ip_seq,833,0.003932,true,0.0001
game,T10,ip_seq,834,0.003887,true,0.0001
game,T10,ip_seq,835,0.004105,true,0.0001
game,T10,ip_seq,836,0.005978,true,0.0001
game,T10,ip_seq,837,0.007761,true,0.0001
game,T10,ip_seq,838,0.004383,true,0.0001
game,T10,ip_seq,839,0.004151,true,0.0001
game,T10,ip_seq,840,0.004106,true,0.0001
game,T10,ip_seq,841,0.00389,true,0.0001
game,T10,ip_seq,842,0.008909,true,0.0001
game,T10,ip_seq,843,0.004141,true,0.0001
game,T10,ip_seq,844,0.004138,true,0.0001
game,T10,ip_seq,845,0.003871,true,0.0001
game,T10,ip_seq,846,0.003903,true,0.0001
game,T10,ip_seq,847,0.008266,true,0.0001
game,T10,ip_seq,848,0.004551,true,0.0001
game,T10,ip_seq,849,0.005498,true,0.0001
game,T10,ip_seq,850,0.003877,true,0.0001
game,T10,ip_seq,851,0.003905,true,0.0001
game,T10,ip_seq,852,0.006883,true,0.0001
game,T10,ip_seq,853,0.005977,true,0.0001
game,T10,ip_seq,854,0.004345,true,0.0001
game,T10,ip_seq,855,0.005481,true,0.0001
game,T10,ip_seq,856,0.006804,true,0.0001
game,T10,ip_seq,857,0.004453,true,0.0001
game,T10,ip_seq,858,0.004211,true,0.0001
game,T10,ip_seq,859,0.004151,true,0.0001
game,T10,ip_seq,860,0.004868,true,0.0001
game,T10,ip_seq,861,0.006714,true,0.0001
game,T10,ip_seq,862,0.004202,true,0.0001
game,T10,ip_seq,863,0.004152,true,0.0001
game,T10,ip_seq,864,0.004147,true,0.0001
game,T10,ip_seq,865,0.005022,true,0.0001
game,T10,ip_seq,866,0.003892,true,0.0001
game,T10,ip_seq,867,0.006602,true,0.0001
game,T10,ip_seq,868,0.004146,true,0.0001
game,T10,ip_seq,869,0.004103,true,0.0001
game,T10,ip_seq,870,0.004133,true,0.0001
game,T10,ip_seq,871,0.004363,true,0.0001
game,T10,ip_seq,872,0.007687,true,0.0001
game,T10,ip_seq,873,0.004283,true,0.0001
game,T10,ip_seq,874,0.005484,true,0.0001
game,T10,ip_seq,875,0.004349,true,0.0001
game,T10,ip_seq,876,0.004791,true,0.0001
game,T10,ip_seq,877,0.008442,true,0.0001
game,T10,ip_seq,878,0.004421,true,0.0001
game,T10,ip_seq,879,0.004127,true,0.0001
game,T10,ip_seq,880,0.004104,true,0.0001
game,T10,ip_seq,881,0.003896,true,0.0001
game,T10,ip_seq,882,0.006884,true,0.0001
game,T10,ip_seq,883,0.003964,true,0.0001
game,T10,ip_seq,884,0.004385,true,0.0001
game,T10,ip_seq,885,0.006325,true,0.0001
game,T10,ip_seq,886,0.004574,true,0.0001
game,T10,ip_seq,887,0.007129,true,0.0001
game,T10,ip_seq,888,0.005559,true,0.0001
game,T10,ip_seq,889,0.004222,true,0.0001
game,T10,ip_seq,890,0.005683,true,0.0001
game,T10,ip_seq,891,0.007787,true,0.0001
game,T10,ip_seq,892,0.004214,true,0.0001
game,T10,ip_seq,893,0.00389,true,0.0001
game,T10,ip_seq,894,0.004396,true,0.0001
game,T10,ip_seq,895,0.004113,true,0.0001
game,T10,ip_seq,896,0.004349,true,0.0001
game,T10,ip_seq,897,0.007167,true,0.0001
game,T10,ip_seq,898,0.004165,true,0.0001
game,T10,ip_seq,899,0.004517,true,0.0001
game,T10,ip_seq,900,0.004156,true,0.0001
game,T10,ip_seq,901,0.00415,true,0.0001
game,T10,ip_seq,902,0.007466,true,0.0001
game,T10,ip_seq,903,0.004219,true,0.0001
game,T10,ip_seq,904,0.004666,true,0.0001
game,T10,ip_seq,905,0.003915,true,0.0001
game,T10,ip_seq,906,0.005948,true,0.0001
game,T10,ip_seq,907,0.007064,true,0.0001
game,T10,ip_seq,908,0.004655,true,0.0001
game,T10,ip_seq,909,0.004181,true,0.0001
game,T10,ip_seq,910,0.006119,true,0.0001
game,T10,ip_seq,911,0.00501,true,0.0001
game,T10,ip_seq,912,0.007941,true,0.0001
game,T10,ip_seq,913,0.003721,true,0.0001
game,T10,ip_seq,914,0.004142,true,0.0001
game,T10,ip_seq,915,0.004127,true,0.0001
game,T10,ip_seq,916,0.004554,true,0.0001
game,T10,ip_seq,917,0.006891,true,0.0001
game,T10,ip_seq,918,0.005385,true,0.0001
game,T10,ip_seq,919,0.004567,true,0.0001
game,T10,ip_seq,920,0.004377,true,0.0001
game,T10,ip_seq,921,0.003899,true,0.0001
game,T10,ip_seq,922,0.007159,true,0.0001
game,T10,ip_seq,923,0.006913,true,0.0001
game,T10,ip_seq,924,0.004135,true,0.0001
game,T10,ip_seq,925,0.004329,true,0.0001
game,T10,ip_seq,926,0.004308,true,0.0001
game,T10,ip_seq,927,0.006852,true,0.0001
game,T10,ip_seq,928,0.003949,true,0.0001
game,T10,ip_seq,929,0.004114,true,0.0001
game,T10,ip_seq,930,0.003904,true,0.0001
game,T10,ip_seq,931,0.005266,true,0.0001
game,T10,ip_seq,932,0.006904,true,0.0001
game,T10,ip_seq,933,0.005386,true,0.0001
game,T10,ip_seq,934,0.004172,true,0.0001
game,T10,ip_seq,935,0.004122,true,0.0001
game,T10,ip_seq,936,0.00501,true,0.0001
game,T10,ip_seq,937,0.006815,true,0.0001
game,T10,ip_seq,938,0.004195,true,0.0001
game,T10,ip_seq,939,0.005349,true,0.0001
game,T10,ip_seq,940,0.004128,true,0.0001
game,T10,ip_seq,941,0.004314,true,0.0001
game,T10,ip_seq,942,0.006887,true,0.0001
game,T10,ip_seq,943,0.004222,true,0.0001
game,T10,ip_seq,944,0.00415,true,0.0001
game,T10,ip_seq,945,0.00391,true,0.0001
game,T10,ip_seq,946,0.004129,true,0.0001
game,T10,ip_seq,947,0.008331,true,0.0001
game,T10,ip_seq,948,0.003986,true,0.0001
game,T10,ip_seq,949,0.005484,true,0.0001
game,T10,ip_seq,950,0.004353,true,0.0001
game,T10,ip_seq,951,0.004534,true,0.0001
game,T10,ip_seq,952,0.008063,true,0.0001
game,T10,ip_seq,953,0.003952,true,0.0001
game,T10,ip_seq,954,0.00437,true,0.0001
game,T10,ip_seq,955,0.004105,true,0.0001
game,T10,ip_seq,956,0.012552,true,0.0001
game,T10,ip_seq,957,0.003937,true,0.0001
game,T10,ip_seq,958,0.005273,true,0.0001
game,T10,ip_seq,959,0.004158,true,0.0001
game,T10,ip_seq,960,0.004114,true,0.0001
game,T10,ip_seq,961,0.00967,true,0.0001
game,T10,ip_seq,962,0.004167,true,0.0001
game,T10,ip_seq,963,0.004392,true,0.0001
game,T10,ip_seq,964,0.003965,true,0.0001
game,T10,ip_seq,965,0.004189,true,0.0001
game,T10,ip_seq,966,0.003979,true,0.0001
game,T10,ip_seq,967,0.008147,true,0.0001
game,T10,ip_seq,968,0.005168,true,0.0001
game,T10,ip_seq,969,0.004168,true,0.0001
game,T10,ip_seq,970,0.0051,true,0.0001
game,T10,ip_seq,971,0.004167,true,0.0001
game,T10,ip_seq,972,0.004219,true,0.0001
game,T10,ip_seq,973,0.008203,true,0.0001
game,T10,ip_seq,974,0.004596,true,0.0001
game,T10,ip_seq,975,0.004219,true,0.0001
game,T10,ip_seq,976,0.004471,true,0.0001
game,T10,ip_seq,977,0.004201,true,0.0001
game,T10,ip_seq,978,0.004192,true,0.0001
game,T10,ip_seq,979,0.007966,true,0.0001
game,T10,ip_seq,980,0.004167,true,0.0001
game,T10,ip_seq,981,0.005552,true,0.0001
game,T10,ip_seq,982,0.004184,true,0.0001
game,T10,ip_seq,983,0.004126,true,0.0001
game,T10,ip_seq,984,0.007197,true,0.0001
game,T10,ip_seq,985,0.004042,true,0.0001
game,T10,ip_seq,986,0.004164,true,0.0001
game,T10,ip_seq,987,0.004555,true,0.0001
game,T10,ip_seq,988,0.005605,true,0.0001
game,T10,ip_seq,989,0.008408,true,0.0001
game,T10,ip_seq,990,0.004497,true,0.0001
game,T10,ip_seq,991,0.004186,true,0.0001
game,T10,ip_seq,992,0.003893,true,0.0001
game,T10,ip_seq,993,0.004824,true,0.0001
game,T10,ip_seq,994,0.005501,true,0.0001
game,T10,ip_seq,995,0.008314,true,0.0001
game,T10,ip_seq,996,0.004887,true,0.0001
game,T10,ip_seq,997,0.004559,true,0.0001
game,T10,ip_seq,998,0.004095,true,0.0001
game,T10,ip_seq,999,0.004094,true,0.0001
game,T10,ip_seq,1000,0.006679,true,0.0001
game,T10,ip_seq,1001,0.003942,true,0.0001
game,T10,ip_seq,1002,0.004164,true,0.0001
game,T10,ip_seq,1003,0.005426,true,0.0001
game,T10,ip_seq,1004,0.004106,true,0.0001
game,T10,ip_seq,1005,0.006878,true,0.0001
game,T10,ip_seq,1006,0.003727,true,0.0001
game,T10,ip_seq,1007,0.004122,true,0.0001
game,T10,ip_seq,1008,0.004108,true,0.0001
game,T10,ip_seq,1009,0.004152,true,0.0001
game,T10,ip_seq,1010,0.00828,true,0.0001
game,T10,ip_seq,1011,0.003969,true,0.0001
game,T10,ip_seq,1012,0.003936,true,0.0001
game,T10,ip_seq,1013,0.004821,true,0.0001
game,T10,ip_seq,1014,0.003651,true,0.0001
game,T10,ip_seq,1015,0.003908,true,0.0001
game,T10,ip_seq,1016,0.00682,true,0.0001
game,T10,ip_seq,1017,0.003731,true,0.0001
game,T10,ip_seq,1018,0.005305,true,0.0001
game,T10,ip_seq,1019,0.004367,true,0.0001
game,T10,ip_seq,1020,0.00412,true,0.0001
game,T10,ip_seq,1021,0.006794,true,0.0001
game,T10,ip_seq,1022,0.004169,true,0.0001
game,T10,ip_seq,1023,0.004119,true,0.0001
game,T10,ip_seq,1024,0.004341,true,0.0001
game,T10,path,1,0.059047,true,0.0001
game,T10,path,2,0.041431,true,0.0001
game,T10,path,3,0.029015,true,0.0001
game,T10,path,4,0.048331,true,0.0001
game,T10,path,5,0.058194,true,0.0001
game,T10,path,6,0.042952,true,0.0001
game,T10,path,7,0.028199,true,0.0001
game,T10,path,8,0.023337,true,0.0001
game,T10,path,9,0.031856,true,0.0001
game,T10,path,10,0.061212,true,0.0001
game,T10,path,11,0.026706,true,0.0001
game,T10,path,12,0.028541,true,0.0001
game,T10,path,13,0.022396,true,0.0001
game,T10,path,14,0.03193,true,0.0001
game,T10,path,15,0.056334,true,0.0001
game,T10,path,16,0.040631,true,0.0001
game,T10,path,17,0.064279,true,0.0001
game,T10,path,18,0.03422,true,0.0001
game,T10,path,19,0.022416,true,0.0001
game,T10,path,20,0.043982,true,0.0001
game,T10,path,21,0.031904,true,0.0001
game,T10,path,22,0.060629,true,0.0001
game,T10,path,23,0.040808,true,0.0001
game,T10,path,24,0.023811,true,0.0001
game,T10,path,25,0.048819,true,0.0001
game,T10,path,26,0.065637,true,0.0001
game,T10,path,27,0.036384,true,0.0001
game,T10,path,28,0.031122,true,0.0001
game,T10,path,29,0.033276,true,0.0001
game,T10,path,30,0.032443,true,0.0001
game,T10,path,31,0.021816,true,0.0001
game,T10,path,32,0.016555,true,0.0001
game,T10,path,33,0.027393,true,0.0001
game,T10,path,34,0.039009,true,0.0001
game,T10,path,35,0.021349,true,0.0001
game,T10,path,36,0.023897,true,0.0001
game,T10,path,37,0.021195,true,0.0001
game,T10,path,38,0.040232,true,0.0001
game,T10,path,39,0.045699,true,0.0001
game,T10,path,40,0.038672,true,0.0001
game,T10,path,41,0.03355,true,0.0001
game,T10,path,42,0.014477,true,0.0001
game,T10,path,43,0.051755,true,0.0001
game,T10,path,44,0.133682,false,0.0001
game,T10,path,45,0.069961,true,0.0001
game,T10,path,46,0.046311,true,0.0001
game,T10,path,47,0.012788,true,0.0001
game,T10,path,48,0.030076,true,0.0001
game,T10,path,49,0.033923,true,0.0001
game,T10,path,50,0.070793,true,0.0001
game,T10,path,51,0.046606,true,0.0001
game,T10,path,52,0.04056,true,0.0001
game,T10,path,53,0.056292,true,0.0001
game,T10,path,54,0.089312,true,0.0001
game,T10,path,55,0.060301,true,0.0001
game,T10,path,56,0.03454,true,0.0001
game,T10,path,57,0.03315,true,0.0001
game,T10,path,58,0.03021,true,0.0001
game,T10,path,59,0.046223,true,0.0001
game,T10,path,60,0.024117,true,0.0001
game,T10,path,61,0.041187,true,0.0001
game,T10,path,62,0.057106,true,0.0001
game,T10,path,63,0.037605,true,0.0001
game,T10,path,64,0.037056,true,0.0001
game,T10,path,65,0.042639,true,0.0001
game,T10,path,66,0.083667,true,0.0001
game,T10,path,67,0.068012,true,0.0001
game,T10,path,68,0.04736,true,0.0001
game,T10,path,69,0.052033,true,0.0001
game,T10,path,70,0.044437,true,0.0001
game,T10,path,71,0.059546,true,0.0001
game,T10,path,72,0.024886,true,0.0001
game,T10,path,73,0.039409,true,0.0001
game,T10,path,74,0.034438,true,0.0001
game,T10,path,75,0.052557,true,0.0001
game,T10,path,76,0.036876,true,0.0001
game,T10,path,77,0.076643,true,0.0001
game,T10,path,78,0.029315,true,0.0001
game,T10,path,79,0.097236,true,0.0001
game,T10,path,80,0.053386,true,0.0001
game,T10,path,81,0.027304,true,0.0001
game,T10,path,82,0.010744,true,0.0001
game,T10,path,83,0.043748,true,0.0001
game,T10,path,84,0.055762,true,0.0001
game,T10,path,85,0.029837,true,0.0001
game,T10,path,86,0.017697,true,0.0001
game,T10,path,87,0.014258,true,0.0001
game,T10,path,88,0.03931,true,0.0001
game,T10,path,89,0.019293,true,0.0001
game,T10,path,90,0.014485,true,0.0001
game,T10,path,91,0.025322,true,0.0001
game,T10,path,92,0.014042,true,0.0001
game,T10,path,93,0.064196,true,0.0001
game,T10,path,94,0.017628,true,0.0001
game,T10,path,95,0.044405,true,0.0001
game,T10,path,96,0.026771,true,0.0001
game,T10,path,97,0.044671,true,0.0001
game,T10,path,98,0.052125,true,0.0001
game,T10,path,99,0.029849,true,0.0001
game,T10,path,100,0.031026,true,0.0001
game,T10,path,101,0.03533,true,0.0001
game,T10,path,102,0.044199,true,0.0001
game,T10,path,103,0.015364,true,0.0001
game,T10,path,104,0.064104,true,0.0001
game,T10,path,105,0.037147,true,0.0001
game,T10,path,106,0.024284,true,0.0001
game,T10,path,107,0.029934,true,0.0001
game,T10,path,108,0.021838,true,0.0001
game,T10,path,109,0.040416,true,0.0001
game,T10,path,110,0.028442,true,0.0001
game,T10,path,111,0.045204,true,0.0001
game,T10,path,112,0.051844,true,0.0001
game,T10,path,113,0.062487,true,0.0001
game,T10,path,114,0.063863,true,0.0001
game,T10,path,115,0.026768,true,0.0001
game,T10,path,116,0.040245,true,0.0001
game,T10,path,117,0.027885,true,0.0001
game,T10,path,118,0.036468,true,0.0001
game,T10,path,119,0.059213,true,0.0001
game,T10,path,120,0.072426,true,0.0001
game,T10,path,121,0.047608,true,0.0001
game,T10,path,122,0.059167,true,0.0001
game,T10,path,123,0.051396,true,0.0001
game,T10,path,124,0.05264,true,0.0001
game,T10,path,125,0.045372,true,0.0001
game,T10,path,126,0.042801,true,0.0001
game,T10,path,127,0.041859,true,0.0001
game,T10,path,128,0.047237,true,0.0001
game,T10,path,129,0.043407,true,0.0001
game,T10,path,130,0.028341,true,0.0001
game,T10,path,131,0.058127,true,0.0001
game,T10,path,132,0.064473,true,0.0001
game,T10,path,133,0.038874,true,0.0001
game,T10,path,134,0.018512,true,0.0001
game,T10,path,135,0.028113,true,0.0001
game,T10,path,136,0.05445,true,0.0001
game,T10,path,137,0.024614,true,0.0001
game,T10,path,138,0.053914,true,0.0001
game,T10,path,139,0.037193,true,0.0001
game,T10,path,140,0.033229,true,0.0001
game,T10,path,141,0.049082,true,0.0001
game,T10,path,142,0.060504,true,0.0001
game,T10,path,143,0.068805,true,0.0001
game,T10,path,144,0.042189,true,0.0001
game,T10,path,145,0.019698,true,0.0001
game,T10,path,146,0.128132,false,0.0001
game,T10,path,147,0.134961,false,0.0001
game,T10,path,148,0.066958,true,0.0001
game,T10,path,149,0.060483,true,0.0001
game,T10,path,150,0.009076,true,0.0001
game,T10,path,151,0.043142,true,0.0001
game,T10,path,152,0.039183,true,0.0001
game,T10,path,153,0.078535,true,0.0001
game,T10,path,154,0.035564,true,0.0001
game,T10,path,155,0.037982,true,0.0001
game,T10,path,156,0.028471,true,0.0001
game,T10,path,157,0.030603,true,0.0001
game,T10,path,158,0.02328,true,0.0001
game,T10,path,159,0.05634,true,0.0001
game,T10,path,160,0.027354,true,0.0001
game,T10,path,161,0.048547,true,0.0001
game,T10,path,162,0.047062,true,0.0001
game,T10,path,163,0.035739,true,0.0001
game,T10,path,164,0.014188,true,0.0001
game,T10,path,165,0.037166,true,0.0001
game,T10,path,166,0.035555,true,0.0001
game,T10,path,167,0.096412,true,0.0001
game,T10,path,168,0.03388,true,0.0001
game,T10,path,169,0.049572,true,0.0001
game,T10,path,170,0.043878,true,0.0001
game,T10,path,171,0.069887,true,0.0001
game,T10,path,172,0.032007,true,0.0001
game,T10,path,173,0.047224,true,0.0001
game,T10,path,174,0.012958,true,0.0001
game,T10,path,175,0.028524,true,0.0001
game,T10,path,176,0.048738,true,0.0001
game,T10,path,177,0.058888,true,0.0001
game,T10,path,178,0.018778,true,0.0001
game,T10,path,179,0.065237,true,0.0001
game,T10,path,180,0.044771,true,0.0001
game,T10,path,181,0.051146,true,0.0001
game,T10,path,182,0.058036,true,0.0001
game,T10,path,183,0.041736,true,0.0001
game,T10,path,184,0.035688,true,0.0001
game,T10,path,185,0.07958,true,0.0001
game,T10,path,186,0.041533,true,0.0001
game,T10,path,187,0.044183,true,0.0001
game,T10,path,188,0.04853,true,0.0001
game,T10,path,189,0.082099,true,0.0001
game,T10,path,190,0.031297,true,0.0001
game,T10,path,191,0.065608,true,0.0001
game,T10,path,192,0.06736,true,0.0001
game,T10,path,193,0.037194,true,0.0001
game,T10,path,194,0.028724,true,0.0001
game,T10,path,195,0.039806,true,0.0001
game,T10,path,196,0.050587,true,0.0001
game,T10,path,197,0.021422,true,0.0001
game,T10,path,198,0.017175,true,0.0001
game,T10,path,199,0.042674,true,0.0001
game,T10,path,200,0.024449,true,0.0001
game,T10,path,201,0.048291,true,0.0001
game,T10,path,202,0.02579,true,0.0001
game,T10,path,203,0.036151,true,0.0001
game,T10,path,204,0.040715,true,0.0001
game,T10,path,205,0.050645,true,0.0001
game,T10,path,206,0.053985,true,0.0001
game,T10,path,207,0.046323,true,0.0001
game,T10,path,208,0.036742,true,0.0001
game,T10,path,209,0.05262,true,0.0001
game,T10,path,210,0.062723,true,0.0001
game,T10,path,211,0.068515,true,0.0001
game,T10,path,212,0.052027,true,0.0001
game,T10,path,213,0.031152,true,0.0001
game,T10,path,214,0.048902,true,0.0001
game,T10,path,215,0.04378,true,0.0001
game,T10,path,216,0.111874,true,0.0001
game,T10,path,217,0.040098,true,0.0001
game,T10,path,218,0.018487,true,0.0001
game,T10,path,219,0.044314,true,0.0001
game,T10,path,220,0.044706,true,0.0001
game,T10,path,221,0.012727,true,0.0001
game,T10,path,222,0.027422,true,0.0001
game,T10,path,223,0.112732,true,0.0001
game,T10,path,224,0.055775,true,0.0001
game,T10,path,225,0.027746,true,0.0001
game,T10,path,226,0.053469,true,0.0001
game,T10,path,227,0.027206,true,0.0001
game,T10,path,228,0.027906,true,0.0001
game,T10,path,229,0.08683,true,0.0001
game,T10,path,230,0.042799,true,0.0001
game,T10,path,231,0.030111,true,0.0001
game,T10,path,232,0.030688,true,0.0001
game,T10,path,233,0.044112,true,0.0001
game,T10,path,234,0.011968,true,0.0001
game,T10,path,235,0.045144,true,0.0001
game,T10,path,236,0.06104,true,0.0001
game,T10,path,237,0.027882,true,0.0001
game,T10,path,238,0.054498,true,0.0001
game,T10,path,239,0.038122,true,0.0001
game,T10,path,240,0.07746,true,0.0001
game,T10,path,241,0.051402,true,0.0001
game,T10,path,242,0.040722,true,0.0001
game,T10,path,243,0.039287,true,0.0001
game,T10,path,244,0.022046,true,0.0001
game,T10,path,245,0.04453,true,0.0001
game,T10,path,246,0.020714,true,0.0001
game,T10,path,247,0.027073,true,0.0001
game,T10,path,248,0.051155,true,0.0001
game,T10,path,249,0.037402,true,0.0001
game,T10,path,250,0.126983,false,0.0001
game,T10,path,251,0.044198,true,0.0001
game,T10,path,252,0.032762,true,0.0001
game,T10,path,253,0.039626,true,0.0001
game,T10,path,254,0.063202,true,0.0001
game,T10,path,255,0.037506,true,0.0001
game,T10,path,256,0.076216,true,0.0001
game,T10,path,257,0.06928,true,0.0001
game,T10,path,258,0.02918,true,0.0001
game,T10,path,259,0.049125,true,0.0001
game,T10,path,260,0.029988,true,0.0001
game,T10,path,261,0.032553,true,0.0001
game,T10,path,262,0.040053,true,0.0001
game,T10,path,263,0.063655,true,0.0001
game,T10,path,264,0.041909,true,0.0001
game,T10,path,265,0.047551,true,0.0001
game,T10,path,266,0.051938,true,0.0001
game,T10,path,267,0.052724,true,0.0001
game,T10,path,268,0.034911,true,0.0001
game,T10,path,269,0.028406,true,0.0001
game,T10,path,270,0.064853,true,0.0001
game,T10,path,271,0.046478,true,0.0001
game,T10,path,272,0.042484,true,0.0001
game,T10,path,273,0.033637,true,0.0001
game,T10,path,274,0.043619,true,0.0001
game,T10,path,275,0.03591,true,0.0001
game,T10,path,276,0.059474,true,0.0001
game,T10,path,277,0.021042,true,0.0001
game,T10,path,278,0.067146,true,0.0001
game,T10,path,279,0.022078,true,0.0001
game,T10,path,280,0.074922,true,0.0001
game,T10,path,281,0.061834,true,0.0001
game,T10,path,282,0.021696,true,0.0001
game,T10,path,283,0.059738,true,0.0001
game,T10,path,284,0.03009,true,0.0001
game,T10,path,285,0.024938,true,0.0001
game,T10,path,286,0.025835,true,0.0001
game,T10,path,287,0.04739,true,0.0001
game,T10,path,288,0.045557,true,0.0001
game,T10,path,289,0.052707,true,0.0001
game,T10,path,290,0.022164,true,0.0001
game,T10,path,291,0.063421,true,0.0001
game,T10,path,292,0.022548,true,0.0001
game,T10,path,293,0.033699,true,0.0001
game,T10,path,294,0.113067,true,0.0001
game,T10,path,295,0.020766,true,0.0001
game,T10,path,296,0.02353,true,0.0001
game,T10,path,297,0.020897,true,0.0001
game,T10,path,298,0.047869,true,0.0001
game,T10,path,299,0.032551,true,0.0001
game,T10,path,300,0.056477,true,0.0001
game,T10,path,301,0.034463,true,0.0001
game,T10,path,302,0.038728,true,0.0001
game,T10,path,303,0.061378,true,0.0001
game,T10,path,304,0.02261,true,0.0001
game,T10,path,305,0.060813,true,0.0001
game,T10,path,306,0.034799,true,0.0001
game,T10,path,307,0.026743,true,0.0001
game,T10,path,308,0.019632,true,0.0001
game,T10,path,309,0.037416,true,0.0001
game,T10,path,310,0.036991,true,0.0001
game,T10,path,311,0.042736,true,0.0001
game,T10,path,312,0.086969,true,0.0001
game,T10,path,313,0.056881,true,0.0001
game,T10,path,314,0.026917,true,0.0001
game,T10,path,315,0.050621,true,0.0001
game,T10,path,316,0.045648,true,0.0001
game,T10,path,317,0.028414,true,0.0001
game,T10,path,318,0.023626,true,0.0001
game,T10,path,319,0.031872,true,0.0001
game,T10,path,320,0.041209,true,0.0001
game,T10,path,321,0.030288,true,0.0001
game,T10,path,322,0.042718,true,0.0001
game,T10,path,323,0.026473,true,0.0001
game,T10,path,324,0.137047,false,0.0001
game,T10,path,325,0.042348,true,0.0001
game,T10,path,326,0.044067,true,0.0001
game,T10,path,327,0.040833,true,0.0001
game,T10,path,328,0.035196,true,0.0001
game,T10,path,329,0.037035,true,0.0001
game,T10,path,330,0.030706,true,0.0001
game,T10,path,331,0.039371,true,0.0001
game,T10,path,332,0.061525,true,0.0001
game,T10,path,333,0.024189,true,0.0001
game,T10,path,334,0.031609,true,0.0001
game,T10,path,335,0.03635,true,0.0001
game,T10,path,336,0.036853,true,0.0001
game,T10,path,337,0.043955,true,0.0001
game,T10,path,338,0.046207,true,0.0001
game,T10,path,339,0.137197,false,0.0001
game,T10,path,340,0.063126,true,0.0001
game,T10,path,341,0.021098,true,0.0001
game,T10,path,342,0.036604,true,0.0001
game,T10,path,343,0.02964,true,0.0001
game,T10,path,344,0.136845,false,0.0001
game,T10,path,345,0.050013,true,0.0001
game,T10,path,346,0.045288,true,0.0001
game,T10,path,347,0.023919,true,0.0001
game,T10,path,348,0.023617,true,0.0001
game,T10,path,349,0.130053,false,0.0001
game,T10,path,350,0.045288,true,0.0001
game,T10,path,351,0.055205,true,0.0001
game,T10,path,352,0.038285,true,0.0001
game,T10,path,353,0.078151,true,0.0001
game,T10,path,354,0.064809,true,0.0001
game,T10,path,355,0.055364,true,0.0001
game,T10,path,356,0.024285,true,0.0001
game,T10,path,357,0.054648,true,0.0001
game,T10,path,358,0.02158,true,0.0001
game,T10,path,359,0.040248,true,0.0001
game,T10,path,360,0.027754,true,0.0001
game,T10,path,361,0.047788,true,0.0001
game,T10,path,362,0.017583,true,0.0001
game,T10,path,363,0.035926,true,0.0001
game,T10,path,364,0.074294,true,0.0001
game,T10,path,365,0.05109,true,0.0001
game,T10,path,366,0.028895,true,0.0001
game,T10,path,367,0.035135,true,0.0001
game,T10,path,368,0.0445,true,0.0001
game,T10,path,369,0.02124,true,0.0001
game,T10,path,370,0.135782,false,0.0001
game,T10,path,371,0.029895,true,0.0001
game,T10,path,372,0.095838,true,0.0001
game,T10,path,373,0.029829,true,0.0001
game,T10,path,374,0.062306,true,0.0001
game,T10,path,375,0.03471,true,0.0001
game,T10,path,376,0.06628,true,0.0001
game,T10,path,377,0.069925,true,0.0001
game,T10,path,378,0.083662,true,0.0001
game,T10,path,379,0.081007,true,0.0001
game,T10,path,380,0.021404,true,0.0001
game,T10,path,381,0.040444,true,0.0001
game,T10,path,382,0.023793,true,0.0001
game,T10,path,383,0.038605,true,0.0001
game,T10,path,384,0.023586,true,0.0001
game,T10,path,385,0.027306,true,0.0001
game,T10,path,386,0.023735,true,0.0001
game,T10,path,387,0.095852,true,0.0001
game,T10,path,388,0.078412,true,0.0001
game,T10,path,389,0.059933,true,0.0001
game,T10,path,390,0.054718,true,0.0001
game,T10,path,391,0.049084,true,0.0001
game,T10,path,392,0.037699,true,0.0001
game,T10,path,393,0.06807,true,0.0001
game,T10,path,394,0.027826,true,0.0001
game,T10,path,395,0.031588,true,0.0001
game,T10,path,396,0.036273,true,0.0001
game,T10,path,397,0.020886,true,0.0001
game,T10,path,398,0.058377,true,0.0001
game,T10,path,399,0.040481,true,0.0001
game,T10,path,400,0.037311,true,0.0001
game,T10,path,401,0.04047,true,0.0001
game,T10,path,402,0.047126,true,0.0001
game,T10,path,403,0.065448,true,0.0001
game,T10,path,404,0.018708,true,0.0001
game,T10,path,405,0.03469,true,0.0001
game,T10,path,406,0.031482,true,0.0001
game,T10,path,407,0.012527,true,0.0001
game,T10,path,408,0.059603,true,0.0001
game,T10,path,409,0.041312,true,0.0001
game,T10,path,410,0.040806,true,0.0001
game,T10,path,411,0.082609,true,0.0001
game,T10,path,412,0.061147,true,0.0001
game,T10,path,413,0.018602,true,0.0001
game,T10,path,414,0.045083,true,0.0001
game,T10,path,415,0.02896,true,0.0001
game,T10,path,416,0.04083,true,0.0001
game,T10,path,417,0.041558,true,0.0001
game,T10,path,418,0.024105,true,0.0001
game,T10,path,419,0.048697,true,0.0001
game,T10,path,420,0.041837,true,0.0001
game,T10,path,421,0.048687,true,0.0001
game,T10,path,422,0.030914,true,0.0001
game,T10,path,423,0.06555,true,0.0001
game,T10,path,424,0.129967,false,0.0001
game,T10,path,425,0.018372,true,0.0001
game,T10,path,426,0.062196,true,0.0001
game,T10,path,427,0.016914,true,0.0001
game,T10,path,428,0.042015,true,0.0001
game,T10,path,429,0.037016,true,0.0001
game,T10,path,430,0.030898,true,0.0001
game,T10,path,431,0.053983,true,0.0001
game,T10,path,432,0.057279,true,0.0001
game,T10,path,433,0.061679,true,0.0001
game,T10,path,434,0.046744,true,0.0001
game,T10,path,435,0.036,true,0.0001
game,T10,path,436,0.116932,true,0.0001
game,T10,path,437,0.027334,true,0.0001
game,T10,path,438,0.032748,true,0.0001
game,T10,path,439,0.036262,true,0.0001
game,T10,path,440,0.035898,true,0.0001
game,T10,path,441,0.041353,true,0.0001
game,T10,path,442,0.066523,true,0.0001
game,T10,path,443,0.119941,false,0.0001
game,T10,path,444,0.113913,true,0.0001
game,T10,path,445,0.022682,true,0.0001
game,T10,path,446,0.071092,true,0.0001
game,T10,path,447,0.03977,true,0.0001
game,T10,path,448,0.028358,true,0.0001
game,T10,path,449,0.025651,true,0.0001
game,T10,path,450,0.037047,true,0.0001
game,T10,path,451,0.045461,true,0.0001
game,T10,path,452,0.024509,true,0.0001
game,T10,path,453,0.066857,true,0.0001
game,T10,path,454,0.056193,true,0.0001
game,T10,path,455,0.051303,true,0.0001
game,T10,path,456,0.048758,true,0.0001
game,T10,path,457,0.02211,true,0.0001
game,T10,path,458,0.035023,true,0.0001
game,T10,path,459,0.030203,true,0.0001
game,T10,path,460,0.030906,true,0.0001
game,T10,path,461,0.041216,true,0.0001
game,T10,path,462,0.022966,true,0.0001
game,T10,path,463,0.040379,true,0.0001
game,T10,path,464,0.073621,true,0.0001
game,T10,path,465,0.06654,true,0.0001
game,T10,path,466,0.024713,true,0.0001
game,T10,path,467,0.052774,true,0.0001
game,T10,path,468,0.028778,true,0.0001
game,T10,path,469,0.041881,true,0.0001
game,T10,path,470,0.037591,true,0.0001
game,T10,path,471,0.038032,true,0.0001
game,T10,path,472,0.055692,true,0.0001
game,T10,path,473,0.123124,false,0.0001
game,T10,path,474,0.040302,true,0.0001
game,T10,path,475,0.046726,true,0.0001
game,T10,path,476,0.049846,true,0.0001
game,T10,path,477,0.03471,true,0.0001
game,T10,path,478,0.032372,true,0.0001
game,T10,path,479,0.033948,true,0.0001
game,T10,path,480,0.071883,true,0.0001
game,T10,path,481,0.037601,true,0.0001
game,T10,path,482,0.027333,true,0.0001
game,T10,path,483,0.029174,true,0.0001
game,T10,path,484,0.045429,true,0.0001
game,T10,path,485,0.056184,true,0.0001
game,T10,path,486,0.053321,true,0.0001
game,T10,path,487,0.043934,true,0.0001
game,T10,path,488,0.072278,true,0.0001
game,T10,path,489,0.033793,true,0.0001
game,T10,path,490,0.028921,true,0.0001
game,T10,path,491,0.0166,true,0.0001
game,T10,path,492,0.024857,true,0.0001
game,T10,path,493,0.050589,true,0.0001
game,T10,path,494,0.034987,true,0.0001
game,T10,path,495,0.030677,true,0.0001
game,T10,path,496,0.030453,true,0.0001
game,T10,path,497,0.052707,true,0.0001
game,T10,path,498,0.060797,true,0.0001
game,T10,path,499,0.026861,true,0.0001
game,T10,path,500,0.070058,true,0.0001
game,T10,path,501,0.06338,true,0.0001
game,T10,path,502,0.03,true,0.0001
game,T10,path,503,0.039016,true,0.0001
game,T10,path,504,0.025061,true,0.0001
game,T10,path,505,0.022609,true,0.0001
game,T10,path,506,0.043722,true,0.0001
game,T10,path,507,0.052896,true,0.0001
game,T10,path,508,0.01447,true,0.0001
game,T10,path,509,0.046465,true,0.0001
game,T10,path,510,0.051165,true,0.0001
game,T10,path,511,0.059479,true,0.0001
game,T10,path,512,0.039149,true,0.0001
game,T10,path,513,0.015008,true,0.0001
game,T10,path,514,0.025668,true,0.0001
game,T10,path,515,0.07628,true,0.0001
game,T10,path,516,0.066958,true,0.0001
game,T10,path,517,0.054851,true,0.0001
game,T10,path,518,0.054319,true,0.0001
game,T10,path,519,0.030124,true,0.0001
game,T10,path,520,0.029369,true,0.0001
game,T10,path,521,0.0443,true,0.0001
game,T10,path,522,0.045573,true,0.0001
game,T10,path,523,0.06553,true,0.0001
game,T10,path,524,0.022247,true,0.0001
game,T10,path,525,0.059757,true,0.0001
game,T10,path,526,0.050204,true,0.0001
game,T10,path,527,0.037564,true,0.0001
game,T10,path,528,0.04207,true,0.0001
game,T10,path,529,0.044312,true,0.0001
game,T10,path,530,0.024418,true,0.0001
game,T10,path,531,0.060743,true,0.0001
game,T10,path,532,0.019825,true,0.0001
game,T10,path,533,0.081837,true,0.0001
game,T10,path,534,0.031405,true,0.0001
game,T10,path,535,0.049752,true,0.0001
game,T10,path,536,0.038399,true,0.0001
game,T10,path,537,0.035103,true,0.0001
game,T10,path,538,0.02128,true,0.0001
game,T10,path,539,0.127786,false,0.0001
game,T10,path,540,0.029624,true,0.0001
game,T10,path,541,0.035233,true,0.0001
game,T10,path,542,0.043206,true,0.0001
game,T10,path,543,0.027462,true,0.0001
game,T10,path,544,0.028472,true,0.0001
game,T10,path,545,0.03939,true,0.0001
game,T10,path,546,0.042114,true,0.0001
game,T10,path,547,0.027009,true,0.0001
game,T10,path,548,0.027798,true,0.0001
game,T10,path,549,0.042805,true,0.0001
game,T10,path,550,0.037392,true,0.0001
game,T10,path,551,0.033969,true,0.0001
game,T10,path,552,0.073879,true,0.0001
game,T10,path,553,0.030036,true,0.0001
game,T10,path,554,0.045322,true,0.0001
game,T10,path,555,0.061977,true,0.0001
game,T10,path,556,0.061847,true,0.0001
game,T10,path,557,0.05854,true,0.0001
game,T10,path,558,0.02418,true,0.0001
game,T10,path,559,0.05727,true,0.0001
game,T10,path,560,0.062397,true,0.0001
game,T10,path,561,0.074263,true,0.0001
game,T10,path,562,0.031549,true,0.0001
game,T10,path,563,0.02772,true,0.0001
game,T10,path,564,0.033411,true,0.0001
game,T10,path,565,0.047554,true,0.0001
game,T10,path,566,0.059644,true,0.0001
game,T10,path,567,0.015757,true,0.0001
game,T10,path,568,0.043594,true,0.0001
game,T10,path,569,0.045214,true,0.0001
game,T10,path,570,0.050229,true,0.0001
game,T10,path,571,0.013757,true,0.0001
game,T10,path,572,0.049754,true,0.0001
game,T10,path,573,0.047355,true,0.0001
game,T10,path,574,0.02794,true,0.0001
game,T10,path,575,0.035346,true,0.0001
game,T10,path,576,0.134593,true,0.0001
game,T10,path,577,0.037136,true,0.0001
game,T10,path,578,0.03732,true,0.0001
game,T10,path,579,0.047854,true,0.0001
game,T10,path,580,0.017535,true,0.0001
game,T10,path,581,0.044069,true,0.0001
game,T10,path,582,0.051226,true,0.0001
game,T10,path,583,0.021411,true,0.0001
game,T10,path,584,0.041824,true,0.0001
game,T10,path,585,0.054048,true,0.0001
game,T10,path,586,0.034621,true,0.0001
game,T10,path,587,0.080709,true,0.0001
game,T10,path,588,0.043544,true,0.0001
game,T10,path,589,0.054066,true,0.0001
game,T10,path,590,0.012469,true,0.0001
game,T10,path,591,0.046304,true,0.0001
game,T10,path,592,0.056209,true,0.0001
game,T10,path,593,0.05225,true,0.0001
game,T10,path,594,0.062811,true,0.0001
game,T10,path,595,0.051272,true,0.0001
game,T10,path,596,0.044798,true,0.0001
game,T10,path,597,0.072666,true,0.0001
game,T10,path,598,0.079409,true,0.0001
game,T10,path,599,0.042458,true,0.0001
game,T10,path,600,0.035939,true,0.0001
game,T10,path,601,0.072996,true,0.0001
game,T10,path,602,0.045049,true,0.0001
game,T10,path,603,0.038074,true,0.0001
game,T10,path,604,0.041478,true,0.0001
game,T10,path,605,0.065164,true,0.0001
game,T10,path,606,0.059584,true,0.0001
game,T10,path,607,0.051185,true,0.0001
game,T10,path,608,0.045947,true,0.0001
game,T10,path,609,0.042733,true,0.0001
game,T10,path,610,0.046106,true,0.0001
game,T10,path,611,0.050327,true,0.0001
game,T10,path,612,0.050817,true,0.0001
game,T10,path,613,0.034331,true,0.0001
game,T10,path,614,0.051801,true,0.0001
game,T10,path,615,0.024734,true,0.0001
game,T10,path,616,0.058747,true,0.0001
game,T10,path,617,0.045978,true,0.0001
game,T10,path,618,0.066615,true,0.0001
game,T10,path,619,0.051562,true,0.0001
game,T10,path,620,0.051113,true,0.0001
game,T10,path,621,0.065732,true,0.0001
game,T10,path,622,0.029252,true,0.0001
game,T10,path,623,0.028593,true,0.0001
game,T10,path,624,0.128051,false,0.0001
game,T10,path,625,0.026801,true,0.0001
game,T10,path,626,0.041485,true,0.0001
game,T10,path,627,0.036236,true,0.0001
game,T10,path,628,0.030951,true,0.0001
game,T10,path,629,0.11997,false,0.0001
game,T10,path,630,0.061711,true,0.0001
game,T10,path,631,0.066317,true,0.0001
game,T10,path,632,0.035464,true,0.0001
game,T10,path,633,0.059064,true,0.0001
game,T10,path,634,0.046921,true,0.0001
game,T10,path,635,0.06422,true,0.0001
game,T10,path,636,0.039102,true,0.0001
game,T10,path,637,0.060839,true,0.0001
game,T10,path,638,0.039617,true,0.0001
game,T10,path,639,0.073273,true,0.0001
game,T10,path,640,0.027252,true,0.0001
game,T10,path,641,0.038158,true,0.0001
game,T10,path,642,0.047121,true,0.0001
game,T10,path,643,0.033702,true,0.0001
game,T10,path,644,0.038325,true,0.0001
game,T10,path,645,0.049432,true,0.0001
game,T10,path,646,0.011049,true,0.0001
game,T10,path,647,0.042482,true,0.0001
game,T10,path,648,0.03344,true,0.0001
game,T10,path,649,0.015252,true,0.0001
game,T10,path,650,0.034164,true,0.0001
game,T10,path,651,0.02682,true,0.0001
game,T10,path,652,0.017652,true,0.0001
game,T10,path,653,0.037248,true,0.0001
game,T10,path,654,0.055803,true,0.0001
game,T10,path,655,0.045606,true,0.0001
game,T10,path,656,0.060724,true,0.0001
game,T10,path,657,0.037412,true,0.0001
game,T10,path,658,0.02659,true,0.0001
game,T10,path,659,0.044258,true,0.0001
game,T10,path,660,0.10734,true,0.0001
game,T10,path,661,0.05709,true,0.0001
game,T10,path,662,0.038195,true,0.0001
game,T10,path,663,0.040812,true,0.0001
game,T10,path,664,0.050324,true,0.0001
game,T10,path,665,0.046645,true,0.0001
game,T10,path,666,0.028443,true,0.0001
game,T10,path,667,0.030589,true,0.0001
game,T10,path,668,0.062894,true,0.0001
game,T10,path,669,0.036422,true,0.0001
game,T10,path,670,0.068795,true,0.0001
game,T10,path,671,0.039276,true,0.0001
game,T10,path,672,0.04203,true,0.0001
game,T10,path,673,0.034149,true,0.0001
game,T10,path,674,0.049155,true,0.0001
game,T10,path,675,0.024868,true,0.0001
game,T10,path,676,0.039834,true,0.0001
game,T10,path,677,0.024383,true,0.0001
game,T10,path,678,0.030948,true,0.0001
game,T10,path,679,0.052095,true,0.0001
game,T10,path,680,0.028159,true,0.0001
game,T10,path,681,0.037286,true,0.0001
game,T10,path,682,0.051663,true,0.0001
game,T10,path,683,0.019202,true,0.0001
game,T10,path,684,0.074106,true,0.0001
game,T10,path,685,0.059045,true,0.0001
game,T10,path,686,0.049094,true,0.0001
game,T10,path,687,0.129875,false,0.0001
game,T10,path,688,0.047459,true,0.0001
game,T10,path,689,0.01652,true,0.0001
game,T10,path,690,0.070668,true,0.0001
game,T10,path,691,0.022495,true,0.0001
game,T10,path,692,0.017946,true,0.0001
game,T10,path,693,0.06392,true,0.0001
game,T10,path,694,0.056123,true,0.0001
game,T10,path,695,0.054001,true,0.0001
game,T10,path,696,0.050942,true,0.0001
game,T10,path,697,0.05761,true,0.0001
game,T10,path,698,0.038436,true,0.0001
game,T10,path,699,0.058319,true,0.0001
game,T10,path,700,0.034781,true,0.0001
game,T10,path,701,0.031566,true,0.0001
game,T10,path,702,0.045267,true,0.0001
game,T10,path,703,0.046476,true,0.0001
game,T10,path,704,0.042212,true,0.0001
game,T10,path,705,0.044332,true,0.0001
game,T10,path,706,0.033609,true,0.0001
game,T10,path,707,0.022723,true,0.0001
game,T10,path,708,0.03247,true,0.0001
game,T10,path,709,0.052799,true,0.0001
game,T10,path,710,0.026022,true,0.0001
game,T10,path,711,0.042652,true,0.0001
game,T10,path,712,0.0539,true,0.0001
game,T10,path,713,0.039975,true,0.0001
game,T10,path,714,0.064931,true,0.0001
game,T10,path,715,0.029951,true,0.0001
game,T10,path,716,0.024886,true,0.0001
game,T10,path,717,0.014673,true,0.0001
game,T10,path,718,0.051582,true,0.0001
game,T10,path,719,0.046357,true,0.0001
game,T10,path,720,0.045319,true,0.0001
game,T10,path,721,0.033892,true,0.0001
game,T10,path,722,0.037016,true,0.0001
game,T10,path,723,0.031963,true,0.0001
game,T10,path,724,0.041085,true,0.0001
game,T10,path,725,0.031114,true,0.0001
game,T10,path,726,0.047815,true,0.0001
game,T10,path,727,0.036764,true,0.0001
game,T10,path,728,0.040609,true,0.0001
game,T10,path,729,0.039374,true,0.0001
game,T10,path,730,0.02929,true,0.0001
game,T10,path,731,0.025333,true,0.0001
game,T10,path,732,0.051592,true,0.0001
game,T10,path,733,0.045727,true,0.0001
game,T10,path,734,0.01145,true,0.0001
game,T10,path,735,0.05132,true,0.0001
game,T10,path,736,0.033636,true,0.0001
game,T10,path,737,0.05203,true,0.0001
game,T10,path,738,0.014686,true,0.0001
game,T10,path,739,0.062423,true,0.0001
game,T10,path,740,0.041638,true,0.0001
game,T10,path,741,0.064542,true,0.0001
game,T10,path,742,0.042594,true,0.0001
game,T10,path,743,0.055675,true,0.0001
game,T10,path,744,0.024865,true,0.0001
game,T10,path,745,0.037754,true,0.0001
game,T10,path,746,0.025424,true,0.0001
game,T10,path,747,0.064534,true,0.0001
game,T10,path,748,0.05873,true,0.0001
game,T10,path,749,0.069104,true,0.0001
game,T10,path,750,0.02965,true,0.0001
game,T10,path,751,0.014603,true,0.0001
game,T10,path,752,0.039065,true,0.0001
game,T10,path,753,0.132751,false,0.0001
game,T10,path,754,0.035959,true,0.0001
game,T10,path,755,0.035607,true,0.0001
game,T10,path,756,0.049096,true,0.0001
game,T10,path,757,0.044042,true,0.0001
game,T10,path,758,0.031807,true,0.0001
game,T10,path,759,0.032309,true,0.0001
game,T10,path,760,0.033307,true,0.0001
game,T10,path,761,0.052054,true,0.0001
game,T10,path,762,0.079089,true,0.0001
game,T10,path,763,0.069371,true,0.0001
game,T10,path,764,0.034081,true,0.0001
game,T10,path,765,0.033997,true,0.0001
game,T10,path,766,0.031837,true,0.0001
game,T10,path,767,0.013255,true,0.0001
game,T10,path,768,0.02848,true,0.0001
game,T10,path,769,0.030551,true,0.0001
game,T10,path,770,0.144869,false,0.0001
game,T10,path,771,0.058044,true,0.0001
game,T10,path,772,0.032815,true,0.0001
game,T10,path,773,0.029507,true,0.0001
game,T10,path,774,0.027561,true,0.0001
game,T10,path,775,0.024538,true,0.0001
game,T10,path,776,0.045235,true,0.0001
game,T10,path,777,0.029591,true,0.0001
game,T10,path,778,0.052765,true,0.0001
game,T10,path,779,0.054891,true,0.0001
game,T10,path,780,0.024575,true,0.0001
game,T10,path,781,0.072153,true,0.0001
game,T10,path,782,0.041632,true,0.0001
game,T10,path,783,0.039919,true,0.0001
game,T10,path,784,0.050311,true,0.0001
game,T10,path,785,0.013619,true,0.0001
game,T10,path,786,0.049839,true,0.0001
game,T10,path,787,0.123803,false,0.0001
game,T10,path,788,0.041029,true,0.0001
game,T10,path,789,0.040233,true,0.0001
game,T10,path,790,0.027474,true,0.0001
game,T10,path,791,0.02667,true,0.0001
game,T10,path,792,0.047722,true,0.0001
game,T10,path,793,0.026812,true,0.0001
game,T10,path,794,0.046815,true,0.0001
game,T10,path,795,0.039576,true,0.0001
game,T10,path,796,0.055419,true,0.0001
game,T10,path,797,0.041429,true,0.0001
game,T10,path,798,0.065223,true,0.0001
game,T10,path,799,0.035681,true,0.0001
game,T10,path,800,0.041819,true,0.0001
game,T10,path,801,0.084356,true,0.0001
game,T10,path,802,0.056035,true,0.0001
game,T10,path,803,0.081938,true,0.0001
game,T10,path,804,0.085143,true,0.0001
game,T10,path,805,0.034234,true,0.0001
game,T10,path,806,0.040643,true,0.0001
game,T10,path,807,0.028261,true,0.0001
game,T10,path,808,0.037124,true,0.0001
game,T10,path,809,0.0556,true,0.0001
game,T10,path,810,0.04898,true,0.0001
game,T10,path,811,0.05358,true,0.0001
game,T10,path,812,0.019414,true,0.0001
game,T10,path,813,0.046475,true,0.0001
game,T10,path,814,0.060567,true,0.0001
game,T10,path,815,0.039515,true,0.0001
game,T10,path,816,0.063955,true,0.0001
game,T10,path,817,0.037937,true,0.0001
game,T10,path,818,0.03411,true,0.0001
game,T10,path,819,0.030833,true,0.0001
game,T10,path,820,0.037495,true,0.0001
game,T10,path,821,0.048091,true,0.0001
game,T10,path,822,0.064286,true,0.0001
game,T10,path,823,0.047854,true,0.0001
game,T10,path,824,0.031707,true,0.0001
game,T10,path,825,0.015174,true,0.0001
game,T10,path,826,0.03844,true,0.0001
game,T10,path,827,0.028972,true,0.0001
game,T10,path,828,0.079199,true,0.0001
game,T10,path,829,0.04892,true,0.0001
game,T10,path,830,0.038968,true,0.0001
game,T10,path,831,0.039137,true,0.0001
game,T10,path,832,0.021958,true,0.0001
game,T10,path,833,0.03937,true,0.0001
game,T10,path,834,0.037714,true,0.0001
game,T10,path,835,0.033792,true,0.0001
game,T10,path,836,0.043439,true,0.0001
game,T10,path,837,0.080812,true,0.0001
game,T10,path,838,0.045802,true,0.0001
game,T10,path,839,0.026066,true,0.0001
game,T10,path,840,0.042887,true,0.0001
game,T10,path,841,0.028368,true,0.0001
game,T10,path,842,0.014353,true,0.0001
game,T10,path,843,0.03518,true,0.0001
game,T10,path,844,0.069096,true,0.0001
game,T10,path,845,0.028991,true,0.0001
game,T10,path,846,0.029718,true,0.0001
game,T10,path,847,0.134018,false,0.0001
game,T10,path,848,0.033724,true,0.0001
game,T10,path,849,0.045331,true,0.0001
game,T10,path,850,0.034428,true,0.0001
game,T10,path,851,0.036372,true,0.0001
game,T10,path,852,0.037053,true,0.0001
game,T10,path,853,0.016302,true,0.0001
game,T10,path,854,0.13258,false,0.0001
game,T10,path,855,0.047463,true,0.0001
game,T10,path,856,0.035048,true,0.0001
game,T10,path,857,0.075423,true,0.0001
game,T10,path,858,0.047938,true,0.0001
game,T10,path,859,0.043557,true,0.0001
game,T10,path,860,0.037924,true,0.0001
game,T10,path,861,0.024193,true,0.0001
game,T10,path,862,0.04271,true,0.0001
game,T10,path,863,0.037366,true,0.0001
game,T10,path,864,0.02132,true,0.0001
game,T10,path,865,0.036469,true,0.0001
game,T10,path,866,0.0261,true,0.0001
game,T10,path,867,0.024468,true,0.0001
game,T10,path,868,0.053612,true,0.0001
game,T10,path,869,0.061614,true,0.0001
game,T10,path,870,0.036241,true,0.0001
game,T10,path,871,0.054229,true,0.0001
game,T10,path,872,0.058994,true,0.0001
game,T10,path,873,0.026659,true,0.0001
game,T10,path,874,0.019545,true,0.0001
game,T10,path,875,0.047559,true,0.0001
game,T10,path,876,0.055953,true,0.0001
game,T10,path,877,0.124099,false,0.0001
game,T10,path,878,0.046008,true,0.0001
game,T10,path,879,0.045365,true,0.0001
game,T10,path,880,0.114195,true,0.0001
game,T10,path,881,0.056875,true,0.0001
game,T10,path,882,0.029961,true,0.0001
game,T10,path,883,0.067868,true,0.0001
game,T10,path,884,0.047061,true,0.0001
game,T10,path,885,0.014721,true,0.0001
game,T10,path,886,0.054093,true,0.0001
game,T10,path,887,0.024843,true,0.0001
game,T10,path,888,0.020065,true,0.0001
game,T10,path,889,0.057532,true,0.0001
game,T10,path,890,0.01294,true,0.0001
game,T10,path,891,0.056088,true,0.0001
game,T10,path,892,0.040901,true,0.0001
game,T10,path,893,0.074585,true,0.0001
game,T10,path,894,0.05731,true,0.0001
game,T10,path,895,0.043493,true,0.0001
game,T10,path,896,0.068563,true,0.0001
game,T10,path,897,0.044071,true,0.0001
game,T10,path,898,0.12087,false,0.0001
game,T10,path,899,0.020228,true,0.0001
game,T10,path,900,0.042308,true,0.0001
game,T10,path,901,0.054892,true,0.0001
game,T10,path,902,0.065257,true,0.0001
game,T10,path,903,0.021801,true,0.0001
game,T10,path,904,0.037198,true,0.0001
game,T10,path,905,0.057959,true,0.0001
game,T10,path,906,0.044384,true,0.0001
game,T10,path,907,0.041422,true,0.0001
game,T10,path,908,0.04497,true,0.0001
game,T10,path,909,0.058181,true,0.0001
game,T10,path,910,0.024614,true,0.0001
game,T10,path,911,0.063741,true,0.0001
game,T10,path,912,0.094783,true,0.0001
game,T10,path,913,0.024818,true,0.0001
game,T10,path,914,0.112633,true,0.0001
game,T10,path,915,0.048833,true,0.0001
game,T10,path,916,0.048253,true,0.0001
game,T10,path,917,0.041198,true,0.0001
game,T10,path,918,0.037239,true,0.0001
game,T10,path,919,0.036791,true,0.0001
game,T10,path,920,0.047473,true,0.0001
game,T10,path,921,0.021746,true,0.0001
game,T10,path,922,0.05414,true,0.0001
game,T10,path,923,0.128918,false,0.0001
game,T10,path,924,0.026133,true,0.0001
game,T10,path,925,0.04674,true,0.0001
game,T10,path,926,0.063728,true,0.0001
game,T10,path,927,0.047349,true,0.0001
game,T10,path,928,0.025463,true,0.0001
game,T10,path,929,0.043552,true,0.0001
game,T10,path,930,0.057767,true,0.0001
game,T10,path,931,0.047955,true,0.0001
game,T10,path,932,0.064798,true,0.0001
game,T10,path,933,0.044009,true,0.0001
game,T10,path,934,0.048194,true,0.0001
game,T10,path,935,0.053676,true,0.0001
game,T10,path,936,0.056125,true,0.0001
game,T10,path,937,0.045457,true,0.0001
game,T10,path,938,0.045011,true,0.0001
game,T10,path,939,0.074448,true,0.0001
game,T10,path,940,0.042357,true,0.0001
game,T10,path,941,0.029567,true,0.0001
game,T10,path,942,0.04332,true,0.0001
game,T10,path,943,0.066289,true,0.0001
game,T10,path,944,0.038892,true,0.0001
game,T10,path,945,0.029834,true,0.0001
game,T10,path,946,0.047346,true,0.0001
game,T10,path,947,0.015087,true,0.0001
game,T10,path,948,0.028032,true,0.0001
game,T10,path,949,0.033005,true,0.0001
game,T10,path,950,0.064613,true,0.0001
game,T10,path,951,0.094342,true,0.0001
game,T10,path,952,0.048216,true,0.0001
game,T10,path,953,0.038477,true,0.0001
game,T10,path,954,0.026189,true,0.0001
game,T10,path,955,0.039223,true,0.0001
game,T10,path,956,0.021573,true,0.0001
game,T10,path,957,0.044167,true,0.0001
game,T10,path,958,0.074169,true,0.0001
game,T10,path,959,0.038813,true,0.0001
game,T10,path,960,0.03838,true,0.0001
game,T10,path,961,0.027056,true,0.0001
game,T10,path,962,0.038373,true,0.0001
game,T10,path,963,0.034372,true,0.0001
game,T10,path,964,0.029756,true,0.0001
game,T10,path,965,0.041813,true,0.0001
game,T10,path,966,0.05573,true,0.0001
game,T10,path,967,0.042243,true,0.0001
game,T10,path,968,0.052351,true,0.0001
game,T10,path,969,0.043988,true,0.0001
game,T10,path,970,0.045737,true,0.0001
game,T10,path,971,0.045204,true,0.0001
game,T10,path,972,0.0483,true,0.0001
game,T10,path,973,0.04782,true,0.0001
game,T10,path,974,0.050042,true,0.0001
game,T10,path,975,0.023349,true,0.0001
game,T10,path,976,0.133743,false,0.0001
game,T10,path,977,0.0344,true,0.0001
game,T10,path,978,0.047272,true,0.0001
game,T10,path,979,0.047972,true,0.0001
game,T10,path,980,0.043786,true,0.0001
game,T10,path,981,0.0129,true,0.0001
game,T10,path,982,0.056278,true,0.0001
game,T10,path,983,0.129826,false,0.0001
game,T10,path,984,0.035238,true,0.0001
game,T10,path,985,0.024711,true,0.0001
game,T10,path,986,0.037903,true,0.0001
game,T10,path,987,0.046218,true,0.0001
game,T10,path,988,0.014274,true,0.0001
game,T10,path,989,0.052865,true,0.0001
game,T10,path,990,0.040774,true,0.0001
game,T10,path,991,0.055231,true,0.0001
game,T10,path,992,0.028162,true,0.0001
game,T10,path,993,0.058927,true,0.0001
game,T10,path,994,0.078618,true,0.0001
game,T10,path,995,0.119926,false,0.0001
game,T10,path,996,0.053814,true,0.0001
game,T10,path,997,0.063387,true,0.0001
game,T10,path,998,0.057586,true,0.0001
game,T10,path,999,0.048905,true,0.0001
game,T10,path,1000,0.049535,true,0.0001
game,T10,path,1001,0.034539,true,0.0001
game,T10,path,1002,0.055744,true,0.0001
game,T10,path,1003,0.015512,true,0.0001
game,T10,path,1004,0.029054,true,0.0001
game,T10,path,1005,0.054799,true,0.0001
game,T10,path,1006,0.029774,true,0.0001
game,T10,path,1007,0.020752,true,0.0001
game,T10,path,1008,0.048763,true,0.0001
game,T10,path,1009,0.050188,true,0.0001
game,T10,path,1010,0.015932,true,0.0001
game,T10,path,1011,0.0185,true,0.0001
game,T10,path,1012,0.041663,true,0.0001
game,T10,path,1013,0.133923,false,0.0001
game,T10,path,1014,0.078546,true,0.0001
game,T10,path,1015,0.024005,true,0.0001
game,T10,path,1016,0.04257,true,0.0001
game,T10,path,1017,0.032378,true,0.0001
game,T10,path,1018,0.052755,true,0.0001
game,T10,path,1019,0.062188,true,0.0001
game,T10,path,1020,0.041355,true,0.0001
game,T10,path,1021,0.091967,true,0.0001
game,T10,path,1022,0.039452,true,0.0001
game,T10,path,1023,0.028235,true,0.0001
game,T10,path,1024,0.04769,true,0.0001
qp,p32i16,path,1,0.005042,false,0.0001
qp,p32i16,path,2,0.006857,false,0.0001
qp,p32i16,path,3,0.004777,false,0.0001
qp,p32i16,path,4,0.000282,true,0.0001
qp,p32i16,path,5,0.000279,true,0.0001
qp,p32i16,path,6,0.005782,false,0.0001
qp,p32i16,path,7,0.005355,false,0.0001
qp,p32i16,path,8,0.025464,false,0.0001
qp,p32i16,path,9,0.006482,false,0.0001
qp,p32i16,path,10,0.00902,false,0.0001
qp,p32i16,path,11,0.000366,true,0.0001
qp,p32i16,path,12,0.000293,true,0.0001
qp,p32i16,path,13,0.005998,false,0.0001
qp,p32i16,path,14,0.006106,false,0.0001
qp,p32i16,path,15,0.000384,true,0.0001
qp,p32i16,path,16,0.005547,false,0.0001
qp,p32i16,path,17,0.000387,true,0.0001
qp,p32i16,path,18,0.019847,false,0.0001
qp,p32i16,path,19,0.005098,false,0.0001
qp,p32i16,path,20,0.004678,false,0.0001
qp,p32i16,path,21,0.000303,true,0.0001
qp,p32i16,path,22,0.004514,false,0.0001
qp,p32i16,path,23,0.005896,false,0.0001
qp,p32i16,path,24,0.009108,false,0.0001
qp,p32i16,path,25,0.00373,false,0.0001
qp,p32i16,path,26,0.000302,true,0.0001
qp,p32i16,path,27,0.003377,false,0.0001
qp,p32i16,path,28,0.006615,false,0.0001
qp,p32i16,path,29,0.005148,false,0.0001
qp,p32i16,path,30,0.010475,false,0.0001
qp,p32i16,path,31,0.000317,true,0.0001
qp,p32i16,path,32,0.011981,false,0.0001
qp,p32i16,path,33,0.000313,true,0.0001
qp,p32i16,path,34,0.000307,true,0.0001
qp,p32i16,path,35,0.006932,false,0.0001
qp,p32i16,path,36,0.008687,false,0.0001
qp,p32i16,path,37,0.004832,false,0.0001
qp,p32i16,path,38,0.003508,false,0.0001
qp,p32i16,path,39,0.011097,false,0.0001
qp,p32i16,path,40,0.00036,true,0.0001
qp,p32i16,path,41,0.000355,true,0.0001
qp,p32i16,path,42,0.004888,false,0.0001
qp,p32i16,path,43,0.000334,true,0.0001
qp,p32i16,path,44,0.003645,false,0.0001
qp,p32i16,path,45,0.008207,false,0.0001
qp,p32i16,path,46,0.005096,false,0.0001
qp,p32i16,path,47,0.005121,false,0.0001
qp,p32i16,path,48,0.000291,true,0.0001
qp,p32i16,path,49,0.000284,true,0.0001
qp,p32i16,path,50,0.000282,true,0.0001
qp,p32i16,path,51,0.009674,false,0.0001
qp,p32i16,path,52,0.004178,false,0.0001
qp,p32i16,path,53,0.000294,true,0.0001
qp,p32i16,path,54,0.000313,true,0.0001
qp,p32i16,path,55,0.004452,false,0.0001
qp,p32i16,path,56,0.000412,true,0.0001
qp,p32i16,path,57,0.004347,false,0.0001
qp,p32i16,path,58,0.000304,true,0.0001
qp,p32i16,path,59,0.0003,true,0.0001
qp,p32i16,path,60,0.000284,true,0.0001
qp,p32i16,path,61,0.009919,false,0.0001
qp,p32i16,path,62,0.000317,true,0.0001
qp,p32i16,path,63,0.000286,true,0.0001
qp,p32i16,path,64,0.007275,false,0.0001
qp,p32i16,path,65,0.000314,true,0.0001
qp,p32i16,path,66,0.000517,true,0.0001
qp,p32i16,path,67,0.010148,false,0.0001
qp,p32i16,path,68,0.000311,true,0.0001
qp,p32i16,path,69,0.005172,false,0.0001
qp,p32i16,path,70,0.005488,false,0.0001
qp,p32i16,path,71,0.004129,false,0.0001
qp,p32i16,path,72,0.000289,true,0.0001
qp,p32i16,path,73,0.006621,false,0.0001
qp,p32i16,path,74,0.000311,true,0.0001
qp,p32i16,path,75,0.004209,false,0.0001
qp,p32i16,path,76,0.008244,false,0.0001
qp,p32i16,path,77,0.007298,false,0.0001
qp,p32i16,path,78,0.004555,false,0.0001
qp,p32i16,path,79,0.000293,true,0.0001
qp,p32i16,path,80,0.009543,false,0.0001
qp,p32i16,path,81,0.004651,false,0.0001
qp,p32i16,path,82,0.008932,false,0.0001
qp,p32i16,path,83,0.000293,true,0.0001
qp,p32i16,path,84,0.000292,true,0.0001
qp,p32i16,path,85,0.006615,false,0.0001
qp,p32i16,path,86,0.006823,false,0.0001
qp,p32i16,path,87,0.005728,false,0.0001
qp,p32i16,path,88,0.000284,true,0.0001
qp,p32i16,path,89,0.000307,true,0.0001
qp,p32i16,path,90,0.008748,false,0.0001
qp,p32i16,path,91,0.00506,false,0.0001
qp,p32i16,path,92,0.005519,false,0.0001
qp,p32i16,path,93,0.000312,true,0.0001
qp,p32i16,path,94,0.007476,false,0.0001
qp,p32i16,path,95,0.00031,true,0.0001
qp,p32i16,path,96,0.000308,true,0.0001
qp,p32i16,path,97,0.000304,true,0.0001
qp,p32i16,path,98,0.000652,true,0.0001
qp,p32i16,path,99,0.000288,true,0.0001
qp,p32i16,path,100,0.003911,false,0.0001
qp,p32i16,path,101,0.009107,false,0.0001
qp,p32i16,path,102,0.005387,false,0.0001
qp,p32i16,path,103,0.000299,true,0.0001
qp,p32i16,path,104,0.000298,true,0.0001
qp,p32i16,path,105,0.004763,false,0.0001
qp,p32i16,path,106,0.006338,false,0.0001
qp,p32i16,path,107,0.000324,true,0.0001
qp,p32i16,path,108,0.0066,false,0.0001
qp,p32i16,path,109,0.00397,false,0.0001
qp,p32i16,path,110,0.004502,false,0.0001
qp,p32i16,path,111,0.000288,true,0.0001
qp,p32i16,path,112,0.000292,true,0.0001
qp,p32i16,path,113,0.000305,true,0.0001
qp,p32i16,path,114,0.000276,true,0.0001
qp,p32i16,path,115,0.000276,true,0.0001
qp,p32i16,path,116,0.005718,false,0.0001
qp,p32i16,path,117,0.003837,false,0.0001
qp,p32i16,path,118,0.000299,true,0.0001
qp,p32i16,path,119,0.006604,false,0.0001
qp,p32i16,path,120,0.000327,true,0.0001
qp,p32i16,path,121,0.0003,true,0.0001
qp,p32i16,path,122,0.000298,true,0.0001
qp,p32i16,path,123,0.000271,true,0.0001
qp,p32i16,path,124,0.005599,false,0.0001
qp,p32i16,path,125,0.00656,false,0.0001
qp,p32i16,path,126,0.000329,true,0.0001
qp,p32i16,path,127,0.000341,true,0.0001
qp,p32i16,path,128,0.003517,false,0.0001
qp,p32i16,path,129,0.006036,false,0.0001
qp,p32i16,path,130,0.011487,false,0.0001
qp,p32i16,path,131,0.000311,true,0.0001
qp,p32i16,path,132,0.000293,true,0.0001
qp,p32i16,path,133,0.006407,false,0.0001
qp,p32i16,path,134,0.00513,false,0.0001
qp,p32i16,path,135,0.007813,false,0.0001
qp,p32i16,path,136,0.006245,false,0.0001
qp,p32i16,path,137,0.005617,false,0.0001
qp,p32i16,path,138,0.006903,false,0.0001
qp,p32i16,path,139,0.012201,false,0.0001
qp,p32i16,path,140,0.00032,true,0.0001
qp,p32i16,path,141,0.00592,false,0.0001
qp,p32i16,path,142,0.000529,true,0.0001
qp,p32i16,path,143,0.004717,false,0.0001
qp,p32i16,path,144,0.000566,true,0.0001
qp,p32i16,path,145,0.003865,false,0.0001
qp,p32i16,path,146,0.000303,true,0.0001
qp,p32i16,path,147,0.00607,false,0.0001
qp,p32i16,path,148,0.007077,false,0.0001
qp,p32i16,path,149,0.000302,true,0.0001
qp,p32i16,path,150,0.004882,false,0.0001
qp,p32i16,path,151,0.000319,true,0.0001
qp,p32i16,path,152,0.006638,false,0.0001
qp,p32i16,path,153,0.000324,true,0.0001
qp,p32i16,path,154,0.008448,false,0.0001
qp,p32i16,path,155,0.00632,false,0.0001
qp,p32i16,path,156,0.010241,false,0.0001
qp,p32i16,path,157,0.00033,true,0.0001
qp,p32i16,path,158,0.012144,false,0.0001
qp,p32i16,path,159,0.000291,true,0.0001
qp,p32i16,path,160,0.005335,false,0.0001
qp,p32i16,path,161,0.000306,true,0.0001
qp,p32i16,path,162,0.000295,true,0.0001
qp,p32i16,path,163,0.000326,true,0.0001
qp,p32i16,path,164,0.000305,true,0.0001
qp,p32i16,path,165,0.007075,false,0.0001
qp,p32i16,path,166,0.000302,true,0.0001
qp,p32i16,path,167,0.009628,false,0.0001
qp,p32i16,path,168,0.004936,false,0.0001
qp,p32i16,path,169,0.005112,false,0.0001
qp,p32i16,path,170,0.000303,true,0.0001
qp,p32i16,path,171,0.006421,false,0.0001
qp,p32i16,path,172,0.000331,true,0.0001
qp,p32i16,path,173,0.000276,true,0.0001
qp,p32i16,path,174,0.008021,false,0.0001
qp,p32i16,path,175,0.004465,false,0.0001
qp,p32i16,path,176,0.00029,true,0.0001
qp,p32i16,path,177,0.004887,false,0.0001
qp,p32i16,path,178,0.007311,false,0.0001
qp,p32i16,path,179,0.000297,true,0.0001
qp,p32i16,path,180,0.005863,false,0.0001
qp,p32i16,path,181,0.005073,false,0.0001
qp,p32i16,path,182,0.008652,false,0.0001
qp,p32i16,path,183,0.010762,false,0.0001
qp,p32i16,path,184,0.004372,false,0.0001
qp,p32i16,path,185,0.011512,false,0.0001
qp,p32i16,path,186,0.007616,false,0.0001
qp,p32i16,path,187,0.006472,false,0.0001
qp,p32i16,path,188,0.000323,true,0.0001
qp,p32i16,path,189,0.000628,true,0.0001
qp,p32i16,path,190,0.010822,false,0.0001
qp,p32i16,path,191,0.0044,false,0.0001
qp,p32i16,path,192,0.004079,false,0.0001
qp,p32i16,path,193,0.000346,true,0.0001
qp,p32i16,path,194,0.005771,false,0.0001
qp,p32i16,path,195,0.000313,true,0.0001
qp,p32i16,path,196,0.008547,false,0.0001
qp,p32i16,path,197,0.005091,false,0.0001
qp,p32i16,path,198,0.003439,false,0.0001
qp,p32i16,path,199,0.000343,true,0.0001
qp,p32i16,path,200,0.000298,true,0.0001
qp,p32i16,path,201,0.015202,false,0.0001
qp,p32i16,path,202,0.005532,false,0.0001
qp,p32i16,path,203,0.01054,false,0.0001
qp,p32i16,path,204,0.005259,false,0.0001
qp,p32i16,path,205,0.004903,false,0.0001
qp,p32i16,path,206,0.005576,false,0.0001
qp,p32i16,path,207,0.009207,false,0.0001
qp,p32i16,path,208,0.003972,false,0.0001
qp,p32i16,path,209,0.000311,true,0.0001
qp,p32i16,path,210,0.007181,false,0.0001
qp,p32i16,path,211,0.009967,false,0.0001
qp,p32i16,path,212,0.007203,false,0.0001
qp,p32i16,path,213,0.000316,true,0.0001
qp,p32i16,path,214,0.006191,false,0.0001
qp,p32i16,path,215,0.003328,false,0.0001
qp,p32i16,path,216,0.000288,true,0.0001
qp,p32i16,path,217,0.010692,false,0.0001
qp,p32i16,path,218,0.005843,false,0.0001
qp,p32i16,path,219,0.000586,true,0.0001
qp,p32i16,path,220,0.009939,false,0.0001
qp,p32i16,path,221,0.007161,false,0.0001
qp,p32i16,path,222,0.000324,true,0.0001
qp,p32i16,path,223,0.00729,false,0.0001
qp,p32i16,path,224,0.006933,false,0.0001
qp,p32i16,path,225,0.007372,false,0.0001
qp,p32i16,path,226,0.006897,false,0.0001
qp,p32i16,path,227,0.003584,false,0.0001
qp,p32i16,path,228,0.000309,true,0.0001
qp,p32i16,path,229,0.000315,true,0.0001
qp,p32i16,path,230,0.006199,false,0.0001
qp,p32i16,path,231,0.005431,false,0.0001
qp,p32i16,path,232,0.007496,false,0.0001
qp,p32i16,path,233,0.00518,false,0.0001
qp,p32i16,path,234,0.00053,true,0.0001
qp,p32i16,path,235,0.005903,false,0.0001
qp,p32i16,path,236,0.000814,true,0.0001
qp,p32i16,path,237,0.005171,false,0.0001
qp,p32i16,path,238,0.000282,true,0.0001
qp,p32i16,path,239,0.004884,false,0.0001
qp,p32i16,path,240,0.00028,true,0.0001
qp,p32i16,path,241,0.004552,false,0.0001
qp,p32i16,path,242,0.003627,false,0.0001
qp,p32i16,path,243,0.000334,true,0.0001
qp,p32i16,path,244,0.000281,true,0.0001
qp,p32i16,path,245,0.000287,true,0.0001
qp,p32i16,path,246,0.000286,true,0.0001
qp,p32i16,path,247,0.000264,true,0.0001
qp,p32i16,path,248,0.005106,false,0.0001
qp,p32i16,path,249,0.00476,false,0.0001
qp,p32i16,path,250,0.009071,false,0.0001
qp,p32i16,path,251,0.000348,true,0.0001
qp,p32i16,path,252,0.005163,false,0.0001
qp,p32i16,path,253,0.006717,false,0.0001
qp,p32i16,path,254,0.004606,false,0.0001
qp,p32i16,path,255,0.000603,true,0.0001
qp,p32i16,path,256,0.003838,false,0.0001
qp,p32i16,path,257,0.009586,false,0.0001
qp,p32i16,path,258,0.011889,false,0.0001
qp,p32i16,path,259,0.005253,false,0.0001
qp,p32i16,path,260,0.005367,false,0.0001
qp,p32i16,path,261,0.000344,true,0.0001
qp,p32i16,path,262,0.005462,false,0.0001
qp,p32i16,path,263,0.007439,false,0.0001
qp,p32i16,path,264,0.00032,true,0.0001
qp,p32i16,path,265,0.00486,false,0.0001
qp,p32i16,path,266,0.003518,false,0.0001
qp,p32i16,path,267,0.000325,true,0.0001
qp,p32i16,path,268,0.000306,true,0.0001
qp,p32i16,path,269,0.000284,true,0.0001
qp,p32i16,path,270,0.000272,true,0.0001
qp,p32i16,path,271,0.00928,false,0.0001
qp,p32i16,path,272,0.004795,false,0.0001
qp,p32i16,path,273,0.00606,false,0.0001
qp,p32i16,path,274,0.006793,false,0.0001
qp,p32i16,path,275,0.004838,false,0.0001
qp,p32i16,path,276,0.007735,false,0.0001
qp,p32i16,path,277,0.008461,false,0.0001
qp,p32i16,path,278,0.005731,false,0.0001
qp,p32i16,path,279,0.007477,false,0.0001
qp,p32i16,path,280,0.007228,false,0.0001
qp,p32i16,path,281,0.007208,false,0.0001
qp,p32i16,path,282,0.004287,false,0.0001
qp,p32i16,path,283,0.005439,false,0.0001
qp,p32i16,path,284,0.008436,false,0.0001
qp,p32i16,path,285,0.008101,false,0.0001
qp,p32i16,path,286,0.000336,true,0.0001
qp,p32i16,path,287,0.006435,false,0.0001
qp,p32i16,path,288,0.003728,false,0.0001
qp,p32i16,path,289,0.005148,false,0.0001
qp,p32i16,path,290,0.000316,true,0.0001
qp,p32i16,path,291,0.000548,true,0.0001
qp,p32i16,path,292,0.000591,true,0.0001
qp,p32i16,path,293,0.000329,true,0.0001
qp,p32i16,path,294,0.003697,false,0.0001
qp,p32i16,path,295,0.000559,true,0.0001
qp,p32i16,path,296,0.000506,true,0.0001
qp,p32i16,path,297,0.000299,true,0.0001
qp,p32i16,path,298,0.005087,false,0.0001
qp,p32i16,path,299,0.000302,true,0.0001
qp,p32i16,path,300,0.00692,false,0.0001
qp,p32i16,path,301,0.00033,true,0.0001
qp,p32i16,path,302,0.004204,false,0.0001
qp,p32i16,path,303,0.007127,false,0.0001
qp,p32i16,path,304,0.007239,false,0.0001
qp,p32i16,path,305,0.005419,false,0.0001
qp,p32i16,path,306,0.000533,true,0.0001
qp,p32i16,path,307,0.000299,true,0.0001
qp,p32i16,path,308,0.003962,false,0.0001
qp,p32i16,path,309,0.007087,false,0.0001
qp,p32i16,path,310,0.008863,false,0.0001
qp,p32i16,path,311,0.007369,false,0.0001
qp,p32i16,path,312,0.004326,false,0.0001
qp,p32i16,path,313,0.010169,false,0.0001
qp,p32i16,path,314,0.006073,false,0.0001
qp,p32i16,path,315,0.005256,false,0.0001
qp,p32i16,path,316,0.000321,true,0.0001
qp,p32i16,path,317,0.000297,true,0.0001
qp,p32i16,path,318,0.000538,true,0.0001
qp,p32i16,path,319,0.0003,true,0.0001
qp,p32i16,path,320,0.00333,false,0.0001
qp,p32i16,path,321,0.000346,true,0.0001
qp,p32i16,path,322,0.000321,true,0.0001
qp,p32i16,path,323,0.003703,false,0.0001
qp,p32i16,path,324,0.001579,true,0.0001
qp,p32i16,path,325,0.008603,false,0.0001
qp,p32i16,path,326,0.000309,true,0.0001
qp,p32i16,path,327,0.006886,false,0.0001
qp,p32i16,path,328,0.000323,true,0.0001
qp,p32i16,path,329,0.000296,true,0.0001
qp,p32i16,path,330,0.00033,true,0.0001
qp,p32i16,path,331,0.005603,false,0.0001
qp,p32i16,path,332,0.004133,false,0.0001
qp,p32i16,path,333,0.004579,false,0.0001
qp,p32i16,path,334,0.004958,false,0.0001
qp,p32i16,path,335,0.000299,true,0.0001
qp,p32i16,path,336,0.000305,true,0.0001
qp,p32i16,path,337,0.006298,false,0.0001
qp,p32i16,path,338,0.000549,true,0.0001
qp,p32i16,path,339,0.000317,true,0.0001
qp,p32i16,path,340,0.000289,true,0.0001
qp,p32i16,path,341,0.000534,true,0.0001
qp,p32i16,path,342,0.008509,false,0.0001
qp,p32i16,path,343,0.003261,false,0.0001
qp,p32i16,path,344,0.000339,true,0.0001
qp,p32i16,path,345,0.000289,true,0.0001
qp,p32i16,path,346,0.011059,false,0.0001
qp,p32i16,path,347,0.004273,false,0.0001
qp,p32i16,path,348,0.005079,false,0.0001
qp,p32i16,path,349,0.000362,true,0.0001
qp,p32i16,path,350,0.009507,false,0.0001
qp,p32i16,path,351,0.00747,false,0.0001
qp,p32i16,path,352,0.005994,false,0.0001
qp,p32i16,path,353,0.000586,true,0.0001
qp,p32i16,path,354,0.006487,false,0.0001
qp,p32i16,path,355,0.000604,true,0.0001
qp,p32i16,path,356,0.007333,false,0.0001
qp,p32i16,path,357,0.009786,false,0.0001
qp,p32i16,path,358,0.003847,false,0.0001
qp,p32i16,path,359,0.004963,false,0.0001
qp,p32i16,path,360,0.012052,false,0.0001
qp,p32i16,path,361,0.000397,true,0.0001
qp,p32i16,path,362,0.000336,true,0.0001
qp,p32i16,path,363,0.006209,false,0.0001
qp,p32i16,path,364,0.008572,false,0.0001
qp,p32i16,path,365,0.005699,false,0.0001
qp,p32i16,path,366,0.006067,false,0.0001
qp,p32i16,path,367,0.011088,false,0.0001
qp,p32i16,path,368,0.005496,false,0.0001
qp,p32i16,path,369,0.007077,false,0.0001
qp,p32i16,path,370,0.000297,true,0.0001
qp,p32i16,path,371,0.000608,true,0.0001
qp,p32i16,path,372,0.004174,false,0.0001
qp,p32i16,path,373,0.000314,true,0.0001
qp,p32i16,path,374,0.000285,true,0.0001
qp,p32i16,path,375,0.008516,false,0.0001
qp,p32i16,path,376,0.000313,true,0.0001
qp,p32i16,path,377,0.003551,false,0.0001
qp,p32i16,path,378,0.005464,false,0.0001
qp,p32i16,path,379,0.000277,true,0.0001
qp,p32i16,path,380,0.00825,false,0.0001
qp,p32i16,path,381,0.000289,true,0.0001
qp,p32i16,path,382,0.00032,true,0.0001
qp,p32i16,path,383,0.000282,true,0.0001
qp,p32i16,path,384,0.005635,false,0.0001
qp,p32i16,path,385,0.000288,true,0.0001
qp,p32i16,path,386,0.006998,false,0.0001
qp,p32i16,path,387,0.005904,false,0.0001
qp,p32i16,path,388,0.008961,false,0.0001
qp,p32i16,path,389,0.000494,true,0.0001
qp,p32i16,path,390,0.000297,true,0.0001
qp,p32i16,path,391,0.007838,false,0.0001
qp,p32i16,path,392,0.003423,false,0.0001
qp,p32i16,path,393,0.000295,true,0.0001
qp,p32i16,path,394,0.000286,true,0.0001
qp,p32i16,path,395,0.007372,false,0.0001
qp,p32i16,path,396,0.000598,true,0.0001
qp,p32i16,path,397,0.006652,false,0.0001
qp,p32i16,path,398,0.000298,true,0.0001
qp,p32i16,path,399,0.00441,false,0.0001
qp,p32i16,path,400,0.003731,false,0.0001
qp,p32i16,path,401,0.009162,false,0.0001
qp,p32i16,path,402,0.00032,true,0.0001
qp,p32i16,path,403,0.005442,false,0.0001
qp,p32i16,path,404,0.000323,true,0.0001
qp,p32i16,path,405,0.004352,false,0.0001
qp,p32i16,path,406,0.008499,false,0.0001
qp,p32i16,path,407,0.00805,false,0.0001
qp,p32i16,path,408,0.005438,false,0.0001
qp,p32i16,path,409,0.003713,false,0.0001
qp,p32i16,path,410,0.005758,false,0.0001
qp,p32i16,path,411,0.000297,true,0.0001
qp,p32i16,path,412,0.011199,false,0.0001
qp,p32i16,path,413,0.00343,false,0.0001
qp,p32i16,path,414,0.007298,false,0.0001
qp,p32i16,path,415,0.00555,false,0.0001
qp,p32i16,path,416,0.000323,true,0.0001
qp,p32i16,path,417,0.000313,true,0.0001
qp,p32i16,path,418,0.011142,false,0.0001
qp,p32i16,path,419,0.006258,false,0.0001
qp,p32i16,path,420,0.000567,true,0.0001
qp,p32i16,path,421,0.004744,false,0.0001
qp,p32i16,path,422,0.003998,false,0.0001
qp,p32i16,path,423,0.003686,false,0.0001
qp,p32i16,path,424,0.00268,true,0.0001
qp,p32i16,path,425,0.000535,true,0.0001
qp,p32i16,path,426,0.008293,false,0.0001
qp,p32i16,path,427,0.000295,true,0.0001
qp,p32i16,path,428,0.000323,true,0.0001
qp,p32i16,path,429,0.004577,false,0.0001
qp,p32i16,path,430,0.000302,true,0.0001
qp,p32i16,path,431,0.000278,true,0.0001
qp,p32i16,path,432,0.004003,false,0.0001
qp,p32i16,path,433,0.00034,true,0.0001
qp,p32i16,path,434,0.000302,true,0.0001
qp,p32i16,path,435,0.000538,true,0.0001
qp,p32i16,path,436,0.008968,false,0.0001
qp,p32i16,path,437,0.006158,false,0.0001
qp,p32i16,path,438,0.000288,true,0.0001
qp,p32i16,path,439,0.000302,true,0.0001
qp,p32i16,path,440,0.000309,true,0.0001
qp,p32i16,path,441,0.008614,false,0.0001
qp,p32i16,path,442,0.000305,true,0.0001
qp,p32i16,path,443,0.000291,true,0.0001
qp,p32i16,path,444,0.005057,false,0.0001
qp,p32i16,path,445,0.005581,false,0.0001
qp,p32i16,path,446,0.008893,false,0.0001
qp,p32i16,path,447,0.008866,false,0.0001
qp,p32i16,path,448,0.000309,true,0.0001
qp,p32i16,path,449,0.000299,true,0.0001
qp,p32i16,path,450,0.000302,true,0.0001
qp,p32i16,path,451,0.000258,true,0.0001
qp,p32i16,path,452,0.000283,true,0.0001
qp,p32i16,path,453,0.004886,false,0.0001
qp,p32i16,path,454,0.000303,true,0.0001
qp,p32i16,path,455,0.000277,true,0.0001
qp,p32i16,path,456,0.000304,true,0.0001
qp,p32i16,path,457,0.010609,false,0.0001
qp,p32i16,path,458,0.000314,true,0.0001
qp,p32i16,path,459,0.000308,true,0.0001
qp,p32i16,path,460,0.008129,false,0.0001
qp,p32i16,path,461,0.005901,false,0.0001
qp,p32i16,path,462,0.000348,true,0.0001
qp,p32i16,path,463,0.000322,true,0.0001
qp,p32i16,path,464,0.00043,true,0.0001
qp,p32i16,path,465,0.008619,false,0.0001
qp,p32i16,path,466,0.004831,false,0.0001
qp,p32i16,path,467,0.000588,true,0.0001
qp,p32i16,path,468,0.000323,true,0.0001
qp,p32i16,path,469,0.000449,true,0.0001
qp,p32i16,path,470,0.005543,false,0.0001
qp,p32i16,path,471,0.004539,false,0.0001
qp,p32i16,path,472,0.000281,true,0.0001
qp,p32i16,path,473,0.003638,false,0.0001
qp,p32i16,path,474,0.000327,true,0.0001
qp,p32i16,path,475,0.011172,false,0.0001
qp,p32i16,path,476,0.006474,false,0.0001
qp,p32i16,path,477,0.005391,false,0.0001
qp,p32i16,path,478,0.000562,true,0.0001
qp,p32i16,path,479,0.00058,true,0.0001
qp,p32i16,path,480,0.007923,false,0.0001
qp,p32i16,path,481,0.000287,true,0.0001
qp,p32i16,path,482,0.007762,false,0.0001
qp,p32i16,path,483,0.008289,false,0.0001
qp,p32i16,path,484,0.0071,false,0.0001
qp,p32i16,path,485,0.000312,true,0.0001
qp,p32i16,path,486,0.005417,false,0.0001
qp,p32i16,path,487,0.000314,true,0.0001
qp,p32i16,path,488,0.004039,false,0.0001
qp,p32i16,path,489,0.000327,true,0.0001
qp,p32i16,path,490,0.009553,false,0.0001
qp,p32i16,path,491,0.00032,true,0.0001
qp,p32i16,path,492,0.008616,false,0.0001
qp,p32i16,path,493,0.000312,true,0.0001
qp,p32i16,path,494,0.009779,false,0.0001
qp,p32i16,path,495,0.000303,true,0.0001
qp,p32i16,path,496,0.005157,false,0.0001
qp,p32i16,path,497,0.007113,false,0.0001
qp,p32i16,path,498,0.008877,false,0.0001
qp,p32i16,path,499,0.007311,false,0.0001
qp,p32i16,path,500,0.000808,true,0.0001
qp,p32i16,path,501,0.000334,true,0.0001
qp,p32i16,path,502,0.003957,false,0.0001
qp,p32i16,path,503,0.000294,true,0.0001
qp,p32i16,path,504,0.008974,false,0.0001
qp,p32i16,path,505,0.003942,false,0.0001
qp,p32i16,path,506,0.004984,false,0.0001
qp,p32i16,path,507,0.006018,false,0.0001
qp,p32i16,path,508,0.000648,true,0.0001
qp,p32i16,path,509,0.004885,false,0.0001
qp,p32i16,path,510,0.000348,true,0.0001
qp,p32i16,path,511,0.006574,false,0.0001
qp,p32i16,path,512,0.000288,true,0.0001
qp,p32i16,path,513,0.00405,false,0.0001
qp,p32i16,path,514,0.000333,true,0.0001
qp,p32i16,path,515,0.000509,true,0.0001
qp,p32i16,path,516,0.000544,true,0.0001
qp,p32i16,path,517,0.000745,true,0.0001
qp,p32i16,path,518,0.000312,true,0.0001
qp,p32i16,path,519,0.000275,true,0.0001
qp,p32i16,path,520,0.006758,false,0.0001
qp,p32i16,path,521,0.000296,true,0.0001
qp,p32i16,path,522,0.005402,false,0.0001
qp,p32i16,path,523,0.000289,true,0.0001
qp,p32i16,path,524,0.004885,false,0.0001
qp,p32i16,path,525,0.004715,false,0.0001
qp,p32i16,path,526,0.000502,true,0.0001
qp,p32i16,path,527,0.007732,false,0.0001
qp,p32i16,path,528,0.000322,true,0.0001
qp,p32i16,path,529,0.000534,true,0.0001
qp,p32i16,path,530,0.000293,true,0.0001
qp,p32i16,path,531,0.007794,false,0.0001
qp,p32i16,path,532,0.010522,false,0.0001
qp,p32i16,path,533,0.004584,false,0.0001
qp,p32i16,path,534,0.005354,false,0.0001
qp,p32i16,path,535,0.004088,false,0.0001
qp,p32i16,path,536,0.009281,false,0.0001
qp,p32i16,path,537,0.00775,false,0.0001
qp,p32i16,path,538,0.005991,false,0.0001
qp,p32i16,path,539,0.007386,false,0.0001
qp,p32i16,path,540,0.000326,true,0.0001
qp,p32i16,path,541,0.000279,true,0.0001
qp,p32i16,path,542,0.00029,true,0.0001
qp,p32i16,path,543,0.005454,false,0.0001
qp,p32i16,path,544,0.000839,true,0.0001
qp,p32i16,path,545,0.00671,false,0.0001
qp,p32i16,path,546,0.000291,true,0.0001
qp,p32i16,path,547,0.009818,false,0.0001
qp,p32i16,path,548,0.000302,true,0.0001
qp,p32i16,path,549,0.000282,true,0.0001
qp,p32i16,path,550,0.000281,true,0.0001
qp,p32i16,path,551,0.004704,false,0.0001
qp,p32i16,path,552,0.004809,false,0.0001
qp,p32i16,path,553,0.000279,true,0.0001
qp,p32i16,path,554,0.000769,true,0.0001
qp,p32i16,path,555,0.007712,false,0.0001
qp,p32i16,path,556,0.004341,false,0.0001
qp,p32i16,path,557,0.007876,false,0.0001
qp,p32i16,path,558,0.00953,false,0.0001
qp,p32i16,path,559,0.00553,false,0.0001
qp,p32i16,path,560,0.000524,true,0.0001
qp,p32i16,path,561,0.000335,true,0.0001
qp,p32i16,path,562,0.004797,false,0.0001
qp,p32i16,path,563,0.001064,true,0.0001
qp,p32i16,path,564,0.000317,true,0.0001
qp,p32i16,path,565,0.00705,false,0.0001
qp,p32i16,path,566,0.005567,false,0.0001
qp,p32i16,path,567,0.003293,true,0.0001
qp,p32i16,path,568,0.003916,false,0.0001
qp,p32i16,path,569,0.005637,false,0.0001
qp,p32i16,path,570,0.004503,false,0.0001
qp,p32i16,path,571,0.004173,false,0.0001
qp,p32i16,path,572,0.004406,false,0.0001
qp,p32i16,path,573,0.008458,false,0.0001
qp,p32i16,path,574,0.000283,true,0.0001
qp,p32i16,path,575,0.007106,false,0.0001
qp,p32i16,path,576,0.006538,false,0.0001
qp,p32i16,path,577,0.004647,false,0.0001
qp,p32i16,path,578,0.000465,true,0.0001
qp,p32i16,path,579,0.005836,false,0.0001
qp,p32i16,path,580,0.000319,true,0.0001
qp,p32i16,path,581,0.007289,false,0.0001
qp,p32i16,path,582,0.007029,false,0.0001
qp,p32i16,path,583,0.000338,true,0.0001
qp,p32i16,path,584,0.000327,true,0.0001
qp,p32i16,path,585,0.000354,true,0.0001
qp,p32i16,path,586,0.006799,false,0.0001
qp,p32i16,path,587,0.007082,false,0.0001
qp,p32i16,path,588,0.000551,true,0.0001
qp,p32i16,path,589,0.000297,true,0.0001
qp,p32i16,path,590,0.000278,true,0.0001
qp,p32i16,path,591,0.000298,true,0.0001
qp,p32i16,path,592,0.000293,true,0.0001
qp,p32i16,path,593,0.010164,false,0.0001
qp,p32i16,path,594,0.000323,true,0.0001
qp,p32i16,path,595,0.000284,true,0.0001
qp,p32i16,path,596,0.004295,false,0.0001
qp,p32i16,path,597,0.00033,true,0.0001
qp,p32i16,path,598,0.00031,true,0.0001
qp,p32i16,path,599,0.000282,true,0.0001
qp,p32i16,path,600,0.000311,true,0.0001
qp,p32i16,path,601,0.004847,false,0.0001
qp,p32i16,path,602,0.000324,true,0.0001
qp,p32i16,path,603,0.007743,false,0.0001
qp,p32i16,path,604,0.009838,false,0.0001
qp,p32i16,path,605,0.000294,true,0.0001
qp,p32i16,path,606,0.005604,false,0.0001
qp,p32i16,path,607,0.005883,false,0.0001
qp,p32i16,path,608,0.007483,false,0.0001
qp,p32i16,path,609,0.006197,false,0.0001
qp,p32i16,path,610,0.007508,false,0.0001
qp,p32i16,path,611,0.000309,true,0.0001
qp,p32i16,path,612,0.003755,false,0.0001
qp,p32i16,path,613,0.006123,false,0.0001
qp,p32i16,path,614,0.000293,true,0.0001
qp,p32i16,path,615,0.000316,true,0.0001
qp,p32i16,path,616,0.006759,false,0.0001
qp,p32i16,path,617,0.000297,true,0.0001
qp,p32i16,path,618,0.000566,true,0.0001
qp,p32i16,path,619,0.008539,false,0.0001
qp,p32i16,path,620,0.000483,true,0.0001
qp,p32i16,path,621,0.000349,true,0.0001
qp,p32i16,path,622,0.00586,false,0.0001
qp,p32i16,path,623,0.000347,true,0.0001
qp,p32i16,path,624,0.006008,false,0.0001
qp,p32i16,path,625,0.000307,true,0.0001
qp,p32i16,path,626,0.005133,false,0.0001
qp,p32i16,path,627,0.012309,false,0.0001
qp,p32i16,path,628,0.00523,false,0.0001
qp,p32i16,path,629,0.000292,true,0.0001
qp,p32i16,path,630,0.000311,true,0.0001
qp,p32i16,path,631,0.004985,false,0.0001
qp,p32i16,path,632,0.000312,true,0.0001
qp,p32i16,path,633,0.003743,false,0.0001
qp,p32i16,path,634,0.004672,false,0.0001
qp,p32i16,path,635,0.008925,false,0.0001
qp,p32i16,path,636,0.000309,true,0.0001
qp,p32i16,path,637,0.00588,false,0.0001
qp,p32i16,path,638,0.000331,true,0.0001
qp,p32i16,path,639,0.006377,false,0.0001
qp,p32i16,path,640,0.000292,true,0.0001
qp,p32i16,path,641,0.004909,false,0.0001
qp,p32i16,path,642,0.000289,true,0.0001
qp,p32i16,path,643,0.014818,false,0.0001
qp,p32i16,path,644,0.008557,false,0.0001
qp,p32i16,path,645,0.004742,false,0.0001
qp,p32i16,path,646,0.007214,false,0.0001
qp,p32i16,path,647,0.006652,false,0.0001
qp,p32i16,path,648,0.00387,false,0.0001
qp,p32i16,path,649,0.003175,false,0.0001
qp,p32i16,path,650,0.006328,false,0.0001
qp,p32i16,path,651,0.015165,false,0.0001
qp,p32i16,path,652,0.01136,false,0.0001
qp,p32i16,path,653,0.008644,false,0.0001
qp,p32i16,path,654,0.000355,true,0.0001
qp,p32i16,path,655,0.003797,false,0.0001
qp,p32i16,path,656,0.006694,false,0.0001
qp,p32i16,path,657,0.000325,true,0.0001
qp,p32i16,path,658,0.007132,false,0.0001
qp,p32i16,path,659,0.000305,true,0.0001
qp,p32i16,path,660,0.007394,false,0.0001
qp,p32i16,path,661,0.00561,false,0.0001
qp,p32i16,path,662,0.000333,true,0.0001
qp,p32i16,path,663,0.003678,false,0.0001
qp,p32i16,path,664,0.011759,false,0.0001
qp,p32i16,path,665,0.000299,true,0.0001
qp,p32i16,path,666,0.000297,true,0.0001
qp,p32i16,path,667,0.000544,true,0.0001
qp,p32i16,path,668,0.005641,false,0.0001
qp,p32i16,path,669,0.005787,false,0.0001
qp,p32i16,path,670,0.007315,false,0.0001
qp,p32i16,path,671,0.00402,false,0.0001
qp,p32i16,path,672,0.000297,true,0.0001
qp,p32i16,path,673,0.00031,true,0.0001
qp,p32i16,path,674,0.006726,false,0.0001
qp,p32i16,path,675,0.004063,false,0.0001
qp,p32i16,path,676,0.004824,false,0.0001
qp,p32i16,path,677,0.003692,false,0.0001
qp,p32i16,path,678,0.000381,true,0.0001
qp,p32i16,path,679,0.004499,false,0.0001
qp,p32i16,path,680,0.004335,false,0.0001
qp,p32i16,path,681,0.003448,false,0.0001
qp,p32i16,path,682,0.00075,true,0.0001
qp,p32i16,path,683,0.006542,false,0.0001
qp,p32i16,path,684,0.000369,true,0.0001
qp,p32i16,path,685,0.005184,false,0.0001
qp,p32i16,path,686,0.000315,true,0.0001
qp,p32i16,path,687,0.000307,true,0.0001
qp,p32i16,path,688,0.000288,true,0.0001
qp,p32i16,path,689,0.000281,true,0.0001
qp,p32i16,path,690,0.004285,false,0.0001
qp,p32i16,path,691,0.006423,false,0.0001
qp,p32i16,path,692,0.007357,false,0.0001
qp,p32i16,path,693,0.000357,true,0.0001
qp,p32i16,path,694,0.007409,false,0.0001
qp,p32i16,path,695,0.000456,true,0.0001
qp,p32i16,path,696,0.003335,false,0.0001
qp,p32i16,path,697,0.016845,false,0.0001
qp,p32i16,path,698,0.001025,true,0.0001
qp,p32i16,path,699,0.003636,false,0.0001
qp,p32i16,path,700,0.005474,false,0.0001
qp,p32i16,path,701,0.014218,false,0.0001
qp,p32i16,path,702,0.005494,false,0.0001
qp,p32i16,path,703,0.000292,true,0.0001
qp,p32i16,path,704,0.007519,false,0.0001
qp,p32i16,path,705,0.000323,true,0.0001
qp,p32i16,path,706,0.00029,true,0.0001
qp,p32i16,path,707,0.00026,true,0.0001
qp,p32i16,path,708,0.000277,true,0.0001
qp,p32i16,path,709,0.000273,true,0.0001
qp,p32i16,path,710,0.003354,false,0.0001
qp,p32i16,path,711,0.000276,true,0.0001
qp,p32i16,path,712,0.004504,false,0.0001
qp,p32i16,path,713,0.000292,true,0.0001
qp,p32i16,path,714,0.000278,true,0.0001
qp,p32i16,path,715,0.005655,false,0.0001
qp,p32i16,path,716,0.003802,false,0.0001
qp,p32i16,path,717,0.000311,true,0.0001
qp,p32i16,path,718,0.007322,false,0.0001
qp,p32i16,path,719,0.006714,false,0.0001
qp,p32i16,path,720,0.000309,true,0.0001
qp,p32i16,path,721,0.004281,false,0.0001
qp,p32i16,path,722,0.000563,true,0.0001
qp,p32i16,path,723,0.00589,false,0.0001
qp,p32i16,path,724,0.000337,true,0.0001
qp,p32i16,path,725,0.007138,false,0.0001
qp,p32i16,path,726,0.00327,false,0.0001
qp,p32i16,path,727,0.005448,false,0.0001
qp,p32i16,path,728,0.000311,true,0.0001
qp,p32i16,path,729,0.005531,false,0.0001
qp,p32i16,path,730,0.006391,false,0.0001
qp,p32i16,path,731,0.000608,true,0.0001
qp,p32i16,path,732,0.001929,true,0.0001
qp,p32i16,path,733,0.000315,true,0.0001
qp,p32i16,path,734,0.000286,true,0.0001
qp,p32i16,path,735,0.000313,true,0.0001
qp,p32i16,path,736,0.00436,false,0.0001
qp,p32i16,path,737,0.00408,false,0.0001
qp,p32i16,path,738,0.008728,false,0.0001
qp,p32i16,path,739,0.007093,false,0.0001
qp,p32i16,path,740,0.000289,true,0.0001
qp,p32i16,path,741,0.00031,true,0.0001
qp,p32i16,path,742,0.000297,true,0.0001
qp,p32i16,path,743,0.008976,false,0.0001
qp,p32i16,path,744,0.007134,false,0.0001
qp,p32i16,path,745,0.00891,false,0.0001
qp,p32i16,path,746,0.003772,false,0.0001
qp,p32i16,path,747,0.009012,false,0.0001
qp,p32i16,path,748,0.000331,true,0.0001
qp,p32i16,path,749,0.000338,true,0.0001
qp,p32i16,path,750,0.000299,true,0.0001
qp,p32i16,path,751,0.00033,true,0.0001
qp,p32i16,path,752,0.006753,false,0.0001
qp,p32i16,path,753,0.005164,false,0.0001
qp,p32i16,path,754,0.007632,false,0.0001
qp,p32i16,path,755,0.000454,true,0.0001
qp,p32i16,path,756,0.000301,true,0.0001
qp,p32i16,path,757,0.008722,false,0.0001
qp,p32i16,path,758,0.004534,false,0.0001
qp,p32i16,path,759,0.003502,false,0.0001
qp,p32i16,path,760,0.004611,false,0.0001
qp,p32i16,path,761,0.011135,false,0.0001
qp,p32i16,path,762,0.000324,true,0.0001
qp,p32i16,path,763,0.009896,false,0.0001
qp,p32i16,path,764,0.005235,false,0.0001
qp,p32i16,path,765,0.000287,true,0.0001
qp,p32i16,path,766,0.004861,false,0.0001
qp,p32i16,path,767,0.003256,false,0.0001
qp,p32i16,path,768,0.006846,false,0.0001
qp,p32i16,path,769,0.009252,false,0.0001
qp,p32i16,path,770,0.008007,false,0.0001
qp,p32i16,path,771,0.000602,true,0.0001
qp,p32i16,path,772,0.004707,false,0.0001
qp,p32i16,path,773,0.006064,false,0.0001
qp,p32i16,path,774,0.006798,false,0.0001
qp,p32i16,path,775,0.007381,false,0.0001
qp,p32i16,path,776,0.004767,false,0.0001
qp,p32i16,path,777,0.015115,false,0.0001
qp,p32i16,path,778,0.004671,false,0.0001
qp,p32i16,path,779,0.008135,false,0.0001
qp,p32i16,path,780,0.000288,true,0.0001
qp,p32i16,path,781,0.000287,true,0.0001
qp,p32i16,path,782,0.0003,true,0.0001
qp,p32i16,path,783,0.009507,false,0.0001
qp,p32i16,path,784,0.00381,false,0.0001
qp,p32i16,path,785,0.000515,true,0.0001
qp,p32i16,path,786,0.000325,true,0.0001
qp,p32i16,path,787,0.000291,true,0.0001
qp,p32i16,path,788,0.007457,false,0.0001
qp,p32i16,path,789,0.003668,false,0.0001
qp,p32i16,path,790,0.005283,false,0.0001
qp,p32i16,path,791,0.006083,false,0.0001
qp,p32i16,path,792,0.004182,false,0.0001
qp,p32i16,path,793,0.013116,false,0.0001
qp,p32i16,path,794,0.000325,true,0.0001
qp,p32i16,path,795,0.005161,false,0.0001
qp,p32i16,path,796,0.008846,false,0.0001
qp,p32i16,path,797,0.000293,true,0.0001
qp,p32i16,path,798,0.000315,true,0.0001
qp,p32i16,path,799,0.007065,false,0.0001
qp,p32i16,path,800,0.000307,true,0.0001
qp,p32i16,path,801,0.011015,false,0.0001
qp,p32i16,path,802,0.000303,true,0.0001
qp,p32i16,path,803,0.000314,true,0.0001
qp,p32i16,path,804,0.000268,true,0.0001
qp,p32i16,path,805,0.000303,true,0.0001
qp,p32i16,path,806,0.000276,true,0.0001
qp,p32i16,path,807,0.011062,false,0.0001
qp,p32i16,path,808,0.006496,false,0.0001
qp,p32i16,path,809,0.000294,true,0.0001
qp,p32i16,path,810,0.004636,false,0.0001
qp,p32i16,path,811,0.000293,true,0.0001
qp,p32i16,path,812,0.007139,false,0.0001
qp,p32i16,path,813,0.000648,true,0.0001
qp,p32i16,path,814,0.008804,false,0.0001
qp,p32i16,path,815,0.000282,true,0.0001
qp,p32i16,path,816,0.004406,false,0.0001
qp,p32i16,path,817,0.000331,true,0.0001
qp,p32i16,path,818,0.000273,true,0.0001
qp,p32i16,path,819,0.005159,false,0.0001
qp,p32i16,path,820,0.00031,true,0.0001
qp,p32i16,path,821,0.005729,false,0.0001
qp,p32i16,path,822,0.000318,true,0.0001
qp,p32i16,path,823,0.00029,true,0.0001
qp,p32i16,path,824,0.000272,true,0.0001
qp,p32i16,path,825,0.000276,true,0.0001
qp,p32i16,path,826,0.004427,false,0.0001
qp,p32i16,path,827,0.000328,true,0.0001
qp,p32i16,path,828,0.000284,true,0.0001
qp,p32i16,path,829,0.009781,false,0.0001
qp,p32i16,path,830,0.009382,false,0.0001
qp,p32i16,path,831,0.0003,true,0.0001
qp,p32i16,path,832,0.008968,false,0.0001
qp,p32i16,path,833,0.0072,false,0.0001
qp,p32i16,path,834,0.00587,false,0.0001
qp,p32i16,path,835,0.008211,false,0.0001
qp,p32i16,path,836,0.005032,false,0.0001
qp,p32i16,path,837,0.003608,false,0.0001
qp,p32i16,path,838,0.006827,false,0.0001
qp,p32i16,path,839,0.005017,false,0.0001
qp,p32i16,path,840,0.000306,true,0.0001
qp,p32i16,path,841,0.006214,false,0.0001
qp,p32i16,path,842,0.005516,false,0.0001
qp,p32i16,path,843,0.00029,true,0.0001
qp,p32i16,path,844,0.000307,true,0.0001
qp,p32i16,path,845,0.000343,true,0.0001
qp,p32i16,path,846,0.005061,false,0.0001
qp,p32i16,path,847,0.004026,false,0.0001
qp,p32i16,path,848,0.000307,true,0.0001
qp,p32i16,path,849,0.004923,false,0.0001
qp,p32i16,path,850,0.003999,false,0.0001
qp,p32i16,path,851,0.000644,true,0.0001
qp,p32i16,path,852,0.000323,true,0.0001
qp,p32i16,path,853,0.000329,true,0.0001
qp,p32i16,path,854,0.011543,false,0.0001
qp,p32i16,path,855,0.010837,false,0.0001
qp,p32i16,path,856,0.006866,false,0.0001
qp,p32i16,path,857,0.000311,true,0.0001
qp,p32i16,path,858,0.000529,true,0.0001
qp,p32i16,path,859,0.000573,true,0.0001
qp,p32i16,path,860,0.000282,true,0.0001
qp,p32i16,path,861,0.007951,false,0.0001
qp,p32i16,path,862,0.007122,false,0.0001
qp,p32i16,path,863,0.000305,true,0.0001
qp,p32i16,path,864,0.000514,true,0.0001
qp,p32i16,path,865,0.007021,false,0.0001
qp,p32i16,path,866,0.007078,false,0.0001
qp,p32i16,path,867,0.004267,false,0.0001
qp,p32i16,path,868,0.004119,false,0.0001
qp,p32i16,path,869,0.000298,true,0.0001
qp,p32i16,path,870,0.005015,false,0.0001
qp,p32i16,path,871,0.000468,true,0.0001
qp,p32i16,path,872,0.000313,true,0.0001
qp,p32i16,path,873,0.003467,false,0.0001
qp,p32i16,path,874,0.000332,true,0.0001
qp,p32i16,path,875,0.005845,false,0.0001
qp,p32i16,path,876,0.009204,false,0.0001
qp,p32i16,path,877,0.000439,true,0.0001
qp,p32i16,path,878,0.005735,false,0.0001
qp,p32i16,path,879,0.000424,true,0.0001
qp,p32i16,path,880,0.000583,true,0.0001
qp,p32i16,path,881,0.00036,true,0.0001
qp,p32i16,path,882,0.000319,true,0.0001
qp,p32i16,path,883,0.000331,true,0.0001
qp,p32i16,path,884,0.000814,true,0.0001
qp,p32i16,path,885,0.000757,true,0.0001
qp,p32i16,path,886,0.004924,false,0.0001
qp,p32i16,path,887,0.000653,true,0.0001
qp,p32i16,path,888,0.000299,true,0.0001
qp,p32i16,path,889,0.005155,false,0.0001
qp,p32i16,path,890,0.006616,false,0.0001
qp,p32i16,path,891,0.009345,false,0.0001
qp,p32i16,path,892,0.005392,false,0.0001
qp,p32i16,path,893,0.003907,false,0.0001
qp,p32i16,path,894,0.000301,true,0.0001
qp,p32i16,path,895,0.012154,false,0.0001
qp,p32i16,path,896,0.000428,true,0.0001
qp,p32i16,path,897,0.004492,false,0.0001
qp,p32i16,path,898,0.005027,false,0.0001
qp,p32i16,path,899,0.004476,false,0.0001
qp,p32i16,path,900,0.000317,true,0.0001
qp,p32i16,path,901,0.000713,true,0.0001
qp,p32i16,path,902,0.004791,false,0.0001
qp,p32i16,path,903,0.000303,true,0.0001
qp,p32i16,path,904,0.012151,false,0.0001
qp,p32i16,path,905,0.003706,false,0.0001
qp,p32i16,path,906,0.007168,false,0.0001
qp,p32i16,path,907,0.000327,true,0.0001
qp,p32i16,path,908,0.000321,true,0.0001
qp,p32i16,path,909,0.000552,true,0.0001
qp,p32i16,path,910,0.000293,true,0.0001
qp,p32i16,path,911,0.005152,false,0.0001
qp,p32i16,path,912,0.00494,false,0.0001
qp,p32i16,path,913,0.000715,true,0.0001
qp,p32i16,path,914,0.009881,false,0.0001
qp,p32i16,path,915,0.00744,false,0.0001
qp,p32i16,path,916,0.000364,true,0.0001
qp,p32i16,path,917,0.009153,false,0.0001
qp,p32i16,path,918,0.003478,false,0.0001
qp,p32i16,path,919,0.000325,true,0.0001
qp,p32i16,path,920,0.000285,true,0.0001
qp,p32i16,path,921,0.009445,false,0.0001
qp,p32i16,path,922,0.010739,false,0.0001
qp,p32i16,path,923,0.00528,false,0.0001
qp,p32i16,path,924,0.000325,true,0.0001
qp,p32i16,path,925,0.008344,false,0.0001
qp,p32i16,path,926,0.004649,false,0.0001
qp,p32i16,path,927,0.000305,true,0.0001
qp,p32i16,path,928,0.00407,false,0.0001
qp,p32i16,path,929,0.004963,false,0.0001
qp,p32i16,path,930,0.00054,true,0.0001
qp,p32i16,path,931,0.004235,false,0.0001
qp,p32i16,path,932,0.000301,true,0.0001
qp,p32i16,path,933,0.004184,false,0.0001
qp,p32i16,path,934,0.004185,false,0.0001
qp,p32i16,path,935,0.000314,true,0.0001
qp,p32i16,path,936,0.005182,false,0.0001
qp,p32i16,path,937,0.000305,true,0.0001
qp,p32i16,path,938,0.00468,false,0.0001
qp,p32i16,path,939,0.000296,true,0.0001
qp,p32i16,path,940,0.0003,true,0.0001
qp,p32i16,path,941,0.000504,true,0.0001
qp,p32i16,path,942,0.000306,true,0.0001
qp,p32i16,path,943,0.005536,false,0.0001
qp,p32i16,path,944,0.015277,false,0.0001
qp,p32i16,path,945,0.009136,false,0.0001
qp,p32i16,path,946,0.005632,false,0.0001
qp,p32i16,path,947,0.000545,true,0.0001
qp,p32i16,path,948,0.000428,true,0.0001
qp,p32i16,path,949,0.000308,true,0.0001
qp,p32i16,path,950,0.004076,false,0.0001
qp,p32i16,path,951,0.005033,false,0.0001
qp,p32i16,path,952,0.000566,true,0.0001
qp,p32i16,path,953,0.00929,false,0.0001
qp,p32i16,path,954,0.007184,false,0.0001
qp,p32i16,path,955,0.006663,false,0.0001
qp,p32i16,path,956,0.007106,false,0.0001
qp,p32i16,path,957,0.000434,true,0.0001
qp,p32i16,path,958,0.010794,false,0.0001
qp,p32i16,path,959,0.008774,false,0.0001
qp,p32i16,path,960,0.005244,false,0.0001
qp,p32i16,path,961,0.006147,false,0.0001
qp,p32i16,path,962,0.000745,true,0.0001
qp,p32i16,path,963,0.010388,false,0.0001
qp,p32i16,path,964,0.008798,false,0.0001
qp,p32i16,path,965,0.00034,true,0.0001
qp,p32i16,path,966,0.000285,true,0.0001
qp,p32i16,path,967,0.006222,false,0.0001
qp,p32i16,path,968,0.000321,true,0.0001
qp,p32i16,path,969,0.004883,false,0.0001
qp,p32i16,path,970,0.004315,false,0.0001
qp,p32i16,path,971,0.00861,false,0.0001
qp,p32i16,path,972,0.006093,false,0.0001
qp,p32i16,path,973,0.006952,false,0.0001
qp,p32i16,path,974,0.008226,false,0.0001
qp,p32i16,path,975,0.000777,true,0.0001
qp,p32i16,path,976,0.005159,false,0.0001
qp,p32i16,path,977,0.00031,true,0.0001
qp,p32i16,path,978,0.000331,true,0.0001
qp,p32i16,path,979,0.00659,false,0.0001
qp,p32i16,path,980,0.00343,false,0.0001
qp,p32i16,path,981,0.009466,false,0.0001
qp,p32i16,path,982,0.009621,false,0.0001
qp,p32i16,path,983,0.007496,false,0.0001
qp,p32i16,path,984,0.004855,false,0.0001
qp,p32i16,path,985,0.000321,true,0.0001
qp,p32i16,path,986,0.004334,false,0.0001
qp,p32i16,path,987,0.000287,true,0.0001
qp,p32i16,path,988,0.006773,false,0.0001
qp,p32i16,path,989,0.000369,true,0.0001
qp,p32i16,path,990,0.007436,false,0.0001
qp,p32i16,path,991,0.006003,false,0.0001
qp,p32i16,path,992,0.00411,false,0.0001
qp,p32i16,path,993,0.000287,true,0.0001
qp,p32i16,path,994,0.000853,true,0.0001
qp,p32i16,path,995,0.000469,true,0.0001
qp,p32i16,path,996,0.000316,true,0.0001
qp,p32i16,path,997,0.00573,false,0.0001
qp,p32i16,path,998,0.011791,false,0.0001
qp,p32i16,path,999,0.000331,true,0.0001
qp,p32i16,path,1000,0.003912,false,0.0001
qp,p32i16,path,1001,0.006911,false,0.0001
qp,p32i16,path,1002,0.004263,false,0.0001
qp,p32i16,path,1003,0.000323,true,0.0001
qp,p32i16,path,1004,0.009497,false,0.0001
qp,p32i16,path,1005,0.000324,true,0.0001
qp,p32i16,path,1006,0.000321,true,0.0001
qp,p32i16,path,1007,0.006506,false,0.0001
qp,p32i16,path,1008,0.006977,false,0.0001
qp,p32i16,path,1009,0.005476,false,0.0001
qp,p32i16,path,1010,0.000299,true,0.0001
qp,p32i16,path,1011,0.00031,true,0.0001
qp,p32i16,path,1012,0.000323,true,0.0001
qp,p32i16,path,1013,0.004033,false,0.0001
qp,p32i16,path,1014,0.009844,false,0.0001
qp,p32i16,path,1015,0.000314,true,0.0001
qp,p32i16,path,1016,0.000305,true,0.0001
qp,p32i16,path,1017,0.000321,true,0.0001
qp,p32i16,path,1018,0.000309,true,0.0001
qp,p32i16,path,1019,0.000484,true,0.0001
qp,p32i16,path,1020,0.000304,true,0.0001
qp,p32i16,path,1021,0.000295,true,0.0001
qp,p32i16,path,1022,0.005025,false,0.0001
qp,p32i16,path,1023,0.004073,false,0.0001
qp,p32i16,path,1024,0.004364,false,0.0001
