problem,size,solver,instance,time_s,solved,tol
qp,p32i16,path,1,0.004956,false,0.0001
qp,p32i16,ip_umfpack,1,0.072721,false,0.0001
qp,p32i16,ip_klu,1,0.025733,false,0.0001
qp,p32i16,path,2,0.006877,false,0.0001
qp,p32i16,ip_umfpack,2,0.002457,false,0.0001
qp,p32i16,ip_klu,2,0.000676,false,0.0001
qp,p32i16,path,3,0.004785,false,0.0001
qp,p32i16,ip_umfpack,3,0.034437,false,0.0001
qp,p32i16,ip_klu,3,0.005444,false,0.0001
qp,p32i16,path,4,0.000315,true,0.0001
qp,p32i16,ip_umfpack,4,0.00098,true,0.0001
qp,p32i16,ip_klu,4,0.00023,true,0.0001
qp,p32i16,path,5,0.000222,true,0.0001
qp,p32i16,ip_umfpack,5,0.00076,true,0.0001
qp,p32i16,ip_klu,5,0.000176,true,0.0001
qp,p32i16,path,6,0.004922,false,0.0001
qp,p32i16,ip_umfpack,6,0.044796,false,0.0001
qp,p32i16,ip_klu,6,0.012161,false,0.0001
qp,p32i16,path,7,0.004009,false,0.0001
qp,p32i16,ip_umfpack,7,0.031857,false,0.0001
qp,p32i16,ip_klu,7,0.006732,false,0.0001
qp,p32i16,path,8,0.006577,false,0.0001
qp,p32i16,ip_umfpack,8,0.004353,false,0.0001
qp,p32i16,ip_klu,8,0.000544,false,0.0001
qp,p32i16,path,9,0.006828,false,0.0001
qp,p32i16,ip_umfpack,9,0.029542,false,0.0001
qp,p32i16,ip_klu,9,0.006713,false,0.0001
qp,p32i16,path,10,0.011375,false,0.0001
qp,p32i16,ip_umfpack,10,0.022698,false,0.0001
qp,p32i16,ip_klu,10,0.006372,false,0.0001
qp,p32i16,path,11,0.000386,true,0.0001
qp,p32i16,ip_umfpack,11,0.002228,false,0.0001
qp,p32i16,ip_klu,11,0.000615,false,0.0001
qp,p32i16,path,12,0.000252,true,0.0001
qp,p32i16,ip_umfpack,12,0.000743,true,0.0001
qp,p32i16,ip_klu,12,0.000192,true,0.0001
qp,p32i16,path,13,0.005994,false,0.0001
qp,p32i16,ip_umfpack,13,0.02557,false,0.0001
qp,p32i16,ip_klu,13,0.005469,false,0.0001
qp,p32i16,path,14,0.021666,false,0.0001
qp,p32i16,ip_umfpack,14,0.042446,false,0.0001
qp,p32i16,ip_klu,14,0.009623,false,0.0001
qp,p32i16,path,15,0.000323,true,0.0001
qp,p32i16,ip_umfpack,15,0.000812,true,0.0001
qp,p32i16,ip_klu,15,0.000211,true,0.0001
qp,p32i16,path,16,0.004033,false,0.0001
qp,p32i16,ip_umfpack,16,0.054961,false,0.0001
qp,p32i16,ip_klu,16,0.009718,false,0.0001
qp,p32i16,path,17,0.000321,true,0.0001
qp,p32i16,ip_umfpack,17,0.000731,true,0.0001
qp,p32i16,ip_klu,17,0.000188,true,0.0001
qp,p32i16,path,18,0.011496,false,0.0001
qp,p32i16,ip_umfpack,18,0.002592,false,0.0001
qp,p32i16,ip_klu,18,0.000621,false,0.0001
qp,p32i16,path,19,0.005052,false,0.0001
qp,p32i16,ip_umfpack,19,0.004356,false,0.0001
qp,p32i16,ip_klu,19,0.000578,false,0.0001
qp,p32i16,path,20,0.004586,false,0.0001
qp,p32i16,ip_umfpack,20,0.023055,false,0.0001
qp,p32i16,ip_klu,20,0.006753,false,0.0001
qp,p32i16,path,21,0.000299,true,0.0001
qp,p32i16,ip_umfpack,21,0.000912,true,0.0001
qp,p32i16,ip_klu,21,0.000217,true,0.0001
qp,p32i16,path,22,0.004516,false,0.0001
qp,p32i16,ip_umfpack,22,0.025933,false,0.0001
qp,p32i16,ip_klu,22,0.005233,false,0.0001
qp,p32i16,path,23,0.007993,false,0.0001
qp,p32i16,ip_umfpack,23,0.043379,false,0.0001
qp,p32i16,ip_klu,23,0.00979,false,0.0001
qp,p32i16,path,24,0.007327,false,0.0001
qp,p32i16,ip_umfpack,24,0.03934,false,0.0001
qp,p32i16,ip_klu,24,0.010028,false,0.0001
qp,p32i16,path,25,0.003712,false,0.0001
qp,p32i16,ip_umfpack,25,0.052832,false,0.0001
qp,p32i16,ip_klu,25,0.009295,false,0.0001
qp,p32i16,path,26,0.000328,true,0.0001
qp,p32i16,ip_umfpack,26,0.011633,true,0.0001
qp,p32i16,ip_klu,26,0.003738,true,0.0001
qp,p32i16,path,27,0.003298,false,0.0001
qp,p32i16,ip_umfpack,27,0.036671,false,0.0001
qp,p32i16,ip_klu,27,0.008105,false,0.0001
qp,p32i16,path,28,0.008613,false,0.0001
qp,p32i16,ip_umfpack,28,0.00223,false,0.0001
qp,p32i16,ip_klu,28,0.000521,false,0.0001
qp,p32i16,path,29,0.005101,false,0.0001
qp,p32i16,ip_umfpack,29,0.040483,false,0.0001
qp,p32i16,ip_klu,29,0.008589,false,0.0001
qp,p32i16,path,30,0.02394,false,0.0001
qp,p32i16,ip_umfpack,30,0.02702,false,0.0001
qp,p32i16,ip_klu,30,0.007574,false,0.0001
qp,p32i16,path,31,0.000311,true,0.0001
qp,p32i16,ip_umfpack,31,0.000886,true,0.0001
qp,p32i16,ip_klu,31,0.000194,true,0.0001
qp,p32i16,path,32,0.011812,false,0.0001
qp,p32i16,ip_umfpack,32,0.041468,false,0.0001
qp,p32i16,ip_klu,32,0.01162,false,0.0001
qp,p32i16,path,33,0.000348,true,0.0001
qp,p32i16,ip_umfpack,33,0.000839,true,0.0001
qp,p32i16,ip_klu,33,0.000192,true,0.0001
qp,p32i16,path,34,0.000249,true,0.0001
qp,p32i16,ip_umfpack,34,0.000851,true,0.0001
qp,p32i16,ip_klu,34,0.000186,true,0.0001
qp,p32i16,path,35,0.007137,false,0.0001
qp,p32i16,ip_umfpack,35,0.022847,false,0.0001
qp,p32i16,ip_klu,35,0.004372,false,0.0001
qp,p32i16,path,36,0.007389,false,0.0001
qp,p32i16,ip_umfpack,36,0.002202,false,0.0001
qp,p32i16,ip_klu,36,0.016734,false,0.0001
qp,p32i16,path,37,0.004914,false,0.0001
qp,p32i16,ip_umfpack,37,0.002525,false,0.0001
qp,p32i16,ip_klu,37,0.000623,false,0.0001
qp,p32i16,path,38,0.003515,false,0.0001
qp,p32i16,ip_umfpack,38,0.040917,false,0.0001
qp,p32i16,ip_klu,38,0.02364,false,0.0001
qp,p32i16,path,39,0.009776,false,0.0001
qp,p32i16,ip_umfpack,39,0.040799,false,0.0001
qp,p32i16,ip_klu,39,0.008637,false,0.0001
qp,p32i16,path,40,0.000346,true,0.0001
qp,p32i16,ip_umfpack,40,0.000627,true,0.0001
qp,p32i16,ip_klu,40,0.000158,true,0.0001
qp,p32i16,path,41,0.000244,true,0.0001
qp,p32i16,ip_umfpack,41,0.017161,true,0.0001
qp,p32i16,ip_klu,41,0.000212,true,0.0001
qp,p32i16,path,42,0.005028,false,0.0001
qp,p32i16,ip_umfpack,42,0.039461,false,0.0001
qp,p32i16,ip_klu,42,0.009751,false,0.0001
qp,p32i16,path,43,0.000346,true,0.0001
qp,p32i16,ip_umfpack,43,0.001075,true,0.0001
qp,p32i16,ip_klu,43,0.000229,true,0.0001
qp,p32i16,path,44,0.003681,false,0.0001
qp,p32i16,ip_umfpack,44,0.02775,false,0.0001
qp,p32i16,ip_klu,44,0.008254,false,0.0001
qp,p32i16,path,45,0.006782,false,0.0001
qp,p32i16,ip_umfpack,45,0.024638,false,0.0001
qp,p32i16,ip_klu,45,0.005152,false,0.0001
qp,p32i16,path,46,0.005095,false,0.0001
qp,p32i16,ip_umfpack,46,0.041394,false,0.0001
qp,p32i16,ip_klu,46,0.005717,false,0.0001
qp,p32i16,path,47,0.005241,false,0.0001
qp,p32i16,ip_umfpack,47,0.042251,false,0.0001
qp,p32i16,ip_klu,47,0.005891,false,0.0001
qp,p32i16,path,48,0.000307,true,0.0001
qp,p32i16,ip_umfpack,48,0.000744,true,0.0001
qp,p32i16,ip_klu,48,0.000186,true,0.0001
qp,p32i16,path,49,0.000259,true,0.0001
qp,p32i16,ip_umfpack,49,0.000734,true,0.0001
qp,p32i16,ip_klu,49,0.000191,true,0.0001
qp,p32i16,path,50,0.00025,true,0.0001
qp,p32i16,ip_umfpack,50,0.000984,true,0.0001
qp,p32i16,ip_klu,50,0.00024,true,0.0001
qp,p32i16,path,51,0.024363,false,0.0001
qp,p32i16,ip_umfpack,51,0.038586,false,0.0001
qp,p32i16,ip_klu,51,0.010422,false,0.0001
qp,p32i16,path,52,0.004294,false,0.0001
qp,p32i16,ip_umfpack,52,0.039306,false,0.0001
qp,p32i16,ip_klu,52,0.009749,false,0.0001
qp,p32i16,path,53,0.000299,true,0.0001
qp,p32i16,ip_umfpack,53,0.001027,true,0.0001
qp,p32i16,ip_klu,53,0.000251,true,0.0001
qp,p32i16,path,54,0.000292,true,0.0001
qp,p32i16,ip_umfpack,54,0.000793,true,0.0001
qp,p32i16,ip_klu,54,0.000201,true,0.0001
qp,p32i16,path,55,0.004448,false,0.0001
qp,p32i16,ip_umfpack,55,0.001909,false,0.0001
qp,p32i16,ip_klu,55,0.00051,false,0.0001
qp,p32i16,path,56,0.000329,true,0.0001
qp,p32i16,ip_umfpack,56,0.000707,true,0.0001
qp,p32i16,ip_klu,56,0.000179,true,0.0001
qp,p32i16,path,57,0.004382,false,0.0001
qp,p32i16,ip_umfpack,57,0.063005,false,0.0001
qp,p32i16,ip_klu,57,0.008284,false,0.0001
qp,p32i16,path,58,0.000332,true,0.0001
qp,p32i16,ip_umfpack,58,0.000838,true,0.0001
qp,p32i16,ip_klu,58,0.00019,true,0.0001
qp,p32i16,path,59,0.00026,true,0.0001
qp,p32i16,ip_umfpack,59,0.000753,true,0.0001
qp,p32i16,ip_klu,59,0.000187,true,0.0001
qp,p32i16,path,60,0.000248,true,0.0001
qp,p32i16,ip_umfpack,60,0.000714,true,0.0001
qp,p32i16,ip_klu,60,0.000185,true,0.0001
qp,p32i16,path,61,0.02477,false,0.0001
qp,p32i16,ip_umfpack,61,0.026055,false,0.0001
qp,p32i16,ip_klu,61,0.007985,false,0.0001
qp,p32i16,path,62,0.000343,true,0.0001
qp,p32i16,ip_umfpack,62,0.000985,true,0.0001
qp,p32i16,ip_klu,62,0.000253,true,0.0001
qp,p32i16,path,63,0.000245,true,0.0001
qp,p32i16,ip_umfpack,63,0.000934,true,0.0001
qp,p32i16,ip_klu,63,0.000236,true,0.0001
qp,p32i16,path,64,0.007463,false,0.0001
qp,p32i16,ip_umfpack,64,0.042776,false,0.0001
qp,p32i16,ip_klu,64,0.009266,false,0.0001
qp,p32i16,path,65,0.000357,true,0.0001
qp,p32i16,ip_umfpack,65,0.000991,true,0.0001
qp,p32i16,ip_klu,65,0.000247,true,0.0001
qp,p32i16,path,66,0.000512,true,0.0001
qp,p32i16,ip_umfpack,66,0.001051,true,0.0001
qp,p32i16,ip_klu,66,0.00025,true,0.0001
qp,p32i16,path,67,0.02554,false,0.0001
qp,p32i16,ip_umfpack,67,0.042161,false,0.0001
qp,p32i16,ip_klu,67,0.01131,false,0.0001
qp,p32i16,path,68,0.000312,true,0.0001
qp,p32i16,ip_umfpack,68,0.000772,true,0.0001
qp,p32i16,ip_klu,68,0.000186,true,0.0001
qp,p32i16,path,69,0.005233,false,0.0001
qp,p32i16,ip_umfpack,69,0.053674,false,0.0001
qp,p32i16,ip_klu,69,0.010959,false,0.0001
qp,p32i16,path,70,0.005588,false,0.0001
qp,p32i16,ip_umfpack,70,0.054584,false,0.0001
qp,p32i16,ip_klu,70,0.008511,false,0.0001
qp,p32i16,path,71,0.004397,false,0.0001
qp,p32i16,ip_umfpack,71,0.027788,false,0.0001
qp,p32i16,ip_klu,71,0.00548,false,0.0001
qp,p32i16,path,72,0.000341,true,0.0001
qp,p32i16,ip_umfpack,72,0.000769,true,0.0001
qp,p32i16,ip_klu,72,0.000193,true,0.0001
qp,p32i16,path,73,0.005316,false,0.0001
qp,p32i16,ip_umfpack,73,0.002116,false,0.0001
qp,p32i16,ip_klu,73,0.000554,false,0.0001
qp,p32i16,path,74,0.000237,true,0.0001
qp,p32i16,ip_umfpack,74,0.000906,true,0.0001
qp,p32i16,ip_klu,74,0.000208,true,0.0001
qp,p32i16,path,75,0.0042,false,0.0001
qp,p32i16,ip_umfpack,75,0.021386,false,0.0001
qp,p32i16,ip_klu,75,0.006647,false,0.0001
qp,p32i16,path,76,0.008428,false,0.0001
qp,p32i16,ip_umfpack,76,0.021125,false,0.0001
qp,p32i16,ip_klu,76,0.004774,false,0.0001
qp,p32i16,path,77,0.006201,false,0.0001
qp,p32i16,ip_umfpack,77,0.041668,false,0.0001
qp,p32i16,ip_klu,77,0.021283,false,0.0001
qp,p32i16,path,78,0.004595,false,0.0001
qp,p32i16,ip_umfpack,78,0.038952,false,0.0001
qp,p32i16,ip_klu,78,0.01025,false,0.0001
qp,p32i16,path,79,0.000325,true,0.0001
qp,p32i16,ip_umfpack,79,0.000794,true,0.0001
qp,p32i16,ip_klu,79,0.000198,true,0.0001
qp,p32i16,path,80,0.009798,false,0.0001
qp,p32i16,ip_umfpack,80,0.002149,false,0.0001
qp,p32i16,ip_klu,80,0.000599,false,0.0001
qp,p32i16,path,81,0.003408,false,0.0001
qp,p32i16,ip_umfpack,81,0.037465,false,0.0001
qp,p32i16,ip_klu,81,0.008119,false,0.0001
qp,p32i16,path,82,0.009139,false,0.0001
qp,p32i16,ip_umfpack,82,0.004247,false,0.0001
qp,p32i16,ip_klu,82,0.000532,false,0.0001
qp,p32i16,path,83,0.000272,true,0.0001
qp,p32i16,ip_umfpack,83,0.000865,true,0.0001
qp,p32i16,ip_klu,83,0.000214,true,0.0001
qp,p32i16,path,84,0.000257,true,0.0001
qp,p32i16,ip_umfpack,84,0.00077,true,0.0001
qp,p32i16,ip_klu,84,0.000182,true,0.0001
qp,p32i16,path,85,0.006673,false,0.0001
qp,p32i16,ip_umfpack,85,0.002221,false,0.0001
qp,p32i16,ip_klu,85,0.000577,false,0.0001
qp,p32i16,path,86,0.005686,false,0.0001
qp,p32i16,ip_umfpack,86,0.026832,false,0.0001
qp,p32i16,ip_klu,86,0.006173,false,0.0001
qp,p32i16,path,87,0.005911,false,0.0001
qp,p32i16,ip_umfpack,87,0.039294,false,0.0001
qp,p32i16,ip_klu,87,0.005216,false,0.0001
qp,p32i16,path,88,0.000319,true,0.0001
qp,p32i16,ip_umfpack,88,0.000701,true,0.0001
qp,p32i16,ip_klu,88,0.000178,true,0.0001
qp,p32i16,path,89,0.000251,true,0.0001
qp,p32i16,ip_umfpack,89,0.00079,true,0.0001
qp,p32i16,ip_klu,89,0.00018,true,0.0001
qp,p32i16,path,90,0.008829,false,0.0001
qp,p32i16,ip_umfpack,90,0.018737,false,0.0001
qp,p32i16,ip_klu,90,0.000576,false,0.0001
qp,p32i16,path,91,0.005207,false,0.0001
qp,p32i16,ip_umfpack,91,0.041097,false,0.0001
qp,p32i16,ip_klu,91,0.008478,false,0.0001
qp,p32i16,path,92,0.004351,false,0.0001
qp,p32i16,ip_umfpack,92,0.056776,false,0.0001
qp,p32i16,ip_klu,92,0.010309,false,0.0001
qp,p32i16,path,93,0.000332,true,0.0001
qp,p32i16,ip_umfpack,93,0.000924,true,0.0001
qp,p32i16,ip_klu,93,0.000211,true,0.0001
qp,p32i16,path,94,0.007595,false,0.0001
qp,p32i16,ip_umfpack,94,0.002077,false,0.0001
qp,p32i16,ip_klu,94,0.000555,false,0.0001
qp,p32i16,path,95,0.000261,true,0.0001
qp,p32i16,ip_umfpack,95,0.000868,true,0.0001
qp,p32i16,ip_klu,95,0.000231,true,0.0001
qp,p32i16,path,96,0.00026,true,0.0001
qp,p32i16,ip_umfpack,96,0.000815,true,0.0001
qp,p32i16,ip_klu,96,0.000214,true,0.0001
qp,p32i16,path,97,0.000257,true,0.0001
qp,p32i16,ip_umfpack,97,0.000783,true,0.0001
qp,p32i16,ip_klu,97,0.000188,true,0.0001
qp,p32i16,path,98,0.000683,true,0.0001
qp,p32i16,ip_umfpack,98,0.017406,true,0.0001
qp,p32i16,ip_klu,98,0.000224,true,0.0001
qp,p32i16,path,99,0.000252,true,0.0001
qp,p32i16,ip_umfpack,99,0.000603,true,0.0001
qp,p32i16,ip_klu,99,0.000154,true,0.0001
qp,p32i16,path,100,0.004069,false,0.0001
qp,p32i16,ip_umfpack,100,0.046228,false,0.0001
qp,p32i16,ip_klu,100,0.008647,false,0.0001
qp,p32i16,path,101,0.007756,false,0.0001
qp,p32i16,ip_umfpack,101,0.053095,false,0.0001
qp,p32i16,ip_klu,101,0.008109,false,0.0001
qp,p32i16,path,102,0.005517,false,0.0001
qp,p32i16,ip_umfpack,102,0.019906,false,0.0001
qp,p32i16,ip_klu,102,0.006483,false,0.0001
qp,p32i16,path,103,0.000297,true,0.0001
qp,p32i16,ip_umfpack,103,0.001059,true,0.0001
qp,p32i16,ip_klu,103,0.000243,true,0.0001
qp,p32i16,path,104,0.000244,true,0.0001
qp,p32i16,ip_umfpack,104,0.000821,true,0.0001
qp,p32i16,ip_klu,104,0.000203,true,0.0001
qp,p32i16,path,105,0.004773,false,0.0001
qp,p32i16,ip_umfpack,105,0.036458,false,0.0001
qp,p32i16,ip_klu,105,0.009913,false,0.0001
qp,p32i16,path,106,0.005178,false,0.0001
qp,p32i16,ip_umfpack,106,0.050762,false,0.0001
qp,p32i16,ip_klu,106,0.009971,false,0.0001
qp,p32i16,path,107,0.000333,true,0.0001
qp,p32i16,ip_umfpack,107,0.000773,true,0.0001
qp,p32i16,ip_klu,107,0.000196,true,0.0001
qp,p32i16,path,108,0.006585,false,0.0001
qp,p32i16,ip_umfpack,108,0.025901,false,0.0001
qp,p32i16,ip_klu,108,0.006256,false,0.0001
qp,p32i16,path,109,0.004142,false,0.0001
qp,p32i16,ip_umfpack,109,0.002113,false,0.0001
qp,p32i16,ip_klu,109,0.000568,false,0.0001
qp,p32i16,path,110,0.004534,false,0.0001
qp,p32i16,ip_umfpack,110,0.004045,false,0.0001
qp,p32i16,ip_klu,110,0.000532,false,0.0001
qp,p32i16,path,111,0.000259,true,0.0001
qp,p32i16,ip_umfpack,111,0.0009,true,0.0001
qp,p32i16,ip_klu,111,0.000232,true,0.0001
qp,p32i16,path,112,0.000248,true,0.0001
qp,p32i16,ip_umfpack,112,0.030787,true,0.0001
qp,p32i16,ip_klu,112,0.005626,true,0.0001
qp,p32i16,path,113,0.000387,true,0.0001
qp,p32i16,ip_umfpack,113,0.000922,true,0.0001
qp,p32i16,ip_klu,113,0.000234,true,0.0001
qp,p32i16,path,114,0.000277,true,0.0001
qp,p32i16,ip_umfpack,114,0.000879,true,0.0001
qp,p32i16,ip_klu,114,0.000222,true,0.0001
qp,p32i16,path,115,0.000273,true,0.0001
qp,p32i16,ip_umfpack,115,0.000707,true,0.0001
qp,p32i16,ip_klu,115,0.000193,true,0.0001
qp,p32i16,path,116,0.00442,false,0.0001
qp,p32i16,ip_umfpack,116,0.053913,false,0.0001
qp,p32i16,ip_klu,116,0.023981,false,0.0001
qp,p32i16,path,117,0.003967,false,0.0001
qp,p32i16,ip_umfpack,117,0.002158,false,0.0001
qp,p32i16,ip_klu,117,0.000541,false,0.0001
qp,p32i16,path,118,0.000242,true,0.0001
qp,p32i16,ip_umfpack,118,0.000615,true,0.0001
qp,p32i16,ip_klu,118,0.000173,true,0.0001
qp,p32i16,path,119,0.00655,false,0.0001
qp,p32i16,ip_umfpack,119,0.038503,false,0.0001
qp,p32i16,ip_klu,119,0.007474,false,0.0001
qp,p32i16,path,120,0.000305,true,0.0001
qp,p32i16,ip_umfpack,120,0.000867,true,0.0001
qp,p32i16,ip_klu,120,0.000209,true,0.0001
qp,p32i16,path,121,0.000262,true,0.0001
qp,p32i16,ip_umfpack,121,0.00101,true,0.0001
qp,p32i16,ip_klu,121,0.000202,true,0.0001
qp,p32i16,path,122,0.000277,true,0.0001
qp,p32i16,ip_umfpack,122,0.000959,true,0.0001
qp,p32i16,ip_klu,122,0.000245,true,0.0001
qp,p32i16,path,123,0.000238,true,0.0001
qp,p32i16,ip_umfpack,123,0.003177,true,0.0001
qp,p32i16,ip_klu,123,0.000183,true,0.0001
qp,p32i16,path,124,0.005808,false,0.0001
qp,p32i16,ip_umfpack,124,0.002255,false,0.0001
qp,p32i16,ip_klu,124,0.000559,false,0.0001
qp,p32i16,path,125,0.005228,false,0.0001
qp,p32i16,ip_umfpack,125,0.002108,false,0.0001
qp,p32i16,ip_klu,125,0.000555,false,0.0001
qp,p32i16,path,126,0.000253,true,0.0001
qp,p32i16,ip_umfpack,126,0.000792,true,0.0001
qp,p32i16,ip_klu,126,0.000194,true,0.0001
qp,p32i16,path,127,0.000278,true,0.0001
qp,p32i16,ip_umfpack,127,0.000867,true,0.0001
qp,p32i16,ip_klu,127,0.000203,true,0.0001
qp,p32i16,path,128,0.003566,false,0.0001
qp,p32i16,ip_umfpack,128,0.039444,false,0.0001
qp,p32i16,ip_klu,128,0.0079,false,0.0001
qp,p32i16,path,129,0.006322,false,0.0001
qp,p32i16,ip_umfpack,129,0.042874,false,0.0001
qp,p32i16,ip_klu,129,0.012443,false,0.0001
qp,p32i16,path,130,0.010438,false,0.0001
qp,p32i16,ip_umfpack,130,0.054862,false,0.0001
qp,p32i16,ip_klu,130,0.02471,false,0.0001
qp,p32i16,path,131,0.00034,true,0.0001
qp,p32i16,ip_umfpack,131,0.000932,true,0.0001
qp,p32i16,ip_klu,131,0.000211,true,0.0001
qp,p32i16,path,132,0.000235,true,0.0001
qp,p32i16,ip_umfpack,132,0.000928,true,0.0001
qp,p32i16,ip_klu,132,0.000216,true,0.0001
qp,p32i16,path,133,0.006448,false,0.0001
qp,p32i16,ip_umfpack,133,0.044227,false,0.0001
qp,p32i16,ip_klu,133,0.008504,false,0.0001
qp,p32i16,path,134,0.005351,false,0.0001
qp,p32i16,ip_umfpack,134,0.053745,false,0.0001
qp,p32i16,ip_klu,134,0.023988,false,0.0001
qp,p32i16,path,135,0.008036,false,0.0001
qp,p32i16,ip_umfpack,135,0.003294,false,0.0001
qp,p32i16,ip_klu,135,0.00091,false,0.0001
qp,p32i16,path,136,0.004873,false,0.0001
qp,p32i16,ip_umfpack,136,0.040589,false,0.0001
qp,p32i16,ip_klu,136,0.008138,false,0.0001
qp,p32i16,path,137,0.005774,false,0.0001
qp,p32i16,ip_umfpack,137,0.04403,false,0.0001
qp,p32i16,ip_klu,137,0.006014,false,0.0001
qp,p32i16,path,138,0.022855,false,0.0001
qp,p32i16,ip_umfpack,138,0.043342,false,0.0001
qp,p32i16,ip_klu,138,0.009056,false,0.0001
qp,p32i16,path,139,0.010768,false,0.0001
qp,p32i16,ip_umfpack,139,0.05047,false,0.0001
qp,p32i16,ip_klu,139,0.009949,false,0.0001
qp,p32i16,path,140,0.000305,true,0.0001
qp,p32i16,ip_umfpack,140,0.000733,true,0.0001
qp,p32i16,ip_klu,140,0.000172,true,0.0001
qp,p32i16,path,141,0.006029,false,0.0001
qp,p32i16,ip_umfpack,141,0.042016,false,0.0001
qp,p32i16,ip_klu,141,0.00894,false,0.0001
qp,p32i16,path,142,0.000597,true,0.0001
qp,p32i16,ip_umfpack,142,0.016843,true,0.0001
qp,p32i16,ip_klu,142,0.000248,true,0.0001
qp,p32i16,path,143,0.004892,false,0.0001
qp,p32i16,ip_umfpack,143,0.002491,false,0.0001
qp,p32i16,ip_klu,143,0.000641,false,0.0001
qp,p32i16,path,144,0.000551,true,0.0001
qp,p32i16,ip_umfpack,144,0.000779,true,0.0001
qp,p32i16,ip_klu,144,0.0002,true,0.0001
qp,p32i16,path,145,0.003905,false,0.0001
qp,p32i16,ip_umfpack,145,0.038204,false,0.0001
qp,p32i16,ip_klu,145,0.008033,false,0.0001
qp,p32i16,path,146,0.000336,true,0.0001
qp,p32i16,ip_umfpack,146,0.000762,true,0.0001
qp,p32i16,ip_klu,146,0.000184,true,0.0001
qp,p32i16,path,147,0.004703,false,0.0001
qp,p32i16,ip_umfpack,147,0.005759,false,0.0001
qp,p32i16,ip_klu,147,0.000529,false,0.0001
qp,p32i16,path,148,0.007335,false,0.0001
qp,p32i16,ip_umfpack,148,0.021895,false,0.0001
qp,p32i16,ip_klu,148,0.005066,false,0.0001
qp,p32i16,path,149,0.000305,true,0.0001
qp,p32i16,ip_umfpack,149,0.000756,true,0.0001
qp,p32i16,ip_klu,149,0.000204,true,0.0001
qp,p32i16,path,150,0.007557,false,0.0001
qp,p32i16,ip_umfpack,150,0.027093,false,0.0001
qp,p32i16,ip_klu,150,0.005726,false,0.0001
qp,p32i16,path,151,0.000369,true,0.0001
qp,p32i16,ip_umfpack,151,0.000773,true,0.0001
qp,p32i16,ip_klu,151,0.000203,true,0.0001
qp,p32i16,path,152,0.005443,false,0.0001
qp,p32i16,ip_umfpack,152,0.037008,false,0.0001
qp,p32i16,ip_klu,152,0.010424,false,0.0001
qp,p32i16,path,153,0.000354,true,0.0001
qp,p32i16,ip_umfpack,153,0.001153,true,0.0001
qp,p32i16,ip_klu,153,0.000261,true,0.0001
qp,p32i16,path,154,0.008765,false,0.0001
qp,p32i16,ip_umfpack,154,0.043538,false,0.0001
qp,p32i16,ip_klu,154,0.006127,false,0.0001
qp,p32i16,path,155,0.005226,false,0.0001
qp,p32i16,ip_umfpack,155,0.038811,false,0.0001
qp,p32i16,ip_klu,155,0.005191,false,0.0001
qp,p32i16,path,156,0.026668,false,0.0001
qp,p32i16,ip_umfpack,156,0.026094,false,0.0001
qp,p32i16,ip_klu,156,0.021695,false,0.0001
qp,p32i16,path,157,0.000331,true,0.0001
qp,p32i16,ip_umfpack,157,0.000899,true,0.0001
qp,p32i16,ip_klu,157,0.000188,true,0.0001
qp,p32i16,path,158,0.010937,false,0.0001
qp,p32i16,ip_umfpack,158,0.039072,false,0.0001
qp,p32i16,ip_klu,158,0.010429,false,0.0001
qp,p32i16,path,159,0.000291,true,0.0001
qp,p32i16,ip_umfpack,159,0.000884,true,0.0001
qp,p32i16,ip_klu,159,0.000217,true,0.0001
qp,p32i16,path,160,0.005445,false,0.0001
qp,p32i16,ip_umfpack,160,0.036955,false,0.0001
qp,p32i16,ip_klu,160,0.008482,false,0.0001
qp,p32i16,path,161,0.000297,true,0.0001
qp,p32i16,ip_umfpack,161,0.000715,true,0.0001
qp,p32i16,ip_klu,161,0.000181,true,0.0001
qp,p32i16,path,162,0.000258,true,0.0001
qp,p32i16,ip_umfpack,162,0.000881,true,0.0001
qp,p32i16,ip_klu,162,0.000226,true,0.0001
qp,p32i16,path,163,0.000271,true,0.0001
qp,p32i16,ip_umfpack,163,0.000793,true,0.0001
qp,p32i16,ip_klu,163,0.000196,true,0.0001
qp,p32i16,path,164,0.000262,true,0.0001
qp,p32i16,ip_umfpack,164,0.000928,true,0.0001
qp,p32i16,ip_klu,164,0.000212,true,0.0001
qp,p32i16,path,165,0.007418,false,0.0001
qp,p32i16,ip_umfpack,165,0.001976,false,0.0001
qp,p32i16,ip_klu,165,0.000533,false,0.0001
qp,p32i16,path,166,0.000255,true,0.0001
qp,p32i16,ip_umfpack,166,0.000776,true,0.0001
qp,p32i16,ip_klu,166,0.000197,true,0.0001
qp,p32i16,path,167,0.024383,false,0.0001
qp,p32i16,ip_umfpack,167,0.041677,false,0.0001
qp,p32i16,ip_klu,167,0.007885,false,0.0001
qp,p32i16,path,168,0.005088,false,0.0001
qp,p32i16,ip_umfpack,168,0.038594,false,0.0001
qp,p32i16,ip_klu,168,0.008317,false,0.0001
qp,p32i16,path,169,0.021159,false,0.0001
qp,p32i16,ip_umfpack,169,0.036903,false,0.0001
qp,p32i16,ip_klu,169,0.010008,false,0.0001
qp,p32i16,path,170,0.000327,true,0.0001
qp,p32i16,ip_umfpack,170,0.001964,true,0.0001
qp,p32i16,ip_klu,170,0.000467,true,0.0001
qp,p32i16,path,171,0.005007,false,0.0001
qp,p32i16,ip_umfpack,171,0.037381,false,0.0001
qp,p32i16,ip_klu,171,0.010961,false,0.0001
qp,p32i16,path,172,0.000377,true,0.0001
qp,p32i16,ip_umfpack,172,0.001086,true,0.0001
qp,p32i16,ip_klu,172,0.000229,true,0.0001
qp,p32i16,path,173,0.00026,true,0.0001
qp,p32i16,ip_umfpack,173,0.000889,true,0.0001
qp,p32i16,ip_klu,173,0.000189,true,0.0001
qp,p32i16,path,174,0.008048,false,0.0001
qp,p32i16,ip_umfpack,174,0.03359,false,0.0001
qp,p32i16,ip_klu,174,0.009351,false,0.0001
qp,p32i16,path,175,0.004671,false,0.0001
qp,p32i16,ip_umfpack,175,0.037855,false,0.0001
qp,p32i16,ip_klu,175,0.024349,false,0.0001
qp,p32i16,path,176,0.000319,true,0.0001
qp,p32i16,ip_umfpack,176,0.00102,true,0.0001
qp,p32i16,ip_klu,176,0.000242,true,0.0001
qp,p32i16,path,177,0.004997,false,0.0001
qp,p32i16,ip_umfpack,177,0.002044,false,0.0001
qp,p32i16,ip_klu,177,0.000532,false,0.0001
qp,p32i16,path,178,0.005856,false,0.0001
qp,p32i16,ip_umfpack,178,0.04389,false,0.0001
qp,p32i16,ip_klu,178,0.008338,false,0.0001
qp,p32i16,path,179,0.000308,true,0.0001
qp,p32i16,ip_umfpack,179,0.000975,true,0.0001
qp,p32i16,ip_klu,179,0.000229,true,0.0001
qp,p32i16,path,180,0.005846,false,0.0001
qp,p32i16,ip_umfpack,180,0.017907,false,0.0001
qp,p32i16,ip_klu,180,0.000604,false,0.0001
qp,p32i16,path,181,0.004916,false,0.0001
qp,p32i16,ip_umfpack,181,0.038303,false,0.0001
qp,p32i16,ip_klu,181,0.010206,false,0.0001
qp,p32i16,path,182,0.006123,false,0.0001
qp,p32i16,ip_umfpack,182,0.001981,false,0.0001
qp,p32i16,ip_klu,182,0.000509,false,0.0001
qp,p32i16,path,183,0.010271,false,0.0001
qp,p32i16,ip_umfpack,183,0.055426,false,0.0001
qp,p32i16,ip_klu,183,0.010661,false,0.0001
qp,p32i16,path,184,0.004492,false,0.0001
qp,p32i16,ip_umfpack,184,0.002389,false,0.0001
qp,p32i16,ip_klu,184,0.000625,false,0.0001
qp,p32i16,path,185,0.00898,false,0.0001
qp,p32i16,ip_umfpack,185,0.026284,false,0.0001
qp,p32i16,ip_klu,185,0.005404,false,0.0001
qp,p32i16,path,186,0.007846,false,0.0001
qp,p32i16,ip_umfpack,186,0.035465,false,0.0001
qp,p32i16,ip_klu,186,0.008141,false,0.0001
qp,p32i16,path,187,0.006327,false,0.0001
qp,p32i16,ip_umfpack,187,0.045381,false,0.0001
qp,p32i16,ip_klu,187,0.006487,false,0.0001
qp,p32i16,path,188,0.000317,true,0.0001
qp,p32i16,ip_umfpack,188,0.018189,true,0.0001
qp,p32i16,ip_klu,188,0.000595,true,0.0001
qp,p32i16,path,189,0.000653,true,0.0001
qp,p32i16,ip_umfpack,189,0.000942,true,0.0001
qp,p32i16,ip_klu,189,0.00023,true,0.0001
qp,p32i16,path,190,0.007192,false,0.0001
qp,p32i16,ip_umfpack,190,0.032317,false,0.0001
qp,p32i16,ip_klu,190,0.005588,false,0.0001
qp,p32i16,path,191,0.003812,false,0.0001
qp,p32i16,ip_umfpack,191,0.040676,false,0.0001
qp,p32i16,ip_klu,191,0.008536,false,0.0001
qp,p32i16,path,192,0.003889,false,0.0001
qp,p32i16,ip_umfpack,192,0.051272,false,0.0001
qp,p32i16,ip_klu,192,0.023195,false,0.0001
qp,p32i16,path,193,0.000335,true,0.0001
qp,p32i16,ip_umfpack,193,0.000784,true,0.0001
qp,p32i16,ip_klu,193,0.000186,true,0.0001
qp,p32i16,path,194,0.003925,false,0.0001
qp,p32i16,ip_umfpack,194,0.041049,false,0.0001
qp,p32i16,ip_klu,194,0.012657,false,0.0001
qp,p32i16,path,195,0.000339,true,0.0001
qp,p32i16,ip_umfpack,195,0.00118,true,0.0001
qp,p32i16,ip_klu,195,0.000242,true,0.0001
qp,p32i16,path,196,0.009072,false,0.0001
qp,p32i16,ip_umfpack,196,0.047863,false,0.0001
qp,p32i16,ip_klu,196,0.007136,false,0.0001
qp,p32i16,path,197,0.00542,false,0.0001
qp,p32i16,ip_umfpack,197,0.040037,false,0.0001
qp,p32i16,ip_klu,197,0.004774,false,0.0001
qp,p32i16,path,198,0.003709,false,0.0001
qp,p32i16,ip_umfpack,198,0.049706,false,0.0001
qp,p32i16,ip_klu,198,0.023165,false,0.0001
qp,p32i16,path,199,0.000373,true,0.0001
qp,p32i16,ip_umfpack,199,0.001054,true,0.0001
qp,p32i16,ip_klu,199,0.000255,true,0.0001
qp,p32i16,path,200,0.000265,true,0.0001
qp,p32i16,ip_umfpack,200,0.001115,true,0.0001
qp,p32i16,ip_klu,200,0.000269,true,0.0001
qp,p32i16,path,201,0.010804,false,0.0001
qp,p32i16,ip_umfpack,201,0.041409,false,0.0001
qp,p32i16,ip_klu,201,0.008055,false,0.0001
qp,p32i16,path,202,0.004725,false,0.0001
qp,p32i16,ip_umfpack,202,0.052278,false,0.0001
qp,p32i16,ip_klu,202,0.009844,false,0.0001
qp,p32i16,path,203,0.008652,false,0.0001
qp,p32i16,ip_umfpack,203,0.024045,false,0.0001
qp,p32i16,ip_klu,203,0.004853,false,0.0001
qp,p32i16,path,204,0.005348,false,0.0001
qp,p32i16,ip_umfpack,204,0.002414,false,0.0001
qp,p32i16,ip_klu,204,0.00061,false,0.0001
qp,p32i16,path,205,0.004848,false,0.0001
qp,p32i16,ip_umfpack,205,0.03928,false,0.0001
qp,p32i16,ip_klu,205,0.00823,false,0.0001
qp,p32i16,path,206,0.005782,false,0.0001
qp,p32i16,ip_umfpack,206,0.055226,false,0.0001
qp,p32i16,ip_klu,206,0.008394,false,0.0001
qp,p32i16,path,207,0.007793,false,0.0001
qp,p32i16,ip_umfpack,207,0.004431,false,0.0001
qp,p32i16,ip_klu,207,0.000611,false,0.0001
qp,p32i16,path,208,0.004008,false,0.0001
qp,p32i16,ip_umfpack,208,0.038763,false,0.0001
qp,p32i16,ip_klu,208,0.024089,false,0.0001
qp,p32i16,path,209,0.000335,true,0.0001
qp,p32i16,ip_umfpack,209,0.00087,true,0.0001
qp,p32i16,ip_klu,209,0.000201,true,0.0001
qp,p32i16,path,210,0.007373,false,0.0001
qp,p32i16,ip_umfpack,210,0.002198,false,0.0001
qp,p32i16,ip_klu,210,0.000586,false,0.0001
qp,p32i16,path,211,0.00885,false,0.0001
qp,p32i16,ip_umfpack,211,0.001995,false,0.0001
qp,p32i16,ip_klu,211,0.000499,false,0.0001
qp,p32i16,path,212,0.007195,false,0.0001
qp,p32i16,ip_umfpack,212,0.031146,false,0.0001
qp,p32i16,ip_klu,212,0.005945,false,0.0001
qp,p32i16,path,213,0.000331,true,0.0001
qp,p32i16,ip_umfpack,213,0.00088,true,0.0001
qp,p32i16,ip_klu,213,0.000196,true,0.0001
qp,p32i16,path,214,0.006327,false,0.0001
qp,p32i16,ip_umfpack,214,0.003078,false,0.0001
qp,p32i16,ip_klu,214,0.000767,false,0.0001
qp,p32i16,path,215,0.003339,false,0.0001
qp,p32i16,ip_umfpack,215,0.044272,false,0.0001
qp,p32i16,ip_klu,215,0.00863,false,0.0001
qp,p32i16,path,216,0.000333,true,0.0001
qp,p32i16,ip_umfpack,216,0.000686,true,0.0001
qp,p32i16,ip_klu,216,0.000158,true,0.0001
qp,p32i16,path,217,0.009484,false,0.0001
qp,p32i16,ip_umfpack,217,0.02088,false,0.0001
qp,p32i16,ip_klu,217,0.001126,false,0.0001
qp,p32i16,path,218,0.005875,false,0.0001
qp,p32i16,ip_umfpack,218,0.00243,false,0.0001
qp,p32i16,ip_klu,218,0.000517,false,0.0001
qp,p32i16,path,219,0.000544,true,0.0001
qp,p32i16,ip_umfpack,219,0.000916,true,0.0001
qp,p32i16,ip_klu,219,0.000219,true,0.0001
qp,p32i16,path,220,0.009826,false,0.0001
qp,p32i16,ip_umfpack,220,0.029705,false,0.0001
qp,p32i16,ip_klu,220,0.008262,false,0.0001
qp,p32i16,path,221,0.005577,false,0.0001
qp,p32i16,ip_umfpack,221,0.02152,false,0.0001
qp,p32i16,ip_klu,221,0.004761,false,0.0001
qp,p32i16,path,222,0.000341,true,0.0001
qp,p32i16,ip_umfpack,222,0.001022,true,0.0001
qp,p32i16,ip_klu,222,0.000232,true,0.0001
qp,p32i16,path,223,0.009816,false,0.0001
qp,p32i16,ip_umfpack,223,0.00249,false,0.0001
qp,p32i16,ip_klu,223,0.000599,false,0.0001
qp,p32i16,path,224,0.006831,false,0.0001
qp,p32i16,ip_umfpack,224,0.002024,false,0.0001
qp,p32i16,ip_klu,224,0.000561,false,0.0001
qp,p32i16,path,225,0.005675,false,0.0001
qp,p32i16,ip_umfpack,225,0.005704,false,0.0001
qp,p32i16,ip_klu,225,0.000581,false,0.0001
qp,p32i16,path,226,0.007028,false,0.0001
qp,p32i16,ip_umfpack,226,0.039232,false,0.0001
qp,p32i16,ip_klu,226,0.008435,false,0.0001
qp,p32i16,path,227,0.005849,false,0.0001
qp,p32i16,ip_umfpack,227,0.036176,false,0.0001
qp,p32i16,ip_klu,227,0.008241,false,0.0001
qp,p32i16,path,228,0.000374,true,0.0001
qp,p32i16,ip_umfpack,228,0.000806,true,0.0001
qp,p32i16,ip_klu,228,0.016357,true,0.0001
qp,p32i16,path,229,0.000289,true,0.0001
qp,p32i16,ip_umfpack,229,0.001067,true,0.0001
qp,p32i16,ip_klu,229,0.000251,true,0.0001
qp,p32i16,path,230,0.004954,false,0.0001
qp,p32i16,ip_umfpack,230,0.03889,false,0.0001
qp,p32i16,ip_klu,230,0.008062,false,0.0001
qp,p32i16,path,231,0.0056,false,0.0001
qp,p32i16,ip_umfpack,231,0.030449,false,0.0001
qp,p32i16,ip_klu,231,0.005967,false,0.0001
qp,p32i16,path,232,0.007744,false,0.0001
qp,p32i16,ip_umfpack,232,0.031079,false,0.0001
qp,p32i16,ip_klu,232,0.008497,false,0.0001
qp,p32i16,path,233,0.003783,false,0.0001
qp,p32i16,ip_umfpack,233,0.036679,false,0.0001
qp,p32i16,ip_klu,233,0.023948,false,0.0001
qp,p32i16,path,234,0.000545,true,0.0001
qp,p32i16,ip_umfpack,234,0.000796,true,0.0001
qp,p32i16,ip_klu,234,0.000206,true,0.0001
qp,p32i16,path,235,0.005884,false,0.0001
qp,p32i16,ip_umfpack,235,0.028223,false,0.0001
qp,p32i16,ip_klu,235,0.007113,false,0.0001
qp,p32i16,path,236,0.000901,true,0.0001
qp,p32i16,ip_umfpack,236,0.001779,true,0.0001
qp,p32i16,ip_klu,236,0.000419,true,0.0001
qp,p32i16,path,237,0.005136,false,0.0001
qp,p32i16,ip_umfpack,237,0.040112,false,0.0001
qp,p32i16,ip_klu,237,0.008237,false,0.0001
qp,p32i16,path,238,0.000294,true,0.0001
qp,p32i16,ip_umfpack,238,0.000744,true,0.0001
qp,p32i16,ip_klu,238,0.000193,true,0.0001
qp,p32i16,path,239,0.004986,false,0.0001
qp,p32i16,ip_umfpack,239,0.053573,false,0.0001
qp,p32i16,ip_klu,239,0.011141,false,0.0001
qp,p32i16,path,240,0.000307,true,0.0001
qp,p32i16,ip_umfpack,240,0.000913,true,0.0001
qp,p32i16,ip_klu,240,0.000194,true,0.0001
qp,p32i16,path,241,0.003435,false,0.0001
qp,p32i16,ip_umfpack,241,0.049118,false,0.0001
qp,p32i16,ip_klu,241,0.024269,false,0.0001
qp,p32i16,path,242,0.003738,false,0.0001
qp,p32i16,ip_umfpack,242,0.036456,false,0.0001
qp,p32i16,ip_klu,242,0.007918,false,0.0001
qp,p32i16,path,243,0.000348,true,0.0001
qp,p32i16,ip_umfpack,243,0.003089,true,0.0001
qp,p32i16,ip_klu,243,0.000217,true,0.0001
qp,p32i16,path,244,0.000261,true,0.0001
qp,p32i16,ip_umfpack,244,0.000879,true,0.0001
qp,p32i16,ip_klu,244,0.000213,true,0.0001
qp,p32i16,path,245,0.000261,true,0.0001
qp,p32i16,ip_umfpack,245,0.00083,true,0.0001
qp,p32i16,ip_klu,245,0.000186,true,0.0001
qp,p32i16,path,246,0.00025,true,0.0001
qp,p32i16,ip_umfpack,246,0.000703,true,0.0001
qp,p32i16,ip_klu,246,0.000178,true,0.0001
qp,p32i16,path,247,0.00022,true,0.0001
qp,p32i16,ip_umfpack,247,0.000875,true,0.0001
qp,p32i16,ip_klu,247,0.000206,true,0.0001
qp,p32i16,path,248,0.005218,false,0.0001
qp,p32i16,ip_umfpack,248,0.002184,false,0.0001
qp,p32i16,ip_klu,248,0.000568,false,0.0001
qp,p32i16,path,249,0.004735,false,0.0001
qp,p32i16,ip_umfpack,249,0.037655,false,0.0001
qp,p32i16,ip_klu,249,0.010218,false,0.0001
qp,p32i16,path,250,0.00807,false,0.0001
qp,p32i16,ip_umfpack,250,0.024761,false,0.0001
qp,p32i16,ip_klu,250,0.004834,false,0.0001
qp,p32i16,path,251,0.000339,true,0.0001
qp,p32i16,ip_umfpack,251,0.000711,true,0.0001
qp,p32i16,ip_klu,251,0.000183,true,0.0001
qp,p32i16,path,252,0.00529,false,0.0001
qp,p32i16,ip_umfpack,252,0.027181,false,0.0001
qp,p32i16,ip_klu,252,0.005457,false,0.0001
qp,p32i16,path,253,0.006902,false,0.0001
qp,p32i16,ip_umfpack,253,0.027762,false,0.0001
qp,p32i16,ip_klu,253,0.005655,false,0.0001
qp,p32i16,path,254,0.003497,false,0.0001
qp,p32i16,ip_umfpack,254,0.03551,false,0.0001
qp,p32i16,ip_klu,254,0.010147,false,0.0001
qp,p32i16,path,255,0.000652,true,0.0001
qp,p32i16,ip_umfpack,255,0.000886,true,0.0001
qp,p32i16,ip_klu,255,0.000197,true,0.0001
qp,p32i16,path,256,0.003899,false,0.0001
qp,p32i16,ip_umfpack,256,0.050193,false,0.0001
qp,p32i16,ip_klu,256,0.010308,false,0.0001
qp,p32i16,path,257,0.009872,false,0.0001
qp,p32i16,ip_umfpack,257,0.041798,false,0.0001
qp,p32i16,ip_klu,257,0.006127,false,0.0001
qp,p32i16,path,258,0.024183,false,0.0001
qp,p32i16,ip_umfpack,258,0.005074,false,0.0001
qp,p32i16,ip_klu,258,0.001262,false,0.0001
qp,p32i16,path,259,0.005262,false,0.0001
qp,p32i16,ip_umfpack,259,0.027616,false,0.0001
qp,p32i16,ip_klu,259,0.00598,false,0.0001
qp,p32i16,path,260,0.005523,false,0.0001
qp,p32i16,ip_umfpack,260,0.045801,false,0.0001
qp,p32i16,ip_klu,260,0.021984,false,0.0001
qp,p32i16,path,261,0.000326,true,0.0001
qp,p32i16,ip_umfpack,261,0.00107,true,0.0001
qp,p32i16,ip_klu,261,0.00024,true,0.0001
qp,p32i16,path,262,0.003999,false,0.0001
qp,p32i16,ip_umfpack,262,0.02554,false,0.0001
qp,p32i16,ip_klu,262,0.018027,false,0.0001
qp,p32i16,path,263,0.007511,false,0.0001
qp,p32i16,ip_umfpack,263,0.002444,false,0.0001
qp,p32i16,ip_klu,263,0.000634,false,0.0001
qp,p32i16,path,264,0.000261,true,0.0001
qp,p32i16,ip_umfpack,264,0.000851,true,0.0001
qp,p32i16,ip_klu,264,0.000179,true,0.0001
qp,p32i16,path,265,0.004813,false,0.0001
qp,p32i16,ip_umfpack,265,0.038179,false,0.0001
qp,p32i16,ip_klu,265,0.010136,false,0.0001
qp,p32i16,path,266,0.003736,false,0.0001
qp,p32i16,ip_umfpack,266,0.03821,false,0.0001
qp,p32i16,ip_klu,266,0.005429,false,0.0001
qp,p32i16,path,267,0.000353,true,0.0001
qp,p32i16,ip_umfpack,267,0.000824,true,0.0001
qp,p32i16,ip_klu,267,0.0002,true,0.0001
qp,p32i16,path,268,0.000267,true,0.0001
qp,p32i16,ip_umfpack,268,0.000733,true,0.0001
qp,p32i16,ip_klu,268,0.000198,true,0.0001
qp,p32i16,path,269,0.000254,true,0.0001
qp,p32i16,ip_umfpack,269,0.000675,true,0.0001
qp,p32i16,ip_klu,269,0.000176,true,0.0001
qp,p32i16,path,270,0.000252,true,0.0001
qp,p32i16,ip_umfpack,270,0.000712,true,0.0001
qp,p32i16,ip_klu,270,0.000187,true,0.0001
qp,p32i16,path,271,0.007955,false,0.0001
qp,p32i16,ip_umfpack,271,0.052589,false,0.0001
qp,p32i16,ip_klu,271,0.008553,false,0.0001
qp,p32i16,path,272,0.010002,false,0.0001
qp,p32i16,ip_umfpack,272,0.028759,false,0.0001
qp,p32i16,ip_klu,272,0.005865,false,0.0001
qp,p32i16,path,273,0.006288,false,0.0001
qp,p32i16,ip_umfpack,273,0.002174,false,0.0001
qp,p32i16,ip_klu,273,0.000557,false,0.0001
qp,p32i16,path,274,0.005517,false,0.0001
qp,p32i16,ip_umfpack,274,0.047098,false,0.0001
qp,p32i16,ip_klu,274,0.009813,false,0.0001
qp,p32i16,path,275,0.005078,false,0.0001
qp,p32i16,ip_umfpack,275,0.056066,false,0.0001
qp,p32i16,ip_klu,275,0.008126,false,0.0001
qp,p32i16,path,276,0.007928,false,0.0001
qp,p32i16,ip_umfpack,276,0.002108,false,0.0001
qp,p32i16,ip_klu,276,0.000534,false,0.0001
qp,p32i16,path,277,0.00982,false,0.0001
qp,p32i16,ip_umfpack,277,0.002844,false,0.0001
qp,p32i16,ip_klu,277,0.00075,false,0.0001
qp,p32i16,path,278,0.005749,false,0.0001
qp,p32i16,ip_umfpack,278,0.026401,false,0.0001
qp,p32i16,ip_klu,278,0.005618,false,0.0001
qp,p32i16,path,279,0.007592,false,0.0001
qp,p32i16,ip_umfpack,279,0.034637,false,0.0001
qp,p32i16,ip_klu,279,0.008302,false,0.0001
qp,p32i16,path,280,0.005587,false,0.0001
qp,p32i16,ip_umfpack,280,0.045864,false,0.0001
qp,p32i16,ip_klu,280,0.006941,false,0.0001
qp,p32i16,path,281,0.007594,false,0.0001
qp,p32i16,ip_umfpack,281,0.019185,false,0.0001
qp,p32i16,ip_klu,281,0.000599,false,0.0001
qp,p32i16,path,282,0.004417,false,0.0001
qp,p32i16,ip_umfpack,282,0.027847,false,0.0001
qp,p32i16,ip_klu,282,0.006116,false,0.0001
qp,p32i16,path,283,0.022073,false,0.0001
qp,p32i16,ip_umfpack,283,0.03323,false,0.0001
qp,p32i16,ip_klu,283,0.006576,false,0.0001
qp,p32i16,path,284,0.007446,false,0.0001
qp,p32i16,ip_umfpack,284,0.031223,false,0.0001
qp,p32i16,ip_klu,284,0.006726,false,0.0001
qp,p32i16,path,285,0.008373,false,0.0001
qp,p32i16,ip_umfpack,285,0.027226,false,0.0001
qp,p32i16,ip_klu,285,0.005829,false,0.0001
qp,p32i16,path,286,0.000345,true,0.0001
qp,p32i16,ip_umfpack,286,0.000955,true,0.0001
qp,p32i16,ip_klu,286,0.000224,true,0.0001
qp,p32i16,path,287,0.007361,false,0.0001
qp,p32i16,ip_umfpack,287,0.002371,false,0.0001
qp,p32i16,ip_klu,287,0.000594,false,0.0001
qp,p32i16,path,288,0.003749,false,0.0001
qp,p32i16,ip_umfpack,288,0.002017,false,0.0001
qp,p32i16,ip_klu,288,0.000497,false,0.0001
qp,p32i16,path,289,0.005213,false,0.0001
qp,p32i16,ip_umfpack,289,0.041903,false,0.0001
qp,p32i16,ip_klu,289,0.010293,false,0.0001
qp,p32i16,path,290,0.000349,true,0.0001
qp,p32i16,ip_umfpack,290,0.000867,true,0.0001
qp,p32i16,ip_klu,290,0.000192,true,0.0001
qp,p32i16,path,291,0.000526,true,0.0001
qp,p32i16,ip_umfpack,291,0.000955,true,0.0001
qp,p32i16,ip_klu,291,0.000234,true,0.0001
qp,p32i16,path,292,0.000585,true,0.0001
qp,p32i16,ip_umfpack,292,0.000885,true,0.0001
qp,p32i16,ip_klu,292,0.0002,true,0.0001
qp,p32i16,path,293,0.000256,true,0.0001
qp,p32i16,ip_umfpack,293,0.000905,true,0.0001
qp,p32i16,ip_klu,293,0.000224,true,0.0001
qp,p32i16,path,294,0.003848,false,0.0001
qp,p32i16,ip_umfpack,294,0.02806,false,0.0001
qp,p32i16,ip_klu,294,0.005981,false,0.0001
qp,p32i16,path,295,0.000617,true,0.0001
qp,p32i16,ip_umfpack,295,0.000823,true,0.0001
qp,p32i16,ip_klu,295,0.000208,true,0.0001
qp,p32i16,path,296,0.000513,true,0.0001
qp,p32i16,ip_umfpack,296,0.000899,true,0.0001
qp,p32i16,ip_klu,296,0.000211,true,0.0001
qp,p32i16,path,297,0.000264,true,0.0001
qp,p32i16,ip_umfpack,297,0.000823,true,0.0001
qp,p32i16,ip_klu,297,0.000214,true,0.0001
qp,p32i16,path,298,0.005164,false,0.0001
qp,p32i16,ip_umfpack,298,0.05741,false,0.0001
qp,p32i16,ip_klu,298,0.010077,false,0.0001
qp,p32i16,path,299,0.000339,true,0.0001
qp,p32i16,ip_umfpack,299,0.001031,true,0.0001
qp,p32i16,ip_klu,299,0.000237,true,0.0001
qp,p32i16,path,300,0.00534,false,0.0001
qp,p32i16,ip_umfpack,300,0.038976,false,0.0001
qp,p32i16,ip_klu,300,0.024631,false,0.0001
qp,p32i16,path,301,0.000357,true,0.0001
qp,p32i16,ip_umfpack,301,0.001,true,0.0001
qp,p32i16,ip_klu,301,0.000225,true,0.0001
qp,p32i16,path,302,0.00426,false,0.0001
qp,p32i16,ip_umfpack,302,0.021552,false,0.0001
qp,p32i16,ip_klu,302,0.020783,false,0.0001
qp,p32i16,path,303,0.007306,false,0.0001
qp,p32i16,ip_umfpack,303,0.040142,false,0.0001
qp,p32i16,ip_klu,303,0.008029,false,0.0001
qp,p32i16,path,304,0.008685,false,0.0001
qp,p32i16,ip_umfpack,304,0.002068,false,0.0001
qp,p32i16,ip_klu,304,0.000541,false,0.0001
qp,p32i16,path,305,0.005466,false,0.0001
qp,p32i16,ip_umfpack,305,0.038762,false,0.0001
qp,p32i16,ip_klu,305,0.009015,false,0.0001
qp,p32i16,path,306,0.000588,true,0.0001
qp,p32i16,ip_umfpack,306,0.017223,true,0.0001
qp,p32i16,ip_klu,306,0.000246,true,0.0001
qp,p32i16,path,307,0.000267,true,0.0001
qp,p32i16,ip_umfpack,307,0.001017,true,0.0001
qp,p32i16,ip_klu,307,0.000241,true,0.0001
qp,p32i16,path,308,0.00404,false,0.0001
qp,p32i16,ip_umfpack,308,0.022878,false,0.0001
qp,p32i16,ip_klu,308,0.004804,false,0.0001
qp,p32i16,path,309,0.007367,false,0.0001
qp,p32i16,ip_umfpack,309,0.041874,false,0.0001
qp,p32i16,ip_klu,309,0.005444,false,0.0001
qp,p32i16,path,310,0.007826,false,0.0001
qp,p32i16,ip_umfpack,310,0.050996,false,0.0001
qp,p32i16,ip_klu,310,0.00969,false,0.0001
qp,p32i16,path,311,0.007461,false,0.0001
qp,p32i16,ip_umfpack,311,0.00225,false,0.0001
qp,p32i16,ip_klu,311,0.000563,false,0.0001
qp,p32i16,path,312,0.004389,false,0.0001
qp,p32i16,ip_umfpack,312,0.017799,false,0.0001
qp,p32i16,ip_klu,312,0.000529,false,0.0001
qp,p32i16,path,313,0.008968,false,0.0001
qp,p32i16,ip_umfpack,313,0.002612,false,0.0001
qp,p32i16,ip_klu,313,0.000631,false,0.0001
qp,p32i16,path,314,0.006118,false,0.0001
qp,p32i16,ip_umfpack,314,0.040789,false,0.0001
qp,p32i16,ip_klu,314,0.010433,false,0.0001
qp,p32i16,path,315,0.005453,false,0.0001
qp,p32i16,ip_umfpack,315,0.055945,false,0.0001
qp,p32i16,ip_klu,315,0.008018,false,0.0001
qp,p32i16,path,316,0.000353,true,0.0001
qp,p32i16,ip_umfpack,316,0.000863,true,0.0001
qp,p32i16,ip_klu,316,0.000213,true,0.0001
qp,p32i16,path,317,0.00025,true,0.0001
qp,p32i16,ip_umfpack,317,0.000899,true,0.0001
qp,p32i16,ip_klu,317,0.000235,true,0.0001
qp,p32i16,path,318,0.000536,true,0.0001
qp,p32i16,ip_umfpack,318,0.000763,true,0.0001
qp,p32i16,ip_klu,318,0.000197,true,0.0001
qp,p32i16,path,319,0.000255,true,0.0001
qp,p32i16,ip_umfpack,319,0.000793,true,0.0001
qp,p32i16,ip_klu,319,0.0002,true,0.0001
qp,p32i16,path,320,0.00635,false,0.0001
qp,p32i16,ip_umfpack,320,0.001801,false,0.0001
qp,p32i16,ip_klu,320,0.000472,false,0.0001
qp,p32i16,path,321,0.000312,true,0.0001
qp,p32i16,ip_umfpack,321,0.001328,true,0.0001
qp,p32i16,ip_klu,321,0.000247,true,0.0001
qp,p32i16,path,322,0.000244,true,0.0001
qp,p32i16,ip_umfpack,322,0.000973,true,0.0001
qp,p32i16,ip_klu,322,0.000203,true,0.0001
qp,p32i16,path,323,0.003788,false,0.0001
qp,p32i16,ip_umfpack,323,0.024332,false,0.0001
qp,p32i16,ip_klu,323,0.007397,false,0.0001
qp,p32i16,path,324,0.000328,true,0.0001
qp,p32i16,ip_umfpack,324,0.002902,true,0.0001
qp,p32i16,ip_klu,324,0.000664,true,0.0001
qp,p32i16,path,325,0.009311,false,0.0001
qp,p32i16,ip_umfpack,325,0.035603,false,0.0001
qp,p32i16,ip_klu,325,0.008191,false,0.0001
qp,p32i16,path,326,0.000331,true,0.0001
qp,p32i16,ip_umfpack,326,0.000947,true,0.0001
qp,p32i16,ip_klu,326,0.000213,true,0.0001
qp,p32i16,path,327,0.007041,false,0.0001
qp,p32i16,ip_umfpack,327,0.002091,false,0.0001
qp,p32i16,ip_klu,327,0.000547,false,0.0001
qp,p32i16,path,328,0.000276,true,0.0001
qp,p32i16,ip_umfpack,328,0.000755,true,0.0001
qp,p32i16,ip_klu,328,0.000185,true,0.0001
qp,p32i16,path,329,0.000248,true,0.0001
qp,p32i16,ip_umfpack,329,0.000693,true,0.0001
qp,p32i16,ip_klu,329,0.000179,true,0.0001
qp,p32i16,path,330,0.000271,true,0.0001
qp,p32i16,ip_umfpack,330,0.000969,true,0.0001
qp,p32i16,ip_klu,330,0.00024,true,0.0001
qp,p32i16,path,331,0.004392,false,0.0001
qp,p32i16,ip_umfpack,331,0.019265,false,0.0001
qp,p32i16,ip_klu,331,0.000647,false,0.0001
qp,p32i16,path,332,0.004225,false,0.0001
qp,p32i16,ip_umfpack,332,0.039488,false,0.0001
qp,p32i16,ip_klu,332,0.009772,false,0.0001
qp,p32i16,path,333,0.004767,false,0.0001
qp,p32i16,ip_umfpack,333,0.050236,false,0.0001
qp,p32i16,ip_klu,333,0.024462,false,0.0001
qp,p32i16,path,334,0.005197,false,0.0001
qp,p32i16,ip_umfpack,334,0.031264,false,0.0001
qp,p32i16,ip_klu,334,0.005886,false,0.0001
qp,p32i16,path,335,0.000313,true,0.0001
qp,p32i16,ip_umfpack,335,0.000916,true,0.0001
qp,p32i16,ip_klu,335,0.000217,true,0.0001
qp,p32i16,path,336,0.000246,true,0.0001
qp,p32i16,ip_umfpack,336,0.000906,true,0.0001
qp,p32i16,ip_klu,336,0.000238,true,0.0001
qp,p32i16,path,337,0.005089,false,0.0001
qp,p32i16,ip_umfpack,337,0.005173,false,0.0001
qp,p32i16,ip_klu,337,0.000584,false,0.0001
qp,p32i16,path,338,0.000561,true,0.0001
qp,p32i16,ip_umfpack,338,0.000821,true,0.0001
qp,p32i16,ip_klu,338,0.00021,true,0.0001
qp,p32i16,path,339,0.000245,true,0.0001
qp,p32i16,ip_umfpack,339,0.000845,true,0.0001
qp,p32i16,ip_klu,339,0.000215,true,0.0001
qp,p32i16,path,340,0.000255,true,0.0001
qp,p32i16,ip_umfpack,340,0.000897,true,0.0001
qp,p32i16,ip_klu,340,0.000197,true,0.0001
qp,p32i16,path,341,0.000538,true,0.0001
qp,p32i16,ip_umfpack,341,0.000788,true,0.0001
qp,p32i16,ip_klu,341,0.0002,true,0.0001
qp,p32i16,path,342,0.008632,false,0.0001
qp,p32i16,ip_umfpack,342,0.023822,false,0.0001
qp,p32i16,ip_klu,342,0.007731,false,0.0001
qp,p32i16,path,343,0.003517,false,0.0001
qp,p32i16,ip_umfpack,343,0.036527,false,0.0001
qp,p32i16,ip_klu,343,0.008904,false,0.0001
qp,p32i16,path,344,0.000359,true,0.0001
qp,p32i16,ip_umfpack,344,0.000983,true,0.0001
qp,p32i16,ip_klu,344,0.000209,true,0.0001
qp,p32i16,path,345,0.000274,true,0.0001
qp,p32i16,ip_umfpack,345,0.000658,true,0.0001
qp,p32i16,ip_klu,345,0.000159,true,0.0001
qp,p32i16,path,346,0.010006,false,0.0001
qp,p32i16,ip_umfpack,346,0.038313,false,0.0001
qp,p32i16,ip_klu,346,0.024025,false,0.0001
qp,p32i16,path,347,0.004002,false,0.0001
qp,p32i16,ip_umfpack,347,0.023657,false,0.0001
qp,p32i16,ip_klu,347,0.021283,false,0.0001
qp,p32i16,path,348,0.005667,false,0.0001
qp,p32i16,ip_umfpack,348,0.005083,false,0.0001
qp,p32i16,ip_klu,348,0.001242,false,0.0001
qp,p32i16,path,349,0.000276,true,0.0001
qp,p32i16,ip_umfpack,349,0.000854,true,0.0001
qp,p32i16,ip_klu,349,0.000211,true,0.0001
qp,p32i16,path,350,0.009644,false,0.0001
qp,p32i16,ip_umfpack,350,0.009466,false,0.0001
qp,p32i16,ip_klu,350,0.001393,false,0.0001
qp,p32i16,path,351,0.00554,false,0.0001
qp,p32i16,ip_umfpack,351,0.038147,false,0.0001
qp,p32i16,ip_klu,351,0.023931,false,0.0001
qp,p32i16,path,352,0.005222,false,0.0001
qp,p32i16,ip_umfpack,352,0.039966,false,0.0001
qp,p32i16,ip_klu,352,0.009268,false,0.0001
qp,p32i16,path,353,0.000571,true,0.0001
qp,p32i16,ip_umfpack,353,0.000775,true,0.0001
qp,p32i16,ip_klu,353,0.000205,true,0.0001
qp,p32i16,path,354,0.005786,false,0.0001
qp,p32i16,ip_umfpack,354,0.053431,false,0.0001
qp,p32i16,ip_klu,354,0.010622,false,0.0001
qp,p32i16,path,355,0.000602,true,0.0001
qp,p32i16,ip_umfpack,355,0.000924,true,0.0001
qp,p32i16,ip_klu,355,0.000217,true,0.0001
qp,p32i16,path,356,0.006523,false,0.0001
qp,p32i16,ip_umfpack,356,0.001947,false,0.0001
qp,p32i16,ip_klu,356,0.000502,false,0.0001
qp,p32i16,path,357,0.006155,false,0.0001
qp,p32i16,ip_umfpack,357,0.055754,false,0.0001
qp,p32i16,ip_klu,357,0.010364,false,0.0001
qp,p32i16,path,358,0.003729,false,0.0001
qp,p32i16,ip_umfpack,358,0.037442,false,0.0001
qp,p32i16,ip_klu,358,0.005685,false,0.0001
qp,p32i16,path,359,0.004988,false,0.0001
qp,p32i16,ip_umfpack,359,0.033287,false,0.0001
qp,p32i16,ip_klu,359,0.006986,false,0.0001
qp,p32i16,path,360,0.027032,false,0.0001
qp,p32i16,ip_umfpack,360,0.023905,false,0.0001
qp,p32i16,ip_klu,360,0.004979,false,0.0001
qp,p32i16,path,361,0.000339,true,0.0001
qp,p32i16,ip_umfpack,361,0.000926,true,0.0001
qp,p32i16,ip_klu,361,0.000207,true,0.0001
qp,p32i16,path,362,0.000263,true,0.0001
qp,p32i16,ip_umfpack,362,0.000956,true,0.0001
qp,p32i16,ip_klu,362,0.000211,true,0.0001
qp,p32i16,path,363,0.020913,false,0.0001
qp,p32i16,ip_umfpack,363,0.00236,false,0.0001
qp,p32i16,ip_klu,363,0.000626,false,0.0001
qp,p32i16,path,364,0.008528,false,0.0001
qp,p32i16,ip_umfpack,364,0.030193,false,0.0001
qp,p32i16,ip_klu,364,0.006294,false,0.0001
qp,p32i16,path,365,0.005536,false,0.0001
qp,p32i16,ip_umfpack,365,0.00219,false,0.0001
qp,p32i16,ip_klu,365,0.000518,false,0.0001
qp,p32i16,path,366,0.006197,false,0.0001
qp,p32i16,ip_umfpack,366,0.007253,false,0.0001
qp,p32i16,ip_klu,366,0.000702,false,0.0001
qp,p32i16,path,367,0.007387,false,0.0001
qp,p32i16,ip_umfpack,367,0.048094,false,0.0001
qp,p32i16,ip_klu,367,0.008316,false,0.0001
qp,p32i16,path,368,0.005004,false,0.0001
qp,p32i16,ip_umfpack,368,0.035926,false,0.0001
qp,p32i16,ip_klu,368,0.010205,false,0.0001
qp,p32i16,path,369,0.006632,false,0.0001
qp,p32i16,ip_umfpack,369,0.03265,false,0.0001
qp,p32i16,ip_klu,369,0.004185,false,0.0001
qp,p32i16,path,370,0.000286,true,0.0001
qp,p32i16,ip_umfpack,370,0.001405,true,0.0001
qp,p32i16,ip_klu,370,0.000348,true,0.0001
qp,p32i16,path,371,0.000563,true,0.0001
qp,p32i16,ip_umfpack,371,0.000726,true,0.0001
qp,p32i16,ip_klu,371,0.000187,true,0.0001
qp,p32i16,path,372,0.004324,false,0.0001
qp,p32i16,ip_umfpack,372,0.02569,false,0.0001
qp,p32i16,ip_klu,372,0.005303,false,0.0001
qp,p32i16,path,373,0.000293,true,0.0001
qp,p32i16,ip_umfpack,373,0.000894,true,0.0001
qp,p32i16,ip_klu,373,0.000235,true,0.0001
qp,p32i16,path,374,0.000249,true,0.0001
qp,p32i16,ip_umfpack,374,0.000763,true,0.0001
qp,p32i16,ip_klu,374,0.000197,true,0.0001
qp,p32i16,path,375,0.007017,false,0.0001
qp,p32i16,ip_umfpack,375,0.039238,false,0.0001
qp,p32i16,ip_klu,375,0.007892,false,0.0001
qp,p32i16,path,376,0.000336,true,0.0001
qp,p32i16,ip_umfpack,376,0.000903,true,0.0001
qp,p32i16,ip_klu,376,0.000224,true,0.0001
qp,p32i16,path,377,0.003694,false,0.0001
qp,p32i16,ip_umfpack,377,0.055124,false,0.0001
qp,p32i16,ip_klu,377,0.008069,false,0.0001
qp,p32i16,path,378,0.005694,false,0.0001
qp,p32i16,ip_umfpack,378,0.02731,false,0.0001
qp,p32i16,ip_klu,378,0.007366,false,0.0001
qp,p32i16,path,379,0.000446,true,0.0001
qp,p32i16,ip_umfpack,379,0.001348,true,0.0001
qp,p32i16,ip_klu,379,0.00025,true,0.0001
qp,p32i16,path,380,0.007047,false,0.0001
qp,p32i16,ip_umfpack,380,0.002033,false,0.0001
qp,p32i16,ip_klu,380,0.000503,false,0.0001
qp,p32i16,path,381,0.000234,true,0.0001
qp,p32i16,ip_umfpack,381,0.000763,true,0.0001
qp,p32i16,ip_klu,381,0.00018,true,0.0001
qp,p32i16,path,382,0.000271,true,0.0001
qp,p32i16,ip_umfpack,382,0.00092,true,0.0001
qp,p32i16,ip_klu,382,0.000224,true,0.0001
qp,p32i16,path,383,0.000244,true,0.0001
qp,p32i16,ip_umfpack,383,0.000929,true,0.0001
qp,p32i16,ip_klu,383,0.000204,true,0.0001
qp,p32i16,path,384,0.005554,false,0.0001
qp,p32i16,ip_umfpack,384,0.046695,false,0.0001
qp,p32i16,ip_klu,384,0.010544,false,0.0001
qp,p32i16,path,385,0.000329,true,0.0001
qp,p32i16,ip_umfpack,385,0.001,true,0.0001
qp,p32i16,ip_klu,385,0.000232,true,0.0001
qp,p32i16,path,386,0.007193,false,0.0001
qp,p32i16,ip_umfpack,386,0.062672,false,0.0001
qp,p32i16,ip_klu,386,0.010836,false,0.0001
qp,p32i16,path,387,0.006304,false,0.0001
qp,p32i16,ip_umfpack,387,0.041687,false,0.0001
qp,p32i16,ip_klu,387,0.025146,false,0.0001
qp,p32i16,path,388,0.007887,false,0.0001
qp,p32i16,ip_umfpack,388,0.002279,false,0.0001
qp,p32i16,ip_klu,388,0.000538,false,0.0001
qp,p32i16,path,389,0.000486,true,0.0001
qp,p32i16,ip_umfpack,389,0.000777,true,0.0001
qp,p32i16,ip_klu,389,0.000185,true,0.0001
qp,p32i16,path,390,0.000269,true,0.0001
qp,p32i16,ip_umfpack,390,0.000885,true,0.0001
qp,p32i16,ip_klu,390,0.000215,true,0.0001
qp,p32i16,path,391,0.007853,false,0.0001
qp,p32i16,ip_umfpack,391,0.0023,false,0.0001
qp,p32i16,ip_klu,391,0.000598,false,0.0001
qp,p32i16,path,392,0.007403,false,0.0001
qp,p32i16,ip_umfpack,392,0.036162,false,0.0001
qp,p32i16,ip_klu,392,0.008105,false,0.0001
qp,p32i16,path,393,0.000323,true,0.0001
qp,p32i16,ip_umfpack,393,0.000812,true,0.0001
qp,p32i16,ip_klu,393,0.000214,true,0.0001
qp,p32i16,path,394,0.000266,true,0.0001
qp,p32i16,ip_umfpack,394,0.000797,true,0.0001
qp,p32i16,ip_klu,394,0.000194,true,0.0001
qp,p32i16,path,395,0.022288,false,0.0001
qp,p32i16,ip_umfpack,395,0.023759,false,0.0001
qp,p32i16,ip_klu,395,0.021547,false,0.0001
qp,p32i16,path,396,0.000634,true,0.0001
qp,p32i16,ip_umfpack,396,0.001042,true,0.0001
qp,p32i16,ip_klu,396,0.000223,true,0.0001
qp,p32i16,path,397,0.006649,false,0.0001
qp,p32i16,ip_umfpack,397,0.050711,false,0.0001
qp,p32i16,ip_klu,397,0.024691,false,0.0001
qp,p32i16,path,398,0.000326,true,0.0001
qp,p32i16,ip_umfpack,398,0.000791,true,0.0001
qp,p32i16,ip_klu,398,0.000191,true,0.0001
qp,p32i16,path,399,0.004479,false,0.0001
qp,p32i16,ip_umfpack,399,0.03736,false,0.0001
qp,p32i16,ip_klu,399,0.010361,false,0.0001
qp,p32i16,path,400,0.003958,false,0.0001
qp,p32i16,ip_umfpack,400,0.035867,false,0.0001
qp,p32i16,ip_klu,400,0.02375,false,0.0001
qp,p32i16,path,401,0.007371,false,0.0001
qp,p32i16,ip_umfpack,401,0.023438,false,0.0001
qp,p32i16,ip_klu,401,0.00506,false,0.0001
qp,p32i16,path,402,0.000284,true,0.0001
qp,p32i16,ip_umfpack,402,0.000849,true,0.0001
qp,p32i16,ip_klu,402,0.000211,true,0.0001
qp,p32i16,path,403,0.021843,false,0.0001
qp,p32i16,ip_umfpack,403,0.002098,false,0.0001
qp,p32i16,ip_klu,403,0.000545,false,0.0001
qp,p32i16,path,404,0.000273,true,0.0001
qp,p32i16,ip_umfpack,404,0.000822,true,0.0001
qp,p32i16,ip_klu,404,0.00021,true,0.0001
qp,p32i16,path,405,0.004351,false,0.0001
qp,p32i16,ip_umfpack,405,0.03017,false,0.0001
qp,p32i16,ip_klu,405,0.007167,false,0.0001
qp,p32i16,path,406,0.00858,false,0.0001
qp,p32i16,ip_umfpack,406,0.002598,false,0.0001
qp,p32i16,ip_klu,406,0.000639,false,0.0001
qp,p32i16,path,407,0.005816,false,0.0001
qp,p32i16,ip_umfpack,407,0.019673,false,0.0001
qp,p32i16,ip_klu,407,0.020745,false,0.0001
qp,p32i16,path,408,0.005405,false,0.0001
qp,p32i16,ip_umfpack,408,0.03736,false,0.0001
qp,p32i16,ip_klu,408,0.010494,false,0.0001
qp,p32i16,path,409,0.003908,false,0.0001
qp,p32i16,ip_umfpack,409,0.057582,false,0.0001
qp,p32i16,ip_klu,409,0.010969,false,0.0001
qp,p32i16,path,410,0.005966,false,0.0001
qp,p32i16,ip_umfpack,410,0.002387,false,0.0001
qp,p32i16,ip_klu,410,0.000704,false,0.0001
qp,p32i16,path,411,0.000245,true,0.0001
qp,p32i16,ip_umfpack,411,0.000945,true,0.0001
qp,p32i16,ip_klu,411,0.00024,true,0.0001
qp,p32i16,path,412,0.025813,false,0.0001
qp,p32i16,ip_umfpack,412,0.025341,false,0.0001
qp,p32i16,ip_klu,412,0.005933,false,0.0001
qp,p32i16,path,413,0.019809,false,0.0001
qp,p32i16,ip_umfpack,413,0.037906,false,0.0001
qp,p32i16,ip_klu,413,0.007781,false,0.0001
qp,p32i16,path,414,0.007423,false,0.0001
qp,p32i16,ip_umfpack,414,0.023364,false,0.0001
qp,p32i16,ip_klu,414,0.004826,false,0.0001
qp,p32i16,path,415,0.005602,false,0.0001
qp,p32i16,ip_umfpack,415,0.002066,false,0.0001
qp,p32i16,ip_klu,415,0.000539,false,0.0001
qp,p32i16,path,416,0.000249,true,0.0001
qp,p32i16,ip_umfpack,416,0.000841,true,0.0001
qp,p32i16,ip_klu,416,0.000231,true,0.0001
qp,p32i16,path,417,0.002449,true,0.0001
qp,p32i16,ip_umfpack,417,0.002096,false,0.0001
qp,p32i16,ip_klu,417,0.000543,false,0.0001
qp,p32i16,path,418,0.008346,false,0.0001
qp,p32i16,ip_umfpack,418,0.034236,false,0.0001
qp,p32i16,ip_klu,418,0.023663,false,0.0001
qp,p32i16,path,419,0.006352,false,0.0001
qp,p32i16,ip_umfpack,419,0.025597,false,0.0001
qp,p32i16,ip_klu,419,0.021551,false,0.0001
qp,p32i16,path,420,0.000599,true,0.0001
qp,p32i16,ip_umfpack,420,0.000859,true,0.0001
qp,p32i16,ip_klu,420,0.000206,true,0.0001
qp,p32i16,path,421,0.004817,false,0.0001
qp,p32i16,ip_umfpack,421,0.038653,false,0.0001
qp,p32i16,ip_klu,421,0.008387,false,0.0001
qp,p32i16,path,422,0.00422,false,0.0001
qp,p32i16,ip_umfpack,422,0.024033,false,0.0001
qp,p32i16,ip_klu,422,0.005179,false,0.0001
qp,p32i16,path,423,0.003683,false,0.0001
qp,p32i16,ip_umfpack,423,0.03992,false,0.0001
qp,p32i16,ip_klu,423,0.008388,false,0.0001
qp,p32i16,path,424,0.00035,true,0.0001
qp,p32i16,ip_umfpack,424,0.000952,true,0.0001
qp,p32i16,ip_klu,424,0.000236,true,0.0001
qp,p32i16,path,425,0.000503,true,0.0001
qp,p32i16,ip_umfpack,425,0.000727,true,0.0001
qp,p32i16,ip_klu,425,0.000178,true,0.0001
qp,p32i16,path,426,0.008152,false,0.0001
qp,p32i16,ip_umfpack,426,0.05649,false,0.0001
qp,p32i16,ip_klu,426,0.008412,false,0.0001
qp,p32i16,path,427,0.000309,true,0.0001
qp,p32i16,ip_umfpack,427,0.000727,true,0.0001
qp,p32i16,ip_klu,427,0.000177,true,0.0001
qp,p32i16,path,428,0.000284,true,0.0001
qp,p32i16,ip_umfpack,428,0.000729,true,0.0001
qp,p32i16,ip_klu,428,0.000198,true,0.0001
qp,p32i16,path,429,0.004606,false,0.0001
qp,p32i16,ip_umfpack,429,0.002109,false,0.0001
qp,p32i16,ip_klu,429,0.000552,false,0.0001
qp,p32i16,path,430,0.000233,true,0.0001
qp,p32i16,ip_umfpack,430,0.003188,true,0.0001
qp,p32i16,ip_klu,430,0.000166,true,0.0001
qp,p32i16,path,431,0.000231,true,0.0001
qp,p32i16,ip_umfpack,431,0.000828,true,0.0001
qp,p32i16,ip_klu,431,0.000206,true,0.0001
qp,p32i16,path,432,0.0041,false,0.0001
qp,p32i16,ip_umfpack,432,0.03564,false,0.0001
qp,p32i16,ip_klu,432,0.008244,false,0.0001
qp,p32i16,path,433,0.000362,true,0.0001
qp,p32i16,ip_umfpack,433,0.017087,true,0.0001
qp,p32i16,ip_klu,433,0.000243,true,0.0001
qp,p32i16,path,434,0.000272,true,0.0001
qp,p32i16,ip_umfpack,434,0.00089,true,0.0001
qp,p32i16,ip_klu,434,0.000201,true,0.0001
qp,p32i16,path,435,0.000469,true,0.0001
qp,p32i16,ip_umfpack,435,0.000835,true,0.0001
qp,p32i16,ip_klu,435,0.000195,true,0.0001
qp,p32i16,path,436,0.009036,false,0.0001
qp,p32i16,ip_umfpack,436,0.002327,false,0.0001
qp,p32i16,ip_klu,436,0.000579,false,0.0001
qp,p32i16,path,437,0.004097,false,0.0001
qp,p32i16,ip_umfpack,437,0.001942,false,0.0001
qp,p32i16,ip_klu,437,0.000506,false,0.0001
qp,p32i16,path,438,0.000216,true,0.0001
qp,p32i16,ip_umfpack,438,0.000867,true,0.0001
qp,p32i16,ip_klu,438,0.000221,true,0.0001
qp,p32i16,path,439,0.000242,true,0.0001
qp,p32i16,ip_umfpack,439,0.000984,true,0.0001
qp,p32i16,ip_klu,439,0.000219,true,0.0001
qp,p32i16,path,440,0.000256,true,0.0001
qp,p32i16,ip_umfpack,440,0.000697,true,0.0001
qp,p32i16,ip_klu,440,0.000168,true,0.0001
qp,p32i16,path,441,0.012089,false,0.0001
qp,p32i16,ip_umfpack,441,0.044596,false,0.0001
qp,p32i16,ip_klu,441,0.011048,false,0.0001
qp,p32i16,path,442,0.000336,true,0.0001
qp,p32i16,ip_umfpack,442,0.000878,true,0.0001
qp,p32i16,ip_klu,442,0.000234,true,0.0001
qp,p32i16,path,443,0.00026,true,0.0001
qp,p32i16,ip_umfpack,443,0.000886,true,0.0001
qp,p32i16,ip_klu,443,0.000232,true,0.0001
qp,p32i16,path,444,0.005157,false,0.0001
qp,p32i16,ip_umfpack,444,0.048408,false,0.0001
qp,p32i16,ip_klu,444,0.023343,false,0.0001
qp,p32i16,path,445,0.0057,false,0.0001
qp,p32i16,ip_umfpack,445,0.042711,false,0.0001
qp,p32i16,ip_klu,445,0.008666,false,0.0001
qp,p32i16,path,446,0.007273,false,0.0001
qp,p32i16,ip_umfpack,446,0.054153,false,0.0001
qp,p32i16,ip_klu,446,0.023831,false,0.0001
qp,p32i16,path,447,0.008961,false,0.0001
qp,p32i16,ip_umfpack,447,0.043268,false,0.0001
qp,p32i16,ip_klu,447,0.008642,false,0.0001
qp,p32i16,path,448,0.000329,true,0.0001
qp,p32i16,ip_umfpack,448,0.00084,true,0.0001
qp,p32i16,ip_klu,448,0.000208,true,0.0001
qp,p32i16,path,449,0.000273,true,0.0001
qp,p32i16,ip_umfpack,449,0.000857,true,0.0001
qp,p32i16,ip_klu,449,0.000214,true,0.0001
qp,p32i16,path,450,0.000266,true,0.0001
qp,p32i16,ip_umfpack,450,0.000692,true,0.0001
qp,p32i16,ip_klu,450,0.000175,true,0.0001
qp,p32i16,path,451,0.000213,true,0.0001
qp,p32i16,ip_umfpack,451,0.000745,true,0.0001
qp,p32i16,ip_klu,451,0.000206,true,0.0001
qp,p32i16,path,452,0.00026,true,0.0001
qp,p32i16,ip_umfpack,452,0.052219,true,0.0001
qp,p32i16,ip_klu,452,0.006496,true,0.0001
qp,p32i16,path,453,0.005094,false,0.0001
qp,p32i16,ip_umfpack,453,0.036424,false,0.0001
qp,p32i16,ip_klu,453,0.009839,false,0.0001
qp,p32i16,path,454,0.000322,true,0.0001
qp,p32i16,ip_umfpack,454,0.00081,true,0.0001
qp,p32i16,ip_klu,454,0.000203,true,0.0001
qp,p32i16,path,455,0.000241,true,0.0001
qp,p32i16,ip_umfpack,455,0.000631,true,0.0001
qp,p32i16,ip_klu,455,0.000174,true,0.0001
qp,p32i16,path,456,0.000263,true,0.0001
qp,p32i16,ip_umfpack,456,0.000974,true,0.0001
qp,p32i16,ip_klu,456,0.000266,true,0.0001
qp,p32i16,path,457,0.009137,false,0.0001
qp,p32i16,ip_umfpack,457,0.053921,false,0.0001
qp,p32i16,ip_klu,457,0.00781,false,0.0001
qp,p32i16,path,458,0.000309,true,0.0001
qp,p32i16,ip_umfpack,458,0.000646,true,0.0001
qp,p32i16,ip_klu,458,0.000161,true,0.0001
qp,p32i16,path,459,0.000277,true,0.0001
qp,p32i16,ip_umfpack,459,0.000791,true,0.0001
qp,p32i16,ip_klu,459,0.000217,true,0.0001
qp,p32i16,path,460,0.010327,false,0.0001
qp,p32i16,ip_umfpack,460,0.02926,false,0.0001
qp,p32i16,ip_klu,460,0.009011,false,0.0001
qp,p32i16,path,461,0.006063,false,0.0001
qp,p32i16,ip_umfpack,461,0.002575,false,0.0001
qp,p32i16,ip_klu,461,0.000551,false,0.0001
qp,p32i16,path,462,0.000269,true,0.0001
qp,p32i16,ip_umfpack,462,0.001068,true,0.0001
qp,p32i16,ip_klu,462,0.00023,true,0.0001
qp,p32i16,path,463,0.000253,true,0.0001
qp,p32i16,ip_umfpack,463,0.000797,true,0.0001
qp,p32i16,ip_klu,463,0.000173,true,0.0001
qp,p32i16,path,464,0.000414,true,0.0001
qp,p32i16,ip_umfpack,464,0.000615,true,0.0001
qp,p32i16,ip_klu,464,0.000167,true,0.0001
qp,p32i16,path,465,0.006906,false,0.0001
qp,p32i16,ip_umfpack,465,0.041104,false,0.0001
qp,p32i16,ip_klu,465,0.005476,false,0.0001
qp,p32i16,path,466,0.004951,false,0.0001
qp,p32i16,ip_umfpack,466,0.00229,false,0.0001
qp,p32i16,ip_klu,466,0.000594,false,0.0001
qp,p32i16,path,467,0.000574,true,0.0001
qp,p32i16,ip_umfpack,467,0.016993,true,0.0001
qp,p32i16,ip_klu,467,0.000213,true,0.0001
qp,p32i16,path,468,0.000265,true,0.0001
qp,p32i16,ip_umfpack,468,0.000765,true,0.0001
qp,p32i16,ip_klu,468,0.000181,true,0.0001
qp,p32i16,path,469,0.000452,true,0.0001
qp,p32i16,ip_umfpack,469,0.000749,true,0.0001
qp,p32i16,ip_klu,469,0.000187,true,0.0001
qp,p32i16,path,470,0.005704,false,0.0001
qp,p32i16,ip_umfpack,470,0.037577,false,0.0001
qp,p32i16,ip_klu,470,0.010226,false,0.0001
qp,p32i16,path,471,0.004812,false,0.0001
qp,p32i16,ip_umfpack,471,0.043817,false,0.0001
qp,p32i16,ip_klu,471,0.008801,false,0.0001
qp,p32i16,path,472,0.000292,true,0.0001
qp,p32i16,ip_umfpack,472,0.000789,true,0.0001
qp,p32i16,ip_klu,472,0.00018,true,0.0001
qp,p32i16,path,473,0.005627,false,0.0001
qp,p32i16,ip_umfpack,473,0.036155,false,0.0001
qp,p32i16,ip_klu,473,0.008469,false,0.0001
qp,p32i16,path,474,0.000321,true,0.0001
qp,p32i16,ip_umfpack,474,0.000881,true,0.0001
qp,p32i16,ip_klu,474,0.000253,true,0.0001
qp,p32i16,path,475,0.02497,false,0.0001
qp,p32i16,ip_umfpack,475,0.026978,false,0.0001
qp,p32i16,ip_klu,475,0.021747,false,0.0001
qp,p32i16,path,476,0.006429,false,0.0001
qp,p32i16,ip_umfpack,476,0.002199,false,0.0001
qp,p32i16,ip_klu,476,0.000573,false,0.0001
qp,p32i16,path,477,0.005158,false,0.0001
qp,p32i16,ip_umfpack,477,0.002109,false,0.0001
qp,p32i16,ip_klu,477,0.000566,false,0.0001
qp,p32i16,path,478,0.000249,true,0.0001
qp,p32i16,ip_umfpack,478,0.000749,true,0.0001
qp,p32i16,ip_klu,478,0.0002,true,0.0001
qp,p32i16,path,479,0.000564,true,0.0001
qp,p32i16,ip_umfpack,479,0.004246,true,0.0001
qp,p32i16,ip_klu,479,0.000197,true,0.0001
qp,p32i16,path,480,0.007953,false,0.0001
qp,p32i16,ip_umfpack,480,0.002411,false,0.0001
qp,p32i16,ip_klu,480,0.000608,false,0.0001
qp,p32i16,path,481,0.00023,true,0.0001
qp,p32i16,ip_umfpack,481,0.000976,true,0.0001
qp,p32i16,ip_klu,481,0.000234,true,0.0001
qp,p32i16,path,482,0.005264,false,0.0001
qp,p32i16,ip_umfpack,482,0.038985,false,0.0001
qp,p32i16,ip_klu,482,0.008408,false,0.0001
qp,p32i16,path,483,0.008267,false,0.0001
qp,p32i16,ip_umfpack,483,0.038749,false,0.0001
qp,p32i16,ip_klu,483,0.024929,false,0.0001
qp,p32i16,path,484,0.00721,false,0.0001
qp,p32i16,ip_umfpack,484,0.00191,false,0.0001
qp,p32i16,ip_klu,484,0.000519,false,0.0001
qp,p32i16,path,485,0.00025,true,0.0001
qp,p32i16,ip_umfpack,485,0.000633,true,0.0001
qp,p32i16,ip_klu,485,0.000164,true,0.0001
qp,p32i16,path,486,0.005362,false,0.0001
qp,p32i16,ip_umfpack,486,0.043137,false,0.0001
qp,p32i16,ip_klu,486,0.024253,false,0.0001
qp,p32i16,path,487,0.000301,true,0.0001
qp,p32i16,ip_umfpack,487,0.000944,true,0.0001
qp,p32i16,ip_klu,487,0.000213,true,0.0001
qp,p32i16,path,488,0.004166,false,0.0001
qp,p32i16,ip_umfpack,488,0.002243,false,0.0001
qp,p32i16,ip_klu,488,0.000576,false,0.0001
qp,p32i16,path,489,0.00028,true,0.0001
qp,p32i16,ip_umfpack,489,0.000789,true,0.0001
qp,p32i16,ip_klu,489,0.000212,true,0.0001
qp,p32i16,path,490,0.007625,false,0.0001
qp,p32i16,ip_umfpack,490,0.041589,false,0.0001
qp,p32i16,ip_klu,490,0.007815,false,0.0001
qp,p32i16,path,491,0.000332,true,0.0001
qp,p32i16,ip_umfpack,491,0.000839,true,0.0001
qp,p32i16,ip_klu,491,0.000195,true,0.0001
qp,p32i16,path,492,0.024727,false,0.0001
qp,p32i16,ip_umfpack,492,0.002263,false,0.0001
qp,p32i16,ip_klu,492,0.000558,false,0.0001
qp,p32i16,path,493,0.00027,true,0.0001
qp,p32i16,ip_umfpack,493,0.000887,true,0.0001
qp,p32i16,ip_klu,493,0.000188,true,0.0001
qp,p32i16,path,494,0.008258,false,0.0001
qp,p32i16,ip_umfpack,494,0.029641,false,0.0001
qp,p32i16,ip_klu,494,0.005862,false,0.0001
qp,p32i16,path,495,0.000274,true,0.0001
qp,p32i16,ip_umfpack,495,0.000835,true,0.0001
qp,p32i16,ip_klu,495,0.000196,true,0.0001
qp,p32i16,path,496,0.007205,false,0.0001
qp,p32i16,ip_umfpack,496,0.002106,false,0.0001
qp,p32i16,ip_klu,496,0.000536,false,0.0001
qp,p32i16,path,497,0.007208,false,0.0001
qp,p32i16,ip_umfpack,497,0.023798,false,0.0001
qp,p32i16,ip_klu,497,0.00641,false,0.0001
qp,p32i16,path,498,0.009028,false,0.0001
qp,p32i16,ip_umfpack,498,0.056579,false,0.0001
qp,p32i16,ip_klu,498,0.008014,false,0.0001
qp,p32i16,path,499,0.007943,false,0.0001
qp,p32i16,ip_umfpack,499,0.023929,false,0.0001
qp,p32i16,ip_klu,499,0.007534,false,0.0001
qp,p32i16,path,500,0.000827,true,0.0001
qp,p32i16,ip_umfpack,500,0.000929,true,0.0001
qp,p32i16,ip_klu,500,0.00022,true,0.0001
qp,p32i16,path,501,0.000278,true,0.0001
qp,p32i16,ip_umfpack,501,0.000777,true,0.0001
qp,p32i16,ip_klu,501,0.00021,true,0.0001
qp,p32i16,path,502,0.003971,false,0.0001
qp,p32i16,ip_umfpack,502,0.029434,false,0.0001
qp,p32i16,ip_klu,502,0.005956,false,0.0001
qp,p32i16,path,503,0.000287,true,0.0001
qp,p32i16,ip_umfpack,503,0.000807,true,0.0001
qp,p32i16,ip_klu,503,0.000225,true,0.0001
qp,p32i16,path,504,0.025084,false,0.0001
qp,p32i16,ip_umfpack,504,0.036197,false,0.0001
qp,p32i16,ip_klu,504,0.007353,false,0.0001
qp,p32i16,path,505,0.004112,false,0.0001
qp,p32i16,ip_umfpack,505,0.040906,false,0.0001
qp,p32i16,ip_klu,505,0.013755,false,0.0001
qp,p32i16,path,506,0.005246,false,0.0001
qp,p32i16,ip_umfpack,506,0.038177,false,0.0001
qp,p32i16,ip_klu,506,0.009277,false,0.0001
qp,p32i16,path,507,0.004567,false,0.0001
qp,p32i16,ip_umfpack,507,0.002244,false,0.0001
qp,p32i16,ip_klu,507,0.00051,false,0.0001
qp,p32i16,path,508,0.000628,true,0.0001
qp,p32i16,ip_umfpack,508,0.000807,true,0.0001
qp,p32i16,ip_klu,508,0.00018,true,0.0001
qp,p32i16,path,509,0.004852,false,0.0001
qp,p32i16,ip_umfpack,509,0.053953,false,0.0001
qp,p32i16,ip_klu,509,0.008739,false,0.0001
qp,p32i16,path,510,0.000393,true,0.0001
qp,p32i16,ip_umfpack,510,0.000779,true,0.0001
qp,p32i16,ip_klu,510,0.000186,true,0.0001
qp,p32i16,path,511,0.02312,false,0.0001
qp,p32i16,ip_umfpack,511,0.001997,false,0.0001
qp,p32i16,ip_klu,511,0.000486,false,0.0001
qp,p32i16,path,512,0.000245,true,0.0001
qp,p32i16,ip_umfpack,512,0.000845,true,0.0001
qp,p32i16,ip_klu,512,0.000198,true,0.0001
qp,p32i16,path,513,0.004104,false,0.0001
qp,p32i16,ip_umfpack,513,0.027012,false,0.0001
qp,p32i16,ip_klu,513,0.004984,false,0.0001
qp,p32i16,path,514,0.000325,true,0.0001
qp,p32i16,ip_umfpack,514,0.000796,true,0.0001
qp,p32i16,ip_klu,514,0.000201,true,0.0001
qp,p32i16,path,515,0.000264,true,0.0001
qp,p32i16,ip_umfpack,515,0.000975,true,0.0001
qp,p32i16,ip_klu,515,0.000237,true,0.0001
qp,p32i16,path,516,0.000278,true,0.0001
qp,p32i16,ip_umfpack,516,0.00104,true,0.0001
qp,p32i16,ip_klu,516,0.000237,true,0.0001
qp,p32i16,path,517,0.000731,true,0.0001
qp,p32i16,ip_umfpack,517,0.001231,true,0.0001
qp,p32i16,ip_klu,517,0.000255,true,0.0001
qp,p32i16,path,518,0.000266,true,0.0001
qp,p32i16,ip_umfpack,518,0.003006,true,0.0001
qp,p32i16,ip_klu,518,0.000227,true,0.0001
qp,p32i16,path,519,0.00024,true,0.0001
qp,p32i16,ip_umfpack,519,0.000973,true,0.0001
qp,p32i16,ip_klu,519,0.00022,true,0.0001
qp,p32i16,path,520,0.005308,false,0.0001
qp,p32i16,ip_umfpack,520,0.039785,false,0.0001
qp,p32i16,ip_klu,520,0.02477,false,0.0001
qp,p32i16,path,521,0.000326,true,0.0001
qp,p32i16,ip_umfpack,521,0.000999,true,0.0001
qp,p32i16,ip_klu,521,0.000233,true,0.0001
qp,p32i16,path,522,0.005445,false,0.0001
qp,p32i16,ip_umfpack,522,0.035317,false,0.0001
qp,p32i16,ip_klu,522,0.007398,false,0.0001
qp,p32i16,path,523,0.000318,true,0.0001
qp,p32i16,ip_umfpack,523,0.00082,true,0.0001
qp,p32i16,ip_klu,523,0.000192,true,0.0001
qp,p32i16,path,524,0.007064,false,0.0001
qp,p32i16,ip_umfpack,524,0.035321,false,0.0001
qp,p32i16,ip_klu,524,0.008828,false,0.0001
qp,p32i16,path,525,0.004908,false,0.0001
qp,p32i16,ip_umfpack,525,0.052477,false,0.0001
qp,p32i16,ip_klu,525,0.010456,false,0.0001
qp,p32i16,path,526,0.000548,true,0.0001
qp,p32i16,ip_umfpack,526,0.000781,true,0.0001
qp,p32i16,ip_klu,526,0.000201,true,0.0001
qp,p32i16,path,527,0.007949,false,0.0001
qp,p32i16,ip_umfpack,527,0.023383,false,0.0001
qp,p32i16,ip_klu,527,0.007327,false,0.0001
qp,p32i16,path,528,0.00034,true,0.0001
qp,p32i16,ip_umfpack,528,0.001038,true,0.0001
qp,p32i16,ip_klu,528,0.000227,true,0.0001
qp,p32i16,path,529,0.00056,true,0.0001
qp,p32i16,ip_umfpack,529,0.000848,true,0.0001
qp,p32i16,ip_klu,529,0.000185,true,0.0001
qp,p32i16,path,530,0.000251,true,0.0001
qp,p32i16,ip_umfpack,530,0.000876,true,0.0001
qp,p32i16,ip_klu,530,0.000206,true,0.0001
qp,p32i16,path,531,0.007209,false,0.0001
qp,p32i16,ip_umfpack,531,0.002361,false,0.0001
qp,p32i16,ip_klu,531,0.000618,false,0.0001
qp,p32i16,path,532,0.009107,false,0.0001
qp,p32i16,ip_umfpack,532,0.057299,false,0.0001
qp,p32i16,ip_klu,532,0.00995,false,0.0001
qp,p32i16,path,533,0.005207,false,0.0001
qp,p32i16,ip_umfpack,533,0.050382,false,0.0001
qp,p32i16,ip_klu,533,0.024745,false,0.0001
qp,p32i16,path,534,0.005562,false,0.0001
qp,p32i16,ip_umfpack,534,0.043778,false,0.0001
qp,p32i16,ip_klu,534,0.010364,false,0.0001
qp,p32i16,path,535,0.004285,false,0.0001
qp,p32i16,ip_umfpack,535,0.002146,false,0.0001
qp,p32i16,ip_klu,535,0.000558,false,0.0001
qp,p32i16,path,536,0.008086,false,0.0001
qp,p32i16,ip_umfpack,536,0.023045,false,0.0001
qp,p32i16,ip_klu,536,0.007351,false,0.0001
qp,p32i16,path,537,0.007909,false,0.0001
qp,p32i16,ip_umfpack,537,0.043396,false,0.0001
qp,p32i16,ip_klu,537,0.010955,false,0.0001
qp,p32i16,path,538,0.006312,false,0.0001
qp,p32i16,ip_umfpack,538,0.002407,false,0.0001
qp,p32i16,ip_klu,538,0.000599,false,0.0001
qp,p32i16,path,539,0.007541,false,0.0001
qp,p32i16,ip_umfpack,539,0.041917,false,0.0001
qp,p32i16,ip_klu,539,0.010334,false,0.0001
qp,p32i16,path,540,0.000323,true,0.0001
qp,p32i16,ip_umfpack,540,0.002124,true,0.0001
qp,p32i16,ip_klu,540,0.00045,true,0.0001
qp,p32i16,path,541,0.000259,true,0.0001
qp,p32i16,ip_umfpack,541,0.000846,true,0.0001
qp,p32i16,ip_klu,541,0.000213,true,0.0001
qp,p32i16,path,542,0.000281,true,0.0001
qp,p32i16,ip_umfpack,542,0.000808,true,0.0001
qp,p32i16,ip_klu,542,0.000198,true,0.0001
qp,p32i16,path,543,0.00422,false,0.0001
qp,p32i16,ip_umfpack,543,0.001941,false,0.0001
qp,p32i16,ip_klu,543,0.000528,false,0.0001
qp,p32i16,path,544,0.000789,true,0.0001
qp,p32i16,ip_umfpack,544,0.002023,true,0.0001
qp,p32i16,ip_klu,544,0.000512,true,0.0001
qp,p32i16,path,545,0.022958,false,0.0001
qp,p32i16,ip_umfpack,545,0.001946,false,0.0001
qp,p32i16,ip_klu,545,0.000524,false,0.0001
qp,p32i16,path,546,0.000239,true,0.0001
qp,p32i16,ip_umfpack,546,0.000868,true,0.0001
qp,p32i16,ip_klu,546,0.000205,true,0.0001
qp,p32i16,path,547,0.01001,false,0.0001
qp,p32i16,ip_umfpack,547,0.025533,false,0.0001
qp,p32i16,ip_klu,547,0.007918,false,0.0001
qp,p32i16,path,548,0.000315,true,0.0001
qp,p32i16,ip_umfpack,548,0.000897,true,0.0001
qp,p32i16,ip_klu,548,0.000197,true,0.0001
qp,p32i16,path,549,0.000253,true,0.0001
qp,p32i16,ip_umfpack,549,0.000915,true,0.0001
qp,p32i16,ip_klu,549,0.000203,true,0.0001
qp,p32i16,path,550,0.000256,true,0.0001
qp,p32i16,ip_umfpack,550,0.000909,true,0.0001
qp,p32i16,ip_klu,550,0.000227,true,0.0001
qp,p32i16,path,551,0.004802,false,0.0001
qp,p32i16,ip_umfpack,551,0.037308,false,0.0001
qp,p32i16,ip_klu,551,0.005861,false,0.0001
qp,p32i16,path,552,0.003502,false,0.0001
qp,p32i16,ip_umfpack,552,0.014389,false,0.0001
qp,p32i16,ip_klu,552,0.000636,false,0.0001
qp,p32i16,path,553,0.000232,true,0.0001
qp,p32i16,ip_umfpack,553,0.000801,true,0.0001
qp,p32i16,ip_klu,553,0.000188,true,0.0001
qp,p32i16,path,554,0.000778,true,0.0001
qp,p32i16,ip_umfpack,554,0.001234,true,0.0001
qp,p32i16,ip_klu,554,0.00029,true,0.0001
qp,p32i16,path,555,0.007725,false,0.0001
qp,p32i16,ip_umfpack,555,0.046449,false,0.0001
qp,p32i16,ip_klu,555,0.008186,false,0.0001
qp,p32i16,path,556,0.017094,false,0.0001
qp,p32i16,ip_umfpack,556,0.002184,false,0.0001
qp,p32i16,ip_klu,556,0.000577,false,0.0001
qp,p32i16,path,557,0.008087,false,0.0001
qp,p32i16,ip_umfpack,557,0.032266,false,0.0001
qp,p32i16,ip_klu,557,0.006655,false,0.0001
qp,p32i16,path,558,0.006366,false,0.0001
qp,p32i16,ip_umfpack,558,0.030007,false,0.0001
qp,p32i16,ip_klu,558,0.005462,false,0.0001
qp,p32i16,path,559,0.005027,false,0.0001
qp,p32i16,ip_umfpack,559,0.042651,false,0.0001
qp,p32i16,ip_klu,559,0.007903,false,0.0001
qp,p32i16,path,560,0.000506,true,0.0001
qp,p32i16,ip_umfpack,560,0.000803,true,0.0001
qp,p32i16,ip_klu,560,0.000187,true,0.0001
qp,p32i16,path,561,0.000262,true,0.0001
qp,p32i16,ip_umfpack,561,0.000784,true,0.0001
qp,p32i16,ip_klu,561,0.000179,true,0.0001
qp,p32i16,path,562,0.01725,false,0.0001
qp,p32i16,ip_umfpack,562,0.002606,false,0.0001
qp,p32i16,ip_klu,562,0.000629,false,0.0001
qp,p32i16,path,563,0.000937,true,0.0001
qp,p32i16,ip_umfpack,563,0.002092,false,0.0001
qp,p32i16,ip_klu,563,0.000533,false,0.0001
qp,p32i16,path,564,0.000241,true,0.0001
qp,p32i16,ip_umfpack,564,0.000729,true,0.0001
qp,p32i16,ip_klu,564,0.000167,true,0.0001
qp,p32i16,path,565,0.006212,false,0.0001
qp,p32i16,ip_umfpack,565,0.002211,false,0.0001
qp,p32i16,ip_klu,565,0.000594,false,0.0001
qp,p32i16,path,566,0.004957,false,0.0001
qp,p32i16,ip_umfpack,566,0.042034,false,0.0001
qp,p32i16,ip_klu,566,0.009109,false,0.0001
qp,p32i16,path,567,0.000343,true,0.0001
qp,p32i16,ip_umfpack,567,0.000793,true,0.0001
qp,p32i16,ip_klu,567,0.000204,true,0.0001
qp,p32i16,path,568,0.003839,false,0.0001
qp,p32i16,ip_umfpack,568,0.0567,false,0.0001
qp,p32i16,ip_klu,568,0.014169,false,0.0001
qp,p32i16,path,569,0.005428,false,0.0001
qp,p32i16,ip_umfpack,569,0.043583,false,0.0001
qp,p32i16,ip_klu,569,0.00879,false,0.0001
qp,p32i16,path,570,0.004331,false,0.0001
qp,p32i16,ip_umfpack,570,0.030288,false,0.0001
qp,p32i16,ip_klu,570,0.005518,false,0.0001
qp,p32i16,path,571,0.003738,false,0.0001
qp,p32i16,ip_umfpack,571,0.04212,false,0.0001
qp,p32i16,ip_klu,571,0.008027,false,0.0001
qp,p32i16,path,572,0.003905,false,0.0001
qp,p32i16,ip_umfpack,572,0.054005,false,0.0001
qp,p32i16,ip_klu,572,0.008888,false,0.0001
qp,p32i16,path,573,0.014596,false,0.0001
qp,p32i16,ip_umfpack,573,0.002178,false,0.0001
qp,p32i16,ip_klu,573,0.000554,false,0.0001
qp,p32i16,path,574,0.000257,true,0.0001
qp,p32i16,ip_umfpack,574,0.001005,true,0.0001
qp,p32i16,ip_klu,574,0.000231,true,0.0001
qp,p32i16,path,575,0.004932,false,0.0001
qp,p32i16,ip_umfpack,575,0.038068,false,0.0001
qp,p32i16,ip_klu,575,0.020406,false,0.0001
qp,p32i16,path,576,0.006708,false,0.0001
qp,p32i16,ip_umfpack,576,0.04005,false,0.0001
qp,p32i16,ip_klu,576,0.007603,false,0.0001
qp,p32i16,path,577,0.0052,false,0.0001
qp,p32i16,ip_umfpack,577,0.008892,false,0.0001
qp,p32i16,ip_klu,577,0.000569,false,0.0001
qp,p32i16,path,578,0.000488,true,0.0001
qp,p32i16,ip_umfpack,578,0.000889,true,0.0001
qp,p32i16,ip_klu,578,0.000233,true,0.0001
qp,p32i16,path,579,0.005827,false,0.0001
qp,p32i16,ip_umfpack,579,0.01724,false,0.0001
qp,p32i16,ip_klu,579,0.003649,false,0.0001
qp,p32i16,path,580,0.000286,true,0.0001
qp,p32i16,ip_umfpack,580,0.000787,true,0.0001
qp,p32i16,ip_klu,580,0.000191,true,0.0001
qp,p32i16,path,581,0.005641,false,0.0001
qp,p32i16,ip_umfpack,581,0.047821,false,0.0001
qp,p32i16,ip_klu,581,0.010467,false,0.0001
qp,p32i16,path,582,0.007044,false,0.0001
qp,p32i16,ip_umfpack,582,0.002082,false,0.0001
qp,p32i16,ip_klu,582,0.000544,false,0.0001
qp,p32i16,path,583,0.000272,true,0.0001
qp,p32i16,ip_umfpack,583,0.001272,true,0.0001
qp,p32i16,ip_klu,583,0.000285,true,0.0001
qp,p32i16,path,584,0.000279,true,0.0001
qp,p32i16,ip_umfpack,584,0.000921,true,0.0001
qp,p32i16,ip_klu,584,0.0002,true,0.0001
qp,p32i16,path,585,0.000317,true,0.0001
qp,p32i16,ip_umfpack,585,0.001,true,0.0001
qp,p32i16,ip_klu,585,0.000227,true,0.0001
qp,p32i16,path,586,0.023274,false,0.0001
qp,p32i16,ip_umfpack,586,0.039464,false,0.0001
qp,p32i16,ip_klu,586,0.010576,false,0.0001
qp,p32i16,path,587,0.007216,false,0.0001
qp,p32i16,ip_umfpack,587,0.025311,false,0.0001
qp,p32i16,ip_klu,587,0.005682,false,0.0001
qp,p32i16,path,588,0.000632,true,0.0001
qp,p32i16,ip_umfpack,588,0.003396,true,0.0001
qp,p32i16,ip_klu,588,0.000237,true,0.0001
qp,p32i16,path,589,0.000264,true,0.0001
qp,p32i16,ip_umfpack,589,0.001151,true,0.0001
qp,p32i16,ip_klu,589,0.000255,true,0.0001
qp,p32i16,path,590,0.000259,true,0.0001
qp,p32i16,ip_umfpack,590,0.000934,true,0.0001
qp,p32i16,ip_klu,590,0.000208,true,0.0001
qp,p32i16,path,591,0.000262,true,0.0001
qp,p32i16,ip_umfpack,591,0.000796,true,0.0001
qp,p32i16,ip_klu,591,0.000184,true,0.0001
qp,p32i16,path,592,0.000266,true,0.0001
qp,p32i16,ip_umfpack,592,0.001266,true,0.0001
qp,p32i16,ip_klu,592,0.000315,true,0.0001
qp,p32i16,path,593,0.008784,false,0.0001
qp,p32i16,ip_umfpack,593,0.042341,false,0.0001
qp,p32i16,ip_klu,593,0.007852,false,0.0001
qp,p32i16,path,594,0.000384,true,0.0001
qp,p32i16,ip_umfpack,594,0.000811,true,0.0001
qp,p32i16,ip_klu,594,0.000197,true,0.0001
qp,p32i16,path,595,0.000255,true,0.0001
qp,p32i16,ip_umfpack,595,0.000625,true,0.0001
qp,p32i16,ip_klu,595,0.000161,true,0.0001
qp,p32i16,path,596,0.004425,false,0.0001
qp,p32i16,ip_umfpack,596,0.019188,false,0.0001
qp,p32i16,ip_klu,596,0.000716,false,0.0001
qp,p32i16,path,597,0.000294,true,0.0001
qp,p32i16,ip_umfpack,597,0.000953,true,0.0001
qp,p32i16,ip_klu,597,0.000216,true,0.0001
qp,p32i16,path,598,0.000244,true,0.0001
qp,p32i16,ip_umfpack,598,0.000965,true,0.0001
qp,p32i16,ip_klu,598,0.000217,true,0.0001
qp,p32i16,path,599,0.000242,true,0.0001
qp,p32i16,ip_umfpack,599,0.000938,true,0.0001
qp,p32i16,ip_klu,599,0.000219,true,0.0001
qp,p32i16,path,600,0.000271,true,0.0001
qp,p32i16,ip_umfpack,600,0.000848,true,0.0001
qp,p32i16,ip_klu,600,0.000206,true,0.0001
qp,p32i16,path,601,0.004983,false,0.0001
qp,p32i16,ip_umfpack,601,0.025406,false,0.0001
qp,p32i16,ip_klu,601,0.022202,false,0.0001
qp,p32i16,path,602,0.000371,true,0.0001
qp,p32i16,ip_umfpack,602,0.000883,true,0.0001
qp,p32i16,ip_klu,602,0.000215,true,0.0001
qp,p32i16,path,603,0.007912,false,0.0001
qp,p32i16,ip_umfpack,603,0.002286,false,0.0001
qp,p32i16,ip_klu,603,0.000576,false,0.0001
qp,p32i16,path,604,0.008377,false,0.0001
qp,p32i16,ip_umfpack,604,0.002364,false,0.0001
qp,p32i16,ip_klu,604,0.000607,false,0.0001
qp,p32i16,path,605,0.000235,true,0.0001
qp,p32i16,ip_umfpack,605,0.000727,true,0.0001
qp,p32i16,ip_klu,605,0.004257,true,0.0001
qp,p32i16,path,606,0.005923,false,0.0001
qp,p32i16,ip_umfpack,606,0.037749,false,0.0001
qp,p32i16,ip_klu,606,0.008034,false,0.0001
qp,p32i16,path,607,0.022124,false,0.0001
qp,p32i16,ip_umfpack,607,0.02769,false,0.0001
qp,p32i16,ip_klu,607,0.00897,false,0.0001
qp,p32i16,path,608,0.005448,false,0.0001
qp,p32i16,ip_umfpack,608,0.057148,false,0.0001
qp,p32i16,ip_klu,608,0.009173,false,0.0001
qp,p32i16,path,609,0.006312,false,0.0001
qp,p32i16,ip_umfpack,609,0.048519,false,0.0001
qp,p32i16,ip_klu,609,0.010369,false,0.0001
qp,p32i16,path,610,0.007655,false,0.0001
qp,p32i16,ip_umfpack,610,0.043696,false,0.0001
qp,p32i16,ip_klu,610,0.023697,false,0.0001
qp,p32i16,path,611,0.000341,true,0.0001
qp,p32i16,ip_umfpack,611,0.000923,true,0.0001
qp,p32i16,ip_klu,611,0.000216,true,0.0001
qp,p32i16,path,612,0.00392,false,0.0001
qp,p32i16,ip_umfpack,612,0.042663,false,0.0001
qp,p32i16,ip_klu,612,0.012027,false,0.0001
qp,p32i16,path,613,0.006307,false,0.0001
qp,p32i16,ip_umfpack,613,0.036568,false,0.0001
qp,p32i16,ip_klu,613,0.010471,false,0.0001
qp,p32i16,path,614,0.000327,true,0.0001
qp,p32i16,ip_umfpack,614,0.001005,true,0.0001
qp,p32i16,ip_klu,614,0.000213,true,0.0001
qp,p32i16,path,615,0.000279,true,0.0001
qp,p32i16,ip_umfpack,615,0.018604,true,0.0001
qp,p32i16,ip_klu,615,0.003679,true,0.0001
qp,p32i16,path,616,0.005173,false,0.0001
qp,p32i16,ip_umfpack,616,0.052941,false,0.0001
qp,p32i16,ip_klu,616,0.008023,false,0.0001
qp,p32i16,path,617,0.000325,true,0.0001
qp,p32i16,ip_umfpack,617,0.0007,true,0.0001
qp,p32i16,ip_klu,617,0.000177,true,0.0001
qp,p32i16,path,618,0.000613,true,0.0001
qp,p32i16,ip_umfpack,618,0.000767,true,0.0001
qp,p32i16,ip_klu,618,0.000186,true,0.0001
qp,p32i16,path,619,0.008837,false,0.0001
qp,p32i16,ip_umfpack,619,0.043335,false,0.0001
qp,p32i16,ip_klu,619,0.005949,false,0.0001
qp,p32i16,path,620,0.000509,true,0.0001
qp,p32i16,ip_umfpack,620,0.000687,true,0.0001
qp,p32i16,ip_klu,620,0.000186,true,0.0001
qp,p32i16,path,621,0.000252,true,0.0001
qp,p32i16,ip_umfpack,621,0.000876,true,0.0001
qp,p32i16,ip_klu,621,0.000214,true,0.0001
qp,p32i16,path,622,0.005975,false,0.0001
qp,p32i16,ip_umfpack,622,0.002284,false,0.0001
qp,p32i16,ip_klu,622,0.000677,false,0.0001
qp,p32i16,path,623,0.000303,true,0.0001
qp,p32i16,ip_umfpack,623,0.00072,true,0.0001
qp,p32i16,ip_klu,623,0.016591,true,0.0001
qp,p32i16,path,624,0.006087,false,0.0001
qp,p32i16,ip_umfpack,624,0.040196,false,0.0001
qp,p32i16,ip_klu,624,0.008805,false,0.0001
qp,p32i16,path,625,0.000336,true,0.0001
qp,p32i16,ip_umfpack,625,0.000859,true,0.0001
qp,p32i16,ip_klu,625,0.000199,true,0.0001
qp,p32i16,path,626,0.005258,false,0.0001
qp,p32i16,ip_umfpack,626,0.024091,false,0.0001
qp,p32i16,ip_klu,626,0.004952,false,0.0001
qp,p32i16,path,627,0.010548,false,0.0001
qp,p32i16,ip_umfpack,627,0.026977,false,0.0001
qp,p32i16,ip_klu,627,0.005654,false,0.0001
qp,p32i16,path,628,0.005289,false,0.0001
qp,p32i16,ip_umfpack,628,0.041091,false,0.0001
qp,p32i16,ip_klu,628,0.026188,false,0.0001
qp,p32i16,path,629,0.000317,true,0.0001
qp,p32i16,ip_umfpack,629,0.000883,true,0.0001
qp,p32i16,ip_klu,629,0.000216,true,0.0001
qp,p32i16,path,630,0.000281,true,0.0001
qp,p32i16,ip_umfpack,630,0.001037,true,0.0001
qp,p32i16,ip_klu,630,0.000235,true,0.0001
qp,p32i16,path,631,0.00507,false,0.0001
qp,p32i16,ip_umfpack,631,0.024175,false,0.0001
qp,p32i16,ip_klu,631,0.008745,false,0.0001
qp,p32i16,path,632,0.000356,true,0.0001
qp,p32i16,ip_umfpack,632,0.001067,true,0.0001
qp,p32i16,ip_klu,632,0.000229,true,0.0001
qp,p32i16,path,633,0.003978,false,0.0001
qp,p32i16,ip_umfpack,633,0.001813,false,0.0001
qp,p32i16,ip_klu,633,0.000468,false,0.0001
qp,p32i16,path,634,0.004691,false,0.0001
qp,p32i16,ip_umfpack,634,0.053813,false,0.0001
qp,p32i16,ip_klu,634,0.025112,false,0.0001
qp,p32i16,path,635,0.007524,false,0.0001
qp,p32i16,ip_umfpack,635,0.029185,false,0.0001
qp,p32i16,ip_klu,635,0.022206,false,0.0001
qp,p32i16,path,636,0.000319,true,0.0001
qp,p32i16,ip_umfpack,636,0.001021,true,0.0001
qp,p32i16,ip_klu,636,0.000229,true,0.0001
qp,p32i16,path,637,0.006058,false,0.0001
qp,p32i16,ip_umfpack,637,0.025739,false,0.0001
qp,p32i16,ip_klu,637,0.021731,false,0.0001
qp,p32i16,path,638,0.000316,true,0.0001
qp,p32i16,ip_umfpack,638,0.000681,true,0.0001
qp,p32i16,ip_klu,638,0.000165,true,0.0001
qp,p32i16,path,639,0.006523,false,0.0001
qp,p32i16,ip_umfpack,639,0.044423,false,0.0001
qp,p32i16,ip_klu,639,0.009452,false,0.0001
qp,p32i16,path,640,0.000312,true,0.0001
qp,p32i16,ip_umfpack,640,0.001048,true,0.0001
qp,p32i16,ip_klu,640,0.000235,true,0.0001
qp,p32i16,path,641,0.020771,false,0.0001
qp,p32i16,ip_umfpack,641,0.038687,false,0.0001
qp,p32i16,ip_klu,641,0.010891,false,0.0001
qp,p32i16,path,642,0.00031,true,0.0001
qp,p32i16,ip_umfpack,642,0.000881,true,0.0001
qp,p32i16,ip_klu,642,0.000218,true,0.0001
qp,p32i16,path,643,0.013529,false,0.0001
qp,p32i16,ip_umfpack,643,0.002629,false,0.0001
qp,p32i16,ip_klu,643,0.000643,false,0.0001
qp,p32i16,path,644,0.008654,false,0.0001
qp,p32i16,ip_umfpack,644,0.040231,false,0.0001
qp,p32i16,ip_klu,644,0.00544,false,0.0001
qp,p32i16,path,645,0.005067,false,0.0001
qp,p32i16,ip_umfpack,645,0.055368,false,0.0001
qp,p32i16,ip_klu,645,0.008295,false,0.0001
qp,p32i16,path,646,0.010278,false,0.0001
qp,p32i16,ip_umfpack,646,0.002346,false,0.0001
qp,p32i16,ip_klu,646,0.000586,false,0.0001
qp,p32i16,path,647,0.005095,false,0.0001
qp,p32i16,ip_umfpack,647,0.037095,false,0.0001
qp,p32i16,ip_klu,647,0.023856,false,0.0001
qp,p32i16,path,648,0.003985,false,0.0001
qp,p32i16,ip_umfpack,648,0.039157,false,0.0001
qp,p32i16,ip_klu,648,0.008176,false,0.0001
qp,p32i16,path,649,0.003397,false,0.0001
qp,p32i16,ip_umfpack,649,0.053517,false,0.0001
qp,p32i16,ip_klu,649,0.008271,false,0.0001
qp,p32i16,path,650,0.006683,false,0.0001
qp,p32i16,ip_umfpack,650,0.002758,false,0.0001
qp,p32i16,ip_klu,650,0.000645,false,0.0001
qp,p32i16,path,651,0.016859,false,0.0001
qp,p32i16,ip_umfpack,651,0.002413,false,0.0001
qp,p32i16,ip_klu,651,0.000572,false,0.0001
qp,p32i16,path,652,0.011418,false,0.0001
qp,p32i16,ip_umfpack,652,0.002706,false,0.0001
qp,p32i16,ip_klu,652,0.000721,false,0.0001
qp,p32i16,path,653,0.008858,false,0.0001
qp,p32i16,ip_umfpack,653,0.004595,false,0.0001
qp,p32i16,ip_klu,653,0.00052,false,0.0001
qp,p32i16,path,654,0.000319,true,0.0001
qp,p32i16,ip_umfpack,654,0.022274,false,0.0001
qp,p32i16,ip_klu,654,0.0048,false,0.0001
qp,p32i16,path,655,0.020127,false,0.0001
qp,p32i16,ip_umfpack,655,0.044351,false,0.0001
qp,p32i16,ip_klu,655,0.011407,false,0.0001
qp,p32i16,path,656,0.005407,false,0.0001
qp,p32i16,ip_umfpack,656,0.040419,false,0.0001
qp,p32i16,ip_klu,656,0.008528,false,0.0001
qp,p32i16,path,657,0.000386,true,0.0001
qp,p32i16,ip_umfpack,657,0.001239,true,0.0001
qp,p32i16,ip_klu,657,0.000205,true,0.0001
qp,p32i16,path,658,0.007302,false,0.0001
qp,p32i16,ip_umfpack,658,0.044669,false,0.0001
qp,p32i16,ip_klu,658,0.006387,false,0.0001
qp,p32i16,path,659,0.00034,true,0.0001
qp,p32i16,ip_umfpack,659,0.000816,true,0.0001
qp,p32i16,ip_klu,659,0.000227,true,0.0001
qp,p32i16,path,660,0.007704,false,0.0001
qp,p32i16,ip_umfpack,660,0.01831,false,0.0001
qp,p32i16,ip_klu,660,0.000599,false,0.0001
qp,p32i16,path,661,0.005694,false,0.0001
qp,p32i16,ip_umfpack,661,0.042299,false,0.0001
qp,p32i16,ip_klu,661,0.009267,false,0.0001
qp,p32i16,path,662,0.000368,true,0.0001
qp,p32i16,ip_umfpack,662,0.003131,true,0.0001
qp,p32i16,ip_klu,662,0.000223,true,0.0001
qp,p32i16,path,663,0.003861,false,0.0001
qp,p32i16,ip_umfpack,663,0.039147,false,0.0001
qp,p32i16,ip_klu,663,0.025016,false,0.0001
qp,p32i16,path,664,0.008983,false,0.0001
qp,p32i16,ip_umfpack,664,0.039767,false,0.0001
qp,p32i16,ip_klu,664,0.010685,false,0.0001
qp,p32i16,path,665,0.000318,true,0.0001
qp,p32i16,ip_umfpack,665,0.000833,true,0.0001
qp,p32i16,ip_klu,665,0.0002,true,0.0001
qp,p32i16,path,666,0.000288,true,0.0001
qp,p32i16,ip_umfpack,666,0.000995,true,0.0001
qp,p32i16,ip_klu,666,0.00024,true,0.0001
qp,p32i16,path,667,0.000552,true,0.0001
qp,p32i16,ip_umfpack,667,0.0011,true,0.0001
qp,p32i16,ip_klu,667,0.000242,true,0.0001
qp,p32i16,path,668,0.005714,false,0.0001
qp,p32i16,ip_umfpack,668,0.0515,false,0.0001
qp,p32i16,ip_klu,668,0.024122,false,0.0001
qp,p32i16,path,669,0.005943,false,0.0001
qp,p32i16,ip_umfpack,669,0.03918,false,0.0001
qp,p32i16,ip_klu,669,0.010171,false,0.0001
qp,p32i16,path,670,0.007434,false,0.0001
qp,p32i16,ip_umfpack,670,0.002046,false,0.0001
qp,p32i16,ip_klu,670,0.000541,false,0.0001
qp,p32i16,path,671,0.003965,false,0.0001
qp,p32i16,ip_umfpack,671,0.054898,false,0.0001
qp,p32i16,ip_klu,671,0.008109,false,0.0001
qp,p32i16,path,672,0.000292,true,0.0001
qp,p32i16,ip_umfpack,672,0.000802,true,0.0001
qp,p32i16,ip_klu,672,0.000191,true,0.0001
qp,p32i16,path,673,0.000279,true,0.0001
qp,p32i16,ip_umfpack,673,0.002765,true,0.0001
qp,p32i16,ip_klu,673,0.002549,true,0.0001
qp,p32i16,path,674,0.005025,false,0.0001
qp,p32i16,ip_umfpack,674,0.024488,false,0.0001
qp,p32i16,ip_klu,674,0.007617,false,0.0001
qp,p32i16,path,675,0.004146,false,0.0001
qp,p32i16,ip_umfpack,675,0.002118,false,0.0001
qp,p32i16,ip_klu,675,0.000533,false,0.0001
qp,p32i16,path,676,0.00477,false,0.0001
qp,p32i16,ip_umfpack,676,0.002108,false,0.0001
qp,p32i16,ip_klu,676,0.000563,false,0.0001
qp,p32i16,path,677,0.003733,false,0.0001
qp,p32i16,ip_umfpack,677,0.056291,false,0.0001
qp,p32i16,ip_klu,677,0.011394,false,0.0001
qp,p32i16,path,678,0.000335,true,0.0001
qp,p32i16,ip_umfpack,678,0.000974,true,0.0001
qp,p32i16,ip_klu,678,0.000269,true,0.0001
qp,p32i16,path,679,0.004694,false,0.0001
qp,p32i16,ip_umfpack,679,0.059686,false,0.0001
qp,p32i16,ip_klu,679,0.007819,false,0.0001
qp,p32i16,path,680,0.004583,false,0.0001
qp,p32i16,ip_umfpack,680,0.037781,false,0.0001
qp,p32i16,ip_klu,680,0.009452,false,0.0001
qp,p32i16,path,681,0.003604,false,0.0001
qp,p32i16,ip_umfpack,681,0.05094,false,0.0001
qp,p32i16,ip_klu,681,0.024066,false,0.0001
qp,p32i16,path,682,0.000828,true,0.0001
qp,p32i16,ip_umfpack,682,0.000843,true,0.0001
qp,p32i16,ip_klu,682,0.000208,true,0.0001
qp,p32i16,path,683,0.004804,false,0.0001
qp,p32i16,ip_umfpack,683,0.040446,false,0.0001
qp,p32i16,ip_klu,683,0.010434,false,0.0001
qp,p32i16,path,684,0.000291,true,0.0001
qp,p32i16,ip_umfpack,684,0.000716,true,0.0001
qp,p32i16,ip_klu,684,0.000177,true,0.0001
qp,p32i16,path,685,0.005245,false,0.0001
qp,p32i16,ip_umfpack,685,0.056383,false,0.0001
qp,p32i16,ip_klu,685,0.008414,false,0.0001
qp,p32i16,path,686,0.000304,true,0.0001
qp,p32i16,ip_umfpack,686,0.000735,true,0.0001
qp,p32i16,ip_klu,686,0.000189,true,0.0001
qp,p32i16,path,687,0.00026,true,0.0001
qp,p32i16,ip_umfpack,687,0.000796,true,0.0001
qp,p32i16,ip_klu,687,0.000178,true,0.0001
qp,p32i16,path,688,0.000249,true,0.0001
qp,p32i16,ip_umfpack,688,0.000877,true,0.0001
qp,p32i16,ip_klu,688,0.000199,true,0.0001
qp,p32i16,path,689,0.000252,true,0.0001
qp,p32i16,ip_umfpack,689,0.000772,true,0.0001
qp,p32i16,ip_klu,689,0.000188,true,0.0001
qp,p32i16,path,690,0.004256,false,0.0001
qp,p32i16,ip_umfpack,690,0.043707,false,0.0001
qp,p32i16,ip_klu,690,0.01008,false,0.0001
qp,p32i16,path,691,0.006451,false,0.0001
qp,p32i16,ip_umfpack,691,0.028631,false,0.0001
qp,p32i16,ip_klu,691,0.006257,false,0.0001
qp,p32i16,path,692,0.00699,false,0.0001
qp,p32i16,ip_umfpack,692,0.025524,false,0.0001
qp,p32i16,ip_klu,692,0.007809,false,0.0001
qp,p32i16,path,693,0.000322,true,0.0001
qp,p32i16,ip_umfpack,693,0.000869,true,0.0001
qp,p32i16,ip_klu,693,0.0002,true,0.0001
qp,p32i16,path,694,0.007366,false,0.0001
qp,p32i16,ip_umfpack,694,0.001878,false,0.0001
qp,p32i16,ip_klu,694,0.000529,false,0.0001
qp,p32i16,path,695,0.000415,true,0.0001
qp,p32i16,ip_umfpack,695,0.00067,true,0.0001
qp,p32i16,ip_klu,695,0.000164,true,0.0001
qp,p32i16,path,696,0.003236,false,0.0001
qp,p32i16,ip_umfpack,696,0.054507,false,0.0001
qp,p32i16,ip_klu,696,0.009274,false,0.0001
qp,p32i16,path,697,0.00527,false,0.0001
qp,p32i16,ip_umfpack,697,0.037775,false,0.0001
qp,p32i16,ip_klu,697,0.008294,false,0.0001
qp,p32i16,path,698,0.017056,true,0.0001
qp,p32i16,ip_umfpack,698,0.019514,true,0.0001
qp,p32i16,ip_klu,698,0.003786,true,0.0001
qp,p32i16,path,699,0.003742,false,0.0001
qp,p32i16,ip_umfpack,699,0.054361,false,0.0001
qp,p32i16,ip_klu,699,0.007377,false,0.0001
qp,p32i16,path,700,0.00563,false,0.0001
qp,p32i16,ip_umfpack,700,0.004289,false,0.0001
qp,p32i16,ip_klu,700,0.00061,false,0.0001
qp,p32i16,path,701,0.011365,false,0.0001
qp,p32i16,ip_umfpack,701,0.044101,false,0.0001
qp,p32i16,ip_klu,701,0.007993,false,0.0001
qp,p32i16,path,702,0.005558,false,0.0001
qp,p32i16,ip_umfpack,702,0.042897,false,0.0001
qp,p32i16,ip_klu,702,0.011026,false,0.0001
qp,p32i16,path,703,0.000308,true,0.0001
qp,p32i16,ip_umfpack,703,0.00057,true,0.0001
qp,p32i16,ip_klu,703,0.000157,true,0.0001
qp,p32i16,path,704,0.007509,false,0.0001
qp,p32i16,ip_umfpack,704,0.026032,false,0.0001
qp,p32i16,ip_klu,704,0.005433,false,0.0001
qp,p32i16,path,705,0.000328,true,0.0001
qp,p32i16,ip_umfpack,705,0.000753,true,0.0001
qp,p32i16,ip_klu,705,0.000184,true,0.0001
qp,p32i16,path,706,0.000245,true,0.0001
qp,p32i16,ip_umfpack,706,0.000854,true,0.0001
qp,p32i16,ip_klu,706,0.0002,true,0.0001
qp,p32i16,path,707,0.000219,true,0.0001
qp,p32i16,ip_umfpack,707,0.000814,true,0.0001
qp,p32i16,ip_klu,707,0.000214,true,0.0001
qp,p32i16,path,708,0.000243,true,0.0001
qp,p32i16,ip_umfpack,708,0.000975,true,0.0001
qp,p32i16,ip_klu,708,0.00022,true,0.0001
qp,p32i16,path,709,0.000236,true,0.0001
qp,p32i16,ip_umfpack,709,0.000878,true,0.0001
qp,p32i16,ip_klu,709,0.000228,true,0.0001
qp,p32i16,path,710,0.005803,false,0.0001
qp,p32i16,ip_umfpack,710,0.022718,false,0.0001
qp,p32i16,ip_klu,710,0.005712,false,0.0001
qp,p32i16,path,711,0.000247,true,0.0001
qp,p32i16,ip_umfpack,711,0.000607,true,0.0001
qp,p32i16,ip_klu,711,0.00016,true,0.0001
qp,p32i16,path,712,0.006642,false,0.0001
qp,p32i16,ip_umfpack,712,0.036705,false,0.0001
qp,p32i16,ip_klu,712,0.007916,false,0.0001
qp,p32i16,path,713,0.000307,true,0.0001
qp,p32i16,ip_umfpack,713,0.000962,true,0.0001
qp,p32i16,ip_klu,713,0.000223,true,0.0001
qp,p32i16,path,714,0.000259,true,0.0001
qp,p32i16,ip_umfpack,714,0.000868,true,0.0001
qp,p32i16,ip_klu,714,0.000213,true,0.0001
qp,p32i16,path,715,0.019622,false,0.0001
qp,p32i16,ip_umfpack,715,0.002093,false,0.0001
qp,p32i16,ip_klu,715,0.000513,false,0.0001
qp,p32i16,path,716,0.003717,false,0.0001
qp,p32i16,ip_umfpack,716,0.002023,false,0.0001
qp,p32i16,ip_klu,716,0.000503,false,0.0001
qp,p32i16,path,717,0.000261,true,0.0001
qp,p32i16,ip_umfpack,717,0.000906,true,0.0001
qp,p32i16,ip_klu,717,0.00019,true,0.0001
qp,p32i16,path,718,0.007129,false,0.0001
qp,p32i16,ip_umfpack,718,0.002341,false,0.0001
qp,p32i16,ip_klu,718,0.000584,false,0.0001
qp,p32i16,path,719,0.01014,false,0.0001
qp,p32i16,ip_umfpack,719,0.038393,false,0.0001
qp,p32i16,ip_klu,719,0.024681,false,0.0001
qp,p32i16,path,720,0.000312,true,0.0001
qp,p32i16,ip_umfpack,720,0.000979,true,0.0001
qp,p32i16,ip_klu,720,0.000237,true,0.0001
qp,p32i16,path,721,0.004374,false,0.0001
qp,p32i16,ip_umfpack,721,0.043088,false,0.0001
qp,p32i16,ip_klu,721,0.008703,false,0.0001
qp,p32i16,path,722,0.000624,true,0.0001
qp,p32i16,ip_umfpack,722,0.000932,true,0.0001
qp,p32i16,ip_klu,722,0.000237,true,0.0001
qp,p32i16,path,723,0.004265,false,0.0001
qp,p32i16,ip_umfpack,723,0.043114,false,0.0001
qp,p32i16,ip_klu,723,0.021808,false,0.0001
qp,p32i16,path,724,0.00034,true,0.0001
qp,p32i16,ip_umfpack,724,0.000864,true,0.0001
qp,p32i16,ip_klu,724,0.000216,true,0.0001
qp,p32i16,path,725,0.007124,false,0.0001
qp,p32i16,ip_umfpack,725,0.024368,false,0.0001
qp,p32i16,ip_klu,725,0.00751,false,0.0001
qp,p32i16,path,726,0.003578,false,0.0001
qp,p32i16,ip_umfpack,726,0.001963,false,0.0001
qp,p32i16,ip_klu,726,0.000538,false,0.0001
qp,p32i16,path,727,0.005388,false,0.0001
qp,p32i16,ip_umfpack,727,0.040653,false,0.0001
qp,p32i16,ip_klu,727,0.008447,false,0.0001
qp,p32i16,path,728,0.000336,true,0.0001
qp,p32i16,ip_umfpack,728,0.000866,true,0.0001
qp,p32i16,ip_klu,728,0.000206,true,0.0001
qp,p32i16,path,729,0.00573,false,0.0001
qp,p32i16,ip_umfpack,729,0.045934,false,0.0001
qp,p32i16,ip_klu,729,0.022996,false,0.0001
qp,p32i16,path,730,0.006546,false,0.0001
qp,p32i16,ip_umfpack,730,0.038379,false,0.0001
qp,p32i16,ip_klu,730,0.010385,false,0.0001
qp,p32i16,path,731,0.000645,true,0.0001
qp,p32i16,ip_umfpack,731,0.001006,true,0.0001
qp,p32i16,ip_klu,731,0.000217,true,0.0001
qp,p32i16,path,732,0.000271,true,0.0001
qp,p32i16,ip_umfpack,732,0.000976,true,0.0001
qp,p32i16,ip_klu,732,0.000233,true,0.0001
qp,p32i16,path,733,0.000262,true,0.0001
qp,p32i16,ip_umfpack,733,0.000801,true,0.0001
qp,p32i16,ip_klu,733,0.000187,true,0.0001
qp,p32i16,path,734,0.000251,true,0.0001
qp,p32i16,ip_umfpack,734,0.000853,true,0.0001
qp,p32i16,ip_klu,734,0.000201,true,0.0001
qp,p32i16,path,735,0.000273,true,0.0001
qp,p32i16,ip_umfpack,735,0.003332,true,0.0001
qp,p32i16,ip_klu,735,0.000659,true,0.0001
qp,p32i16,path,736,0.004343,false,0.0001
qp,p32i16,ip_umfpack,736,0.040142,false,0.0001
qp,p32i16,ip_klu,736,0.008035,false,0.0001
qp,p32i16,path,737,0.004287,false,0.0001
qp,p32i16,ip_umfpack,737,0.032331,false,0.0001
qp,p32i16,ip_klu,737,0.005042,false,0.0001
qp,p32i16,path,738,0.008914,false,0.0001
qp,p32i16,ip_umfpack,738,0.002192,false,0.0001
qp,p32i16,ip_klu,738,0.000562,false,0.0001
qp,p32i16,path,739,0.016312,false,0.0001
qp,p32i16,ip_umfpack,739,0.027258,false,0.0001
qp,p32i16,ip_klu,739,0.007709,false,0.0001
qp,p32i16,path,740,0.000287,true,0.0001
qp,p32i16,ip_umfpack,740,0.00084,true,0.0001
qp,p32i16,ip_klu,740,0.000192,true,0.0001
qp,p32i16,path,741,0.00028,true,0.0001
qp,p32i16,ip_umfpack,741,0.000831,true,0.0001
qp,p32i16,ip_klu,741,0.0002,true,0.0001
qp,p32i16,path,742,0.000258,true,0.0001
qp,p32i16,ip_umfpack,742,0.000703,true,0.0001
qp,p32i16,ip_klu,742,0.000179,true,0.0001
qp,p32i16,path,743,0.007567,false,0.0001
qp,p32i16,ip_umfpack,743,0.032294,false,0.0001
qp,p32i16,ip_klu,743,0.005327,false,0.0001
qp,p32i16,path,744,0.007384,false,0.0001
qp,p32i16,ip_umfpack,744,0.044552,false,0.0001
qp,p32i16,ip_klu,744,0.017968,false,0.0001
qp,p32i16,path,745,0.009039,false,0.0001
qp,p32i16,ip_umfpack,745,0.047967,false,0.0001
qp,p32i16,ip_klu,745,0.008323,false,0.0001
qp,p32i16,path,746,0.003844,false,0.0001
qp,p32i16,ip_umfpack,746,0.04615,false,0.0001
qp,p32i16,ip_klu,746,0.008128,false,0.0001
qp,p32i16,path,747,0.007691,false,0.0001
qp,p32i16,ip_umfpack,747,0.010854,false,0.0001
qp,p32i16,ip_klu,747,0.00055,false,0.0001
qp,p32i16,path,748,0.000295,true,0.0001
qp,p32i16,ip_umfpack,748,0.000799,true,0.0001
qp,p32i16,ip_klu,748,0.000195,true,0.0001
qp,p32i16,path,749,0.000249,true,0.0001
qp,p32i16,ip_umfpack,749,0.000994,true,0.0001
qp,p32i16,ip_klu,749,0.000226,true,0.0001
qp,p32i16,path,750,0.000264,true,0.0001
qp,p32i16,ip_umfpack,750,0.00091,true,0.0001
qp,p32i16,ip_klu,750,0.000191,true,0.0001
qp,p32i16,path,751,0.000292,true,0.0001
qp,p32i16,ip_umfpack,751,0.000985,true,0.0001
qp,p32i16,ip_klu,751,0.000236,true,0.0001
qp,p32i16,path,752,0.006783,false,0.0001
qp,p32i16,ip_umfpack,752,0.028131,false,0.0001
qp,p32i16,ip_klu,752,0.005831,false,0.0001
qp,p32i16,path,753,0.005382,false,0.0001
qp,p32i16,ip_umfpack,753,0.011909,false,0.0001
qp,p32i16,ip_klu,753,0.000579,false,0.0001
qp,p32i16,path,754,0.00765,false,0.0001
qp,p32i16,ip_umfpack,754,0.025437,false,0.0001
qp,p32i16,ip_klu,754,0.014748,false,0.0001
qp,p32i16,path,755,0.000489,true,0.0001
qp,p32i16,ip_umfpack,755,0.000837,true,0.0001
qp,p32i16,ip_klu,755,0.000197,true,0.0001
qp,p32i16,path,756,0.000272,true,0.0001
qp,p32i16,ip_umfpack,756,0.000991,true,0.0001
qp,p32i16,ip_klu,756,0.000225,true,0.0001
qp,p32i16,path,757,0.007269,false,0.0001
qp,p32i16,ip_umfpack,757,0.002285,false,0.0001
qp,p32i16,ip_klu,757,0.000586,false,0.0001
qp,p32i16,path,758,0.004473,false,0.0001
qp,p32i16,ip_umfpack,758,0.04924,false,0.0001
qp,p32i16,ip_klu,758,0.008216,false,0.0001
qp,p32i16,path,759,0.013061,false,0.0001
qp,p32i16,ip_umfpack,759,0.002117,false,0.0001
qp,p32i16,ip_klu,759,0.000549,false,0.0001
qp,p32i16,path,760,0.004659,false,0.0001
qp,p32i16,ip_umfpack,760,0.002347,false,0.0001
qp,p32i16,ip_klu,760,0.000535,false,0.0001
qp,p32i16,path,761,0.009555,false,0.0001
qp,p32i16,ip_umfpack,761,0.027641,false,0.0001
qp,p32i16,ip_klu,761,0.00576,false,0.0001
qp,p32i16,path,762,0.000298,true,0.0001
qp,p32i16,ip_umfpack,762,0.000929,true,0.0001
qp,p32i16,ip_klu,762,0.000218,true,0.0001
qp,p32i16,path,763,0.019093,false,0.0001
qp,p32i16,ip_umfpack,763,0.002391,false,0.0001
qp,p32i16,ip_klu,763,0.000591,false,0.0001
qp,p32i16,path,764,0.005302,false,0.0001
qp,p32i16,ip_umfpack,764,0.042938,false,0.0001
qp,p32i16,ip_klu,764,0.008073,false,0.0001
qp,p32i16,path,765,0.000323,true,0.0001
qp,p32i16,ip_umfpack,765,0.000866,true,0.0001
qp,p32i16,ip_klu,765,0.000216,true,0.0001
qp,p32i16,path,766,0.005016,false,0.0001
qp,p32i16,ip_umfpack,766,0.052466,false,0.0001
qp,p32i16,ip_klu,766,0.010164,false,0.0001
qp,p32i16,path,767,0.00348,false,0.0001
qp,p32i16,ip_umfpack,767,0.048092,false,0.0001
qp,p32i16,ip_klu,767,0.007641,false,0.0001
qp,p32i16,path,768,0.005284,false,0.0001
qp,p32i16,ip_umfpack,768,0.048342,false,0.0001
qp,p32i16,ip_klu,768,0.00819,false,0.0001
qp,p32i16,path,769,0.018946,false,0.0001
qp,p32i16,ip_umfpack,769,0.002365,false,0.0001
qp,p32i16,ip_klu,769,0.000597,false,0.0001
qp,p32i16,path,770,0.008055,false,0.0001
qp,p32i16,ip_umfpack,770,0.002323,false,0.0001
qp,p32i16,ip_klu,770,0.000562,false,0.0001
qp,p32i16,path,771,0.000618,true,0.0001
qp,p32i16,ip_umfpack,771,0.000813,true,0.0001
qp,p32i16,ip_klu,771,0.00019,true,0.0001
qp,p32i16,path,772,0.00468,false,0.0001
qp,p32i16,ip_umfpack,772,0.040244,false,0.0001
qp,p32i16,ip_klu,772,0.00891,false,0.0001
qp,p32i16,path,773,0.006329,false,0.0001
qp,p32i16,ip_umfpack,773,0.049102,false,0.0001
qp,p32i16,ip_klu,773,0.017448,false,0.0001
qp,p32i16,path,774,0.00508,false,0.0001
qp,p32i16,ip_umfpack,774,0.002437,false,0.0001
qp,p32i16,ip_klu,774,0.000602,false,0.0001
qp,p32i16,path,775,0.007156,false,0.0001
qp,p32i16,ip_umfpack,775,0.035639,false,0.0001
qp,p32i16,ip_klu,775,0.005747,false,0.0001
qp,p32i16,path,776,0.004946,false,0.0001
qp,p32i16,ip_umfpack,776,0.031632,false,0.0001
qp,p32i16,ip_klu,776,0.004603,false,0.0001
qp,p32i16,path,777,0.013556,false,0.0001
qp,p32i16,ip_umfpack,777,0.033622,false,0.0001
qp,p32i16,ip_klu,777,0.005199,false,0.0001
qp,p32i16,path,778,0.004756,false,0.0001
qp,p32i16,ip_umfpack,778,0.002133,false,0.0001
qp,p32i16,ip_klu,778,0.000504,false,0.0001
qp,p32i16,path,779,0.017571,false,0.0001
qp,p32i16,ip_umfpack,779,0.037989,false,0.0001
qp,p32i16,ip_klu,779,0.017062,false,0.0001
qp,p32i16,path,780,0.000303,true,0.0001
qp,p32i16,ip_umfpack,780,0.000999,true,0.0001
qp,p32i16,ip_klu,780,0.000224,true,0.0001
qp,p32i16,path,781,0.000247,true,0.0001
qp,p32i16,ip_umfpack,781,0.000719,true,0.0001
qp,p32i16,ip_klu,781,0.000163,true,0.0001
qp,p32i16,path,782,0.00026,true,0.0001
qp,p32i16,ip_umfpack,782,0.002536,true,0.0001
qp,p32i16,ip_klu,782,0.000555,true,0.0001
qp,p32i16,path,783,0.009504,false,0.0001
qp,p32i16,ip_umfpack,783,0.045606,false,0.0001
qp,p32i16,ip_klu,783,0.007978,false,0.0001
qp,p32i16,path,784,0.003989,false,0.0001
qp,p32i16,ip_umfpack,784,0.047585,false,0.0001
qp,p32i16,ip_klu,784,0.018479,false,0.0001
qp,p32i16,path,785,0.000573,true,0.0001
qp,p32i16,ip_umfpack,785,0.000944,true,0.0001
qp,p32i16,ip_klu,785,0.000202,true,0.0001
qp,p32i16,path,786,0.000296,true,0.0001
qp,p32i16,ip_umfpack,786,0.004894,true,0.0001
qp,p32i16,ip_klu,786,0.001001,true,0.0001
qp,p32i16,path,787,0.00027,true,0.0001
qp,p32i16,ip_umfpack,787,0.000806,true,0.0001
qp,p32i16,ip_klu,787,0.00018,true,0.0001
qp,p32i16,path,788,0.005657,false,0.0001
qp,p32i16,ip_umfpack,788,0.0018,false,0.0001
qp,p32i16,ip_klu,788,0.000497,false,0.0001
qp,p32i16,path,789,0.012418,false,0.0001
qp,p32i16,ip_umfpack,789,0.037188,false,0.0001
qp,p32i16,ip_klu,789,0.007973,false,0.0001
qp,p32i16,path,790,0.014956,false,0.0001
qp,p32i16,ip_umfpack,790,0.041775,false,0.0001
qp,p32i16,ip_klu,790,0.008803,false,0.0001
qp,p32i16,path,791,0.006271,false,0.0001
qp,p32i16,ip_umfpack,791,0.034096,false,0.0001
qp,p32i16,ip_klu,791,0.005844,false,0.0001
qp,p32i16,path,792,0.004335,false,0.0001
qp,p32i16,ip_umfpack,792,0.044867,false,0.0001
qp,p32i16,ip_klu,792,0.010312,false,0.0001
qp,p32i16,path,793,0.01327,false,0.0001
qp,p32i16,ip_umfpack,793,0.045804,false,0.0001
qp,p32i16,ip_klu,793,0.009098,false,0.0001
qp,p32i16,path,794,0.000324,true,0.0001
qp,p32i16,ip_umfpack,794,0.001025,true,0.0001
qp,p32i16,ip_klu,794,0.000232,true,0.0001
qp,p32i16,path,795,0.003667,false,0.0001
qp,p32i16,ip_umfpack,795,0.035469,false,0.0001
qp,p32i16,ip_klu,795,0.008329,false,0.0001
qp,p32i16,path,796,0.008791,false,0.0001
qp,p32i16,ip_umfpack,796,0.002133,false,0.0001
qp,p32i16,ip_klu,796,0.000577,false,0.0001
qp,p32i16,path,797,0.000256,true,0.0001
qp,p32i16,ip_umfpack,797,0.001005,true,0.0001
qp,p32i16,ip_klu,797,0.000236,true,0.0001
qp,p32i16,path,798,0.000248,true,0.0001
qp,p32i16,ip_umfpack,798,0.000743,true,0.0001
qp,p32i16,ip_klu,798,0.000192,true,0.0001
qp,p32i16,path,799,0.023566,false,0.0001
qp,p32i16,ip_umfpack,799,0.044058,false,0.0001
qp,p32i16,ip_klu,799,0.010435,false,0.0001
qp,p32i16,path,800,0.000358,true,0.0001
qp,p32i16,ip_umfpack,800,0.000904,true,0.0001
qp,p32i16,ip_klu,800,0.000206,true,0.0001
qp,p32i16,path,801,0.010616,false,0.0001
qp,p32i16,ip_umfpack,801,0.041517,false,0.0001
qp,p32i16,ip_klu,801,0.005961,false,0.0001
qp,p32i16,path,802,0.000279,true,0.0001
qp,p32i16,ip_umfpack,802,0.00089,true,0.0001
qp,p32i16,ip_klu,802,0.000227,true,0.0001
qp,p32i16,path,803,0.000265,true,0.0001
qp,p32i16,ip_umfpack,803,0.000884,true,0.0001
qp,p32i16,ip_klu,803,0.000218,true,0.0001
qp,p32i16,path,804,0.000234,true,0.0001
qp,p32i16,ip_umfpack,804,0.000652,true,0.0001
qp,p32i16,ip_klu,804,0.000167,true,0.0001
qp,p32i16,path,805,0.000273,true,0.0001
qp,p32i16,ip_umfpack,805,0.000795,true,0.0001
qp,p32i16,ip_klu,805,0.000195,true,0.0001
qp,p32i16,path,806,0.000236,true,0.0001
qp,p32i16,ip_umfpack,806,0.000839,true,0.0001
qp,p32i16,ip_klu,806,0.000222,true,0.0001
qp,p32i16,path,807,0.027745,false,0.0001
qp,p32i16,ip_umfpack,807,0.022188,false,0.0001
qp,p32i16,ip_klu,807,0.004796,false,0.0001
qp,p32i16,path,808,0.006528,false,0.0001
qp,p32i16,ip_umfpack,808,0.053897,false,0.0001
qp,p32i16,ip_klu,808,0.010324,false,0.0001
qp,p32i16,path,809,0.000326,true,0.0001
qp,p32i16,ip_umfpack,809,0.000842,true,0.0001
qp,p32i16,ip_klu,809,0.0002,true,0.0001
qp,p32i16,path,810,0.004812,false,0.0001
qp,p32i16,ip_umfpack,810,0.043032,false,0.0001
qp,p32i16,ip_klu,810,0.008465,false,0.0001
qp,p32i16,path,811,0.000329,true,0.0001
qp,p32i16,ip_umfpack,811,0.001063,true,0.0001
qp,p32i16,ip_klu,811,0.000246,true,0.0001
qp,p32i16,path,812,0.005693,false,0.0001
qp,p32i16,ip_umfpack,812,0.001764,false,0.0001
qp,p32i16,ip_klu,812,0.000471,false,0.0001
qp,p32i16,path,813,0.000567,true,0.0001
qp,p32i16,ip_umfpack,813,0.003411,true,0.0001
qp,p32i16,ip_klu,813,0.000215,true,0.0001
qp,p32i16,path,814,0.008938,false,0.0001
qp,p32i16,ip_umfpack,814,0.022329,false,0.0001
qp,p32i16,ip_klu,814,0.004921,false,0.0001
qp,p32i16,path,815,0.002467,true,0.0001
qp,p32i16,ip_umfpack,815,0.000749,true,0.0001
qp,p32i16,ip_klu,815,0.000189,true,0.0001
qp,p32i16,path,816,0.004447,false,0.0001
qp,p32i16,ip_umfpack,816,0.036838,false,0.0001
qp,p32i16,ip_klu,816,0.024268,false,0.0001
qp,p32i16,path,817,0.000378,true,0.0001
qp,p32i16,ip_umfpack,817,0.000845,true,0.0001
qp,p32i16,ip_klu,817,0.000187,true,0.0001
qp,p32i16,path,818,0.000241,true,0.0001
qp,p32i16,ip_umfpack,818,0.000666,true,0.0001
qp,p32i16,ip_klu,818,0.000162,true,0.0001
qp,p32i16,path,819,0.003827,false,0.0001
qp,p32i16,ip_umfpack,819,0.040641,false,0.0001
qp,p32i16,ip_klu,819,0.009216,false,0.0001
qp,p32i16,path,820,0.000328,true,0.0001
qp,p32i16,ip_umfpack,820,0.001126,true,0.0001
qp,p32i16,ip_klu,820,0.000294,true,0.0001
qp,p32i16,path,821,0.022085,false,0.0001
qp,p32i16,ip_umfpack,821,0.021434,false,0.0001
qp,p32i16,ip_klu,821,0.004522,false,0.0001
qp,p32i16,path,822,0.000296,true,0.0001
qp,p32i16,ip_umfpack,822,0.001161,true,0.0001
qp,p32i16,ip_klu,822,0.000278,true,0.0001
qp,p32i16,path,823,0.000269,true,0.0001
qp,p32i16,ip_umfpack,823,0.000903,true,0.0001
qp,p32i16,ip_klu,823,0.000232,true,0.0001
qp,p32i16,path,824,0.000238,true,0.0001
qp,p32i16,ip_umfpack,824,0.00092,true,0.0001
qp,p32i16,ip_klu,824,0.000258,true,0.0001
qp,p32i16,path,825,0.000243,true,0.0001
qp,p32i16,ip_umfpack,825,0.000851,true,0.0001
qp,p32i16,ip_klu,825,0.000222,true,0.0001
qp,p32i16,path,826,0.004409,false,0.0001
qp,p32i16,ip_umfpack,826,0.018309,false,0.0001
qp,p32i16,ip_klu,826,0.000584,false,0.0001
qp,p32i16,path,827,0.000291,true,0.0001
qp,p32i16,ip_umfpack,827,0.000911,true,0.0001
qp,p32i16,ip_klu,827,0.000215,true,0.0001
qp,p32i16,path,828,0.000248,true,0.0001
qp,p32i16,ip_umfpack,828,0.000757,true,0.0001
qp,p32i16,ip_klu,828,0.000198,true,0.0001
qp,p32i16,path,829,0.009871,false,0.0001
qp,p32i16,ip_umfpack,829,0.002985,false,0.0001
qp,p32i16,ip_klu,829,0.000724,false,0.0001
qp,p32i16,path,830,0.007096,false,0.0001
qp,p32i16,ip_umfpack,830,0.005113,false,0.0001
qp,p32i16,ip_klu,830,0.00053,false,0.0001
qp,p32i16,path,831,0.000238,true,0.0001
qp,p32i16,ip_umfpack,831,0.000856,true,0.0001
qp,p32i16,ip_klu,831,0.000209,true,0.0001
qp,p32i16,path,832,0.009045,false,0.0001
qp,p32i16,ip_umfpack,832,0.040993,false,0.0001
qp,p32i16,ip_klu,832,0.009875,false,0.0001
qp,p32i16,path,833,0.00744,false,0.0001
qp,p32i16,ip_umfpack,833,0.037736,false,0.0001
qp,p32i16,ip_klu,833,0.02447,false,0.0001
qp,p32i16,path,834,0.006587,false,0.0001
qp,p32i16,ip_umfpack,834,0.00422,false,0.0001
qp,p32i16,ip_klu,834,0.000973,false,0.0001
qp,p32i16,path,835,0.006535,false,0.0001
qp,p32i16,ip_umfpack,835,0.023825,false,0.0001
qp,p32i16,ip_klu,835,0.004698,false,0.0001
qp,p32i16,path,836,0.005214,false,0.0001
qp,p32i16,ip_umfpack,836,0.037409,false,0.0001
qp,p32i16,ip_klu,836,0.008337,false,0.0001
qp,p32i16,path,837,0.003842,false,0.0001
qp,p32i16,ip_umfpack,837,0.052558,false,0.0001
qp,p32i16,ip_klu,837,0.010125,false,0.0001
qp,p32i16,path,838,0.0073,false,0.0001
qp,p32i16,ip_umfpack,838,0.039316,false,0.0001
qp,p32i16,ip_klu,838,0.005301,false,0.0001
qp,p32i16,path,839,0.005174,false,0.0001
qp,p32i16,ip_umfpack,839,0.003242,false,0.0001
qp,p32i16,ip_klu,839,0.000896,false,0.0001
qp,p32i16,path,840,0.000284,true,0.0001
qp,p32i16,ip_umfpack,840,0.001116,true,0.0001
qp,p32i16,ip_klu,840,0.000242,true,0.0001
qp,p32i16,path,841,0.00383,false,0.0001
qp,p32i16,ip_umfpack,841,0.018176,false,0.0001
qp,p32i16,ip_klu,841,0.00055,false,0.0001
qp,p32i16,path,842,0.005749,false,0.0001
qp,p32i16,ip_umfpack,842,0.04186,false,0.0001
qp,p32i16,ip_klu,842,0.008461,false,0.0001
qp,p32i16,path,843,0.000334,true,0.0001
qp,p32i16,ip_umfpack,843,0.000842,true,0.0001
qp,p32i16,ip_klu,843,0.000206,true,0.0001
qp,p32i16,path,844,0.000291,true,0.0001
qp,p32i16,ip_umfpack,844,0.003514,true,0.0001
qp,p32i16,ip_klu,844,0.00021,true,0.0001
qp,p32i16,path,845,0.000304,true,0.0001
qp,p32i16,ip_umfpack,845,0.000726,true,0.0001
qp,p32i16,ip_klu,845,0.000168,true,0.0001
qp,p32i16,path,846,0.005244,false,0.0001
qp,p32i16,ip_umfpack,846,0.027672,false,0.0001
qp,p32i16,ip_klu,846,0.008561,false,0.0001
qp,p32i16,path,847,0.004184,false,0.0001
qp,p32i16,ip_umfpack,847,0.022653,false,0.0001
qp,p32i16,ip_klu,847,0.007969,false,0.0001
qp,p32i16,path,848,0.000317,true,0.0001
qp,p32i16,ip_umfpack,848,0.000785,true,0.0001
qp,p32i16,ip_klu,848,0.000192,true,0.0001
qp,p32i16,path,849,0.00505,false,0.0001
qp,p32i16,ip_umfpack,849,0.038767,false,0.0001
qp,p32i16,ip_klu,849,0.024242,false,0.0001
qp,p32i16,path,850,0.004291,false,0.0001
qp,p32i16,ip_umfpack,850,0.001953,false,0.0001
qp,p32i16,ip_klu,850,0.000483,false,0.0001
qp,p32i16,path,851,0.000655,true,0.0001
qp,p32i16,ip_umfpack,851,0.000849,true,0.0001
qp,p32i16,ip_klu,851,0.000213,true,0.0001
qp,p32i16,path,852,0.000282,true,0.0001
qp,p32i16,ip_umfpack,852,0.000768,true,0.0001
qp,p32i16,ip_klu,852,0.000181,true,0.0001
qp,p32i16,path,853,0.000283,true,0.0001
qp,p32i16,ip_umfpack,853,0.001064,true,0.0001
qp,p32i16,ip_klu,853,0.000245,true,0.0001
qp,p32i16,path,854,0.010171,false,0.0001
qp,p32i16,ip_umfpack,854,0.038627,false,0.0001
qp,p32i16,ip_klu,854,0.007911,false,0.0001
qp,p32i16,path,855,0.02721,false,0.0001
qp,p32i16,ip_umfpack,855,0.026626,false,0.0001
qp,p32i16,ip_klu,855,0.021442,false,0.0001
qp,p32i16,path,856,0.007039,false,0.0001
qp,p32i16,ip_umfpack,856,0.030263,false,0.0001
qp,p32i16,ip_klu,856,0.006444,false,0.0001
qp,p32i16,path,857,0.000305,true,0.0001
qp,p32i16,ip_umfpack,857,0.000871,true,0.0001
qp,p32i16,ip_klu,857,0.000182,true,0.0001
qp,p32i16,path,858,0.000513,true,0.0001
qp,p32i16,ip_umfpack,858,0.000829,true,0.0001
qp,p32i16,ip_klu,858,0.000208,true,0.0001
qp,p32i16,path,859,0.00058,true,0.0001
qp,p32i16,ip_umfpack,859,0.000755,true,0.0001
qp,p32i16,ip_klu,859,0.000174,true,0.0001
qp,p32i16,path,860,0.000254,true,0.0001
qp,p32i16,ip_umfpack,860,0.000819,true,0.0001
qp,p32i16,ip_klu,860,0.000201,true,0.0001
qp,p32i16,path,861,0.006551,false,0.0001
qp,p32i16,ip_umfpack,861,0.004735,false,0.0001
qp,p32i16,ip_klu,861,0.000598,false,0.0001
qp,p32i16,path,862,0.007241,false,0.0001
qp,p32i16,ip_umfpack,862,0.028611,false,0.0001
qp,p32i16,ip_klu,862,0.005844,false,0.0001
qp,p32i16,path,863,0.000348,true,0.0001
qp,p32i16,ip_umfpack,863,0.000736,true,0.0001
qp,p32i16,ip_klu,863,0.000185,true,0.0001
qp,p32i16,path,864,0.000507,true,0.0001
qp,p32i16,ip_umfpack,864,0.000749,true,0.0001
qp,p32i16,ip_klu,864,0.000186,true,0.0001
qp,p32i16,path,865,0.007252,false,0.0001
qp,p32i16,ip_umfpack,865,0.053948,false,0.0001
qp,p32i16,ip_klu,865,0.024588,false,0.0001
qp,p32i16,path,866,0.005807,false,0.0001
qp,p32i16,ip_umfpack,866,0.028356,false,0.0001
qp,p32i16,ip_klu,866,0.008363,false,0.0001
qp,p32i16,path,867,0.004484,false,0.0001
qp,p32i16,ip_umfpack,867,0.023219,false,0.0001
qp,p32i16,ip_klu,867,0.020967,false,0.0001
qp,p32i16,path,868,0.004353,false,0.0001
qp,p32i16,ip_umfpack,868,0.002097,false,0.0001
qp,p32i16,ip_klu,868,0.000523,false,0.0001
qp,p32i16,path,869,0.000265,true,0.0001
qp,p32i16,ip_umfpack,869,0.000624,true,0.0001
qp,p32i16,ip_klu,869,0.000152,true,0.0001
qp,p32i16,path,870,0.005058,false,0.0001
qp,p32i16,ip_umfpack,870,0.044871,false,0.0001
qp,p32i16,ip_klu,870,0.008601,false,0.0001
qp,p32i16,path,871,0.000557,true,0.0001
qp,p32i16,ip_umfpack,871,0.000851,true,0.0001
qp,p32i16,ip_klu,871,0.000214,true,0.0001
qp,p32i16,path,872,0.000302,true,0.0001
qp,p32i16,ip_umfpack,872,0.000943,true,0.0001
qp,p32i16,ip_klu,872,0.000267,true,0.0001
qp,p32i16,path,873,0.003652,false,0.0001
qp,p32i16,ip_umfpack,873,0.059863,false,0.0001
qp,p32i16,ip_klu,873,0.008879,false,0.0001
qp,p32i16,path,874,0.000355,true,0.0001
qp,p32i16,ip_umfpack,874,0.000888,true,0.0001
qp,p32i16,ip_klu,874,0.000218,true,0.0001
qp,p32i16,path,875,0.005559,false,0.0001
qp,p32i16,ip_umfpack,875,0.044892,false,0.0001
qp,p32i16,ip_klu,875,0.021907,false,0.0001
qp,p32i16,path,876,0.005504,false,0.0001
qp,p32i16,ip_umfpack,876,0.040575,false,0.0001
qp,p32i16,ip_klu,876,0.010919,false,0.0001
qp,p32i16,path,877,0.000323,true,0.0001
qp,p32i16,ip_umfpack,877,0.00109,true,0.0001
qp,p32i16,ip_klu,877,0.000246,true,0.0001
qp,p32i16,path,878,0.005299,false,0.0001
qp,p32i16,ip_umfpack,878,0.055688,false,0.0001
qp,p32i16,ip_klu,878,0.008756,false,0.0001
qp,p32i16,path,879,0.000345,true,0.0001
qp,p32i16,ip_umfpack,879,0.000848,true,0.0001
qp,p32i16,ip_klu,879,0.000238,true,0.0001
qp,p32i16,path,880,0.00052,true,0.0001
qp,p32i16,ip_umfpack,880,0.000923,true,0.0001
qp,p32i16,ip_klu,880,0.000225,true,0.0001
qp,p32i16,path,881,0.000291,true,0.0001
qp,p32i16,ip_umfpack,881,0.000941,true,0.0001
qp,p32i16,ip_klu,881,0.000232,true,0.0001
qp,p32i16,path,882,0.00024,true,0.0001
qp,p32i16,ip_umfpack,882,0.000853,true,0.0001
qp,p32i16,ip_klu,882,0.002735,true,0.0001
qp,p32i16,path,883,0.000254,true,0.0001
qp,p32i16,ip_umfpack,883,0.00095,true,0.0001
qp,p32i16,ip_klu,883,0.000204,true,0.0001
qp,p32i16,path,884,0.000619,true,0.0001
qp,p32i16,ip_umfpack,884,0.000872,true,0.0001
qp,p32i16,ip_klu,884,0.0002,true,0.0001
qp,p32i16,path,885,0.0007,true,0.0001
qp,p32i16,ip_umfpack,885,0.001025,true,0.0001
qp,p32i16,ip_klu,885,0.000226,true,0.0001
qp,p32i16,path,886,0.005075,false,0.0001
qp,p32i16,ip_umfpack,886,0.036763,false,0.0001
qp,p32i16,ip_klu,886,0.023979,false,0.0001
qp,p32i16,path,887,0.000713,true,0.0001
qp,p32i16,ip_umfpack,887,0.001266,true,0.0001
qp,p32i16,ip_klu,887,0.000283,true,0.0001
qp,p32i16,path,888,0.000281,true,0.0001
qp,p32i16,ip_umfpack,888,0.000775,true,0.0001
qp,p32i16,ip_klu,888,0.000179,true,0.0001
qp,p32i16,path,889,0.005304,false,0.0001
qp,p32i16,ip_umfpack,889,0.042958,false,0.0001
qp,p32i16,ip_klu,889,0.008941,false,0.0001
qp,p32i16,path,890,0.004729,false,0.0001
qp,p32i16,ip_umfpack,890,0.001988,false,0.0001
qp,p32i16,ip_klu,890,0.000509,false,0.0001
qp,p32i16,path,891,0.025137,false,0.0001
qp,p32i16,ip_umfpack,891,0.037747,false,0.0001
qp,p32i16,ip_klu,891,0.007377,false,0.0001
qp,p32i16,path,892,0.005011,false,0.0001
qp,p32i16,ip_umfpack,892,0.03961,false,0.0001
qp,p32i16,ip_klu,892,0.024586,false,0.0001
qp,p32i16,path,893,0.004164,false,0.0001
qp,p32i16,ip_umfpack,893,0.002216,false,0.0001
qp,p32i16,ip_klu,893,0.000563,false,0.0001
qp,p32i16,path,894,0.00026,true,0.0001
qp,p32i16,ip_umfpack,894,0.000965,true,0.0001
qp,p32i16,ip_klu,894,0.00023,true,0.0001
qp,p32i16,path,895,0.00927,false,0.0001
qp,p32i16,ip_umfpack,895,0.038857,false,0.0001
qp,p32i16,ip_klu,895,0.007909,false,0.0001
qp,p32i16,path,896,0.000314,true,0.0001
qp,p32i16,ip_umfpack,896,0.00089,true,0.0001
qp,p32i16,ip_klu,896,0.000227,true,0.0001
qp,p32i16,path,897,0.004118,false,0.0001
qp,p32i16,ip_umfpack,897,0.054098,false,0.0001
qp,p32i16,ip_klu,897,0.007874,false,0.0001
qp,p32i16,path,898,0.004495,false,0.0001
qp,p32i16,ip_umfpack,898,0.004607,false,0.0001
qp,p32i16,ip_klu,898,0.000509,false,0.0001
qp,p32i16,path,899,0.003931,false,0.0001
qp,p32i16,ip_umfpack,899,0.037285,false,0.0001
qp,p32i16,ip_klu,899,0.024257,false,0.0001
qp,p32i16,path,900,0.000291,true,0.0001
qp,p32i16,ip_umfpack,900,0.001002,true,0.0001
qp,p32i16,ip_klu,900,0.000231,true,0.0001
qp,p32i16,path,901,0.00065,true,0.0001
qp,p32i16,ip_umfpack,901,0.000957,true,0.0001
qp,p32i16,ip_klu,901,0.000209,true,0.0001
qp,p32i16,path,902,0.004866,false,0.0001
qp,p32i16,ip_umfpack,902,0.041704,false,0.0001
qp,p32i16,ip_klu,902,0.008181,false,0.0001
qp,p32i16,path,903,0.000326,true,0.0001
qp,p32i16,ip_umfpack,903,0.0008,true,0.0001
qp,p32i16,ip_klu,903,0.000206,true,0.0001
qp,p32i16,path,904,0.028513,false,0.0001
qp,p32i16,ip_umfpack,904,0.025008,false,0.0001
qp,p32i16,ip_klu,904,0.005628,false,0.0001
qp,p32i16,path,905,0.003805,false,0.0001
qp,p32i16,ip_umfpack,905,0.052906,false,0.0001
qp,p32i16,ip_klu,905,0.007636,false,0.0001
qp,p32i16,path,906,0.007271,false,0.0001
qp,p32i16,ip_umfpack,906,0.036499,false,0.0001
qp,p32i16,ip_klu,906,0.008068,false,0.0001
qp,p32i16,path,907,0.000323,true,0.0001
qp,p32i16,ip_umfpack,907,0.000744,true,0.0001
qp,p32i16,ip_klu,907,0.000199,true,0.0001
qp,p32i16,path,908,0.000281,true,0.0001
qp,p32i16,ip_umfpack,908,0.016866,true,0.0001
qp,p32i16,ip_klu,908,0.000284,true,0.0001
qp,p32i16,path,909,0.000512,true,0.0001
qp,p32i16,ip_umfpack,909,0.000899,true,0.0001
qp,p32i16,ip_klu,909,0.000196,true,0.0001
qp,p32i16,path,910,0.000253,true,0.0001
qp,p32i16,ip_umfpack,910,0.001014,true,0.0001
qp,p32i16,ip_klu,910,0.000227,true,0.0001
qp,p32i16,path,911,0.005156,false,0.0001
qp,p32i16,ip_umfpack,911,0.00228,false,0.0001
qp,p32i16,ip_klu,911,0.000575,false,0.0001
qp,p32i16,path,912,0.004788,false,0.0001
qp,p32i16,ip_umfpack,912,0.0397,false,0.0001
qp,p32i16,ip_klu,912,0.008374,false,0.0001
qp,p32i16,path,913,0.000776,true,0.0001
qp,p32i16,ip_umfpack,913,0.000838,true,0.0001
qp,p32i16,ip_klu,913,0.000205,true,0.0001
qp,p32i16,path,914,0.010277,false,0.0001
qp,p32i16,ip_umfpack,914,0.055979,false,0.0001
qp,p32i16,ip_klu,914,0.010212,false,0.0001
qp,p32i16,path,915,0.007728,false,0.0001
qp,p32i16,ip_umfpack,915,0.002267,false,0.0001
qp,p32i16,ip_klu,915,0.000559,false,0.0001
qp,p32i16,path,916,0.000318,true,0.0001
qp,p32i16,ip_umfpack,916,0.002012,false,0.0001
qp,p32i16,ip_klu,916,0.000533,false,0.0001
qp,p32i16,path,917,0.007775,false,0.0001
qp,p32i16,ip_umfpack,917,0.058456,false,0.0001
qp,p32i16,ip_klu,917,0.00806,false,0.0001
qp,p32i16,path,918,0.003861,false,0.0001
qp,p32i16,ip_umfpack,918,0.055543,false,0.0001
qp,p32i16,ip_klu,918,0.008244,false,0.0001
qp,p32i16,path,919,0.000348,true,0.0001
qp,p32i16,ip_umfpack,919,0.000652,true,0.0001
qp,p32i16,ip_klu,919,0.00017,true,0.0001
qp,p32i16,path,920,0.000252,true,0.0001
qp,p32i16,ip_umfpack,920,0.000853,true,0.0001
qp,p32i16,ip_klu,920,0.000179,true,0.0001
qp,p32i16,path,921,0.012353,false,0.0001
qp,p32i16,ip_umfpack,921,0.029523,false,0.0001
qp,p32i16,ip_klu,921,0.006589,false,0.0001
qp,p32i16,path,922,0.009361,false,0.0001
qp,p32i16,ip_umfpack,922,0.064978,false,0.0001
qp,p32i16,ip_klu,922,0.007974,false,0.0001
qp,p32i16,path,923,0.005346,false,0.0001
qp,p32i16,ip_umfpack,923,0.002014,false,0.0001
qp,p32i16,ip_klu,923,0.000491,false,0.0001
qp,p32i16,path,924,0.000279,true,0.0001
qp,p32i16,ip_umfpack,924,0.001043,true,0.0001
qp,p32i16,ip_klu,924,0.000218,true,0.0001
qp,p32i16,path,925,0.011282,false,0.0001
qp,p32i16,ip_umfpack,925,0.028165,false,0.0001
qp,p32i16,ip_klu,925,0.005589,false,0.0001
qp,p32i16,path,926,0.004986,false,0.0001
qp,p32i16,ip_umfpack,926,0.054149,false,0.0001
qp,p32i16,ip_klu,926,0.00807,false,0.0001
qp,p32i16,path,927,0.000331,true,0.0001
qp,p32i16,ip_umfpack,927,0.000708,true,0.0001
qp,p32i16,ip_klu,927,0.000172,true,0.0001
qp,p32i16,path,928,0.007044,false,0.0001
qp,p32i16,ip_umfpack,928,0.023032,false,0.0001
qp,p32i16,ip_klu,928,0.004888,false,0.0001
qp,p32i16,path,929,0.003347,false,0.0001
qp,p32i16,ip_umfpack,929,0.038877,false,0.0001
qp,p32i16,ip_klu,929,0.007916,false,0.0001
qp,p32i16,path,930,0.000604,true,0.0001
qp,p32i16,ip_umfpack,930,0.000879,true,0.0001
qp,p32i16,ip_klu,930,0.000227,true,0.0001
qp,p32i16,path,931,0.004328,false,0.0001
qp,p32i16,ip_umfpack,931,0.054354,false,0.0001
qp,p32i16,ip_klu,931,0.008227,false,0.0001
qp,p32i16,path,932,0.000304,true,0.0001
qp,p32i16,ip_umfpack,932,0.001866,true,0.0001
qp,p32i16,ip_klu,932,0.000449,true,0.0001
qp,p32i16,path,933,0.006783,false,0.0001
qp,p32i16,ip_umfpack,933,0.022547,false,0.0001
qp,p32i16,ip_klu,933,0.00774,false,0.0001
qp,p32i16,path,934,0.004334,false,0.0001
qp,p32i16,ip_umfpack,934,0.044196,false,0.0001
qp,p32i16,ip_klu,934,0.007808,false,0.0001
qp,p32i16,path,935,0.000323,true,0.0001
qp,p32i16,ip_umfpack,935,0.004993,false,0.0001
qp,p32i16,ip_klu,935,0.000579,false,0.0001
qp,p32i16,path,936,0.0054,false,0.0001
qp,p32i16,ip_umfpack,936,0.036166,false,0.0001
qp,p32i16,ip_klu,936,0.023862,false,0.0001
qp,p32i16,path,937,0.000311,true,0.0001
qp,p32i16,ip_umfpack,937,0.001165,true,0.0001
qp,p32i16,ip_klu,937,0.000255,true,0.0001
qp,p32i16,path,938,0.004812,false,0.0001
qp,p32i16,ip_umfpack,938,0.025387,false,0.0001
qp,p32i16,ip_klu,938,0.007906,false,0.0001
qp,p32i16,path,939,0.000297,true,0.0001
qp,p32i16,ip_umfpack,939,0.000766,true,0.0001
qp,p32i16,ip_klu,939,0.000182,true,0.0001
qp,p32i16,path,940,0.000262,true,0.0001
qp,p32i16,ip_umfpack,940,0.000956,true,0.0001
qp,p32i16,ip_klu,940,0.000208,true,0.0001
qp,p32i16,path,941,0.000457,true,0.0001
qp,p32i16,ip_umfpack,941,0.00066,true,0.0001
qp,p32i16,ip_klu,941,0.000196,true,0.0001
qp,p32i16,path,942,0.000261,true,0.0001
qp,p32i16,ip_umfpack,942,0.000891,true,0.0001
qp,p32i16,ip_klu,942,0.000204,true,0.0001
qp,p32i16,path,943,0.005604,false,0.0001
qp,p32i16,ip_umfpack,943,0.002379,false,0.0001
qp,p32i16,ip_klu,943,0.00062,false,0.0001
qp,p32i16,path,944,0.027697,false,0.0001
qp,p32i16,ip_umfpack,944,0.00238,false,0.0001
qp,p32i16,ip_klu,944,0.00058,false,0.0001
qp,p32i16,path,945,0.00892,false,0.0001
qp,p32i16,ip_umfpack,945,0.043118,false,0.0001
qp,p32i16,ip_klu,945,0.023641,false,0.0001
qp,p32i16,path,946,0.005704,false,0.0001
qp,p32i16,ip_umfpack,946,0.044516,false,0.0001
qp,p32i16,ip_klu,946,0.008816,false,0.0001
qp,p32i16,path,947,0.00055,true,0.0001
qp,p32i16,ip_umfpack,947,0.000729,true,0.0001
qp,p32i16,ip_klu,947,0.00018,true,0.0001
qp,p32i16,path,948,0.000435,true,0.0001
qp,p32i16,ip_umfpack,948,0.0008,true,0.0001
qp,p32i16,ip_klu,948,0.000186,true,0.0001
qp,p32i16,path,949,0.000284,true,0.0001
qp,p32i16,ip_umfpack,949,0.017228,true,0.0001
qp,p32i16,ip_klu,949,0.000232,true,0.0001
qp,p32i16,path,950,0.00409,false,0.0001
qp,p32i16,ip_umfpack,950,0.002544,false,0.0001
qp,p32i16,ip_klu,950,0.000617,false,0.0001
qp,p32i16,path,951,0.004967,false,0.0001
qp,p32i16,ip_umfpack,951,0.021299,false,0.0001
qp,p32i16,ip_klu,951,0.004684,false,0.0001
qp,p32i16,path,952,0.000544,true,0.0001
qp,p32i16,ip_umfpack,952,0.000822,true,0.0001
qp,p32i16,ip_klu,952,0.000195,true,0.0001
qp,p32i16,path,953,0.021883,false,0.0001
qp,p32i16,ip_umfpack,953,0.002156,false,0.0001
qp,p32i16,ip_klu,953,0.000511,false,0.0001
qp,p32i16,path,954,0.006906,false,0.0001
qp,p32i16,ip_umfpack,954,0.001971,false,0.0001
qp,p32i16,ip_klu,954,0.000525,false,0.0001
qp,p32i16,path,955,0.006447,false,0.0001
qp,p32i16,ip_umfpack,955,0.028325,false,0.0001
qp,p32i16,ip_klu,955,0.005655,false,0.0001
qp,p32i16,path,956,0.006832,false,0.0001
qp,p32i16,ip_umfpack,956,0.023618,false,0.0001
qp,p32i16,ip_klu,956,0.005063,false,0.0001
qp,p32i16,path,957,0.000304,true,0.0001
qp,p32i16,ip_umfpack,957,0.000724,true,0.0001
qp,p32i16,ip_klu,957,0.000191,true,0.0001
qp,p32i16,path,958,0.007175,false,0.0001
qp,p32i16,ip_umfpack,958,0.039161,false,0.0001
qp,p32i16,ip_klu,958,0.00774,false,0.0001
qp,p32i16,path,959,0.0249,false,0.0001
qp,p32i16,ip_umfpack,959,0.002412,false,0.0001
qp,p32i16,ip_klu,959,0.00063,false,0.0001
qp,p32i16,path,960,0.005138,false,0.0001
qp,p32i16,ip_umfpack,960,0.039609,false,0.0001
qp,p32i16,ip_klu,960,0.01101,false,0.0001
qp,p32i16,path,961,0.006818,false,0.0001
qp,p32i16,ip_umfpack,961,0.054502,false,0.0001
qp,p32i16,ip_klu,961,0.024415,false,0.0001
qp,p32i16,path,962,0.00079,true,0.0001
qp,p32i16,ip_umfpack,962,0.001155,true,0.0001
qp,p32i16,ip_klu,962,0.000245,true,0.0001
qp,p32i16,path,963,0.007279,false,0.0001
qp,p32i16,ip_umfpack,963,0.021562,false,0.0001
qp,p32i16,ip_klu,963,0.006563,false,0.0001
qp,p32i16,path,964,0.008945,false,0.0001
qp,p32i16,ip_umfpack,964,0.002595,false,0.0001
qp,p32i16,ip_klu,964,0.000636,false,0.0001
qp,p32i16,path,965,0.000296,true,0.0001
qp,p32i16,ip_umfpack,965,0.000785,true,0.0001
qp,p32i16,ip_klu,965,0.000191,true,0.0001
qp,p32i16,path,966,0.000227,true,0.0001
qp,p32i16,ip_umfpack,966,0.000703,true,0.0001
qp,p32i16,ip_klu,966,0.000179,true,0.0001
qp,p32i16,path,967,0.00617,false,0.0001
qp,p32i16,ip_umfpack,967,0.052691,false,0.0001
qp,p32i16,ip_klu,967,0.007689,false,0.0001
qp,p32i16,path,968,0.000348,true,0.0001
qp,p32i16,ip_umfpack,968,0.00062,true,0.0001
qp,p32i16,ip_klu,968,0.000169,true,0.0001
qp,p32i16,path,969,0.005043,false,0.0001
qp,p32i16,ip_umfpack,969,0.056393,false,0.0001
qp,p32i16,ip_klu,969,0.009967,false,0.0001
qp,p32i16,path,970,0.004518,false,0.0001
qp,p32i16,ip_umfpack,970,0.052103,false,0.0001
qp,p32i16,ip_klu,970,0.023782,false,0.0001
qp,p32i16,path,971,0.006905,false,0.0001
qp,p32i16,ip_umfpack,971,0.037006,false,0.0001
qp,p32i16,ip_klu,971,0.009872,false,0.0001
qp,p32i16,path,972,0.006229,false,0.0001
qp,p32i16,ip_umfpack,972,0.002229,false,0.0001
qp,p32i16,ip_klu,972,0.000551,false,0.0001
qp,p32i16,path,973,0.006904,false,0.0001
qp,p32i16,ip_umfpack,973,0.055366,false,0.0001
qp,p32i16,ip_klu,973,0.007636,false,0.0001
qp,p32i16,path,974,0.008483,false,0.0001
qp,p32i16,ip_umfpack,974,0.023811,false,0.0001
qp,p32i16,ip_klu,974,0.004528,false,0.0001
qp,p32i16,path,975,0.000862,true,0.0001
qp,p32i16,ip_umfpack,975,0.001216,true,0.0001
qp,p32i16,ip_klu,975,0.000258,true,0.0001
qp,p32i16,path,976,0.003619,false,0.0001
qp,p32i16,ip_umfpack,976,0.024592,false,0.0001
qp,p32i16,ip_klu,976,0.005063,false,0.0001
qp,p32i16,path,977,0.00029,true,0.0001
qp,p32i16,ip_umfpack,977,0.000869,true,0.0001
qp,p32i16,ip_klu,977,0.000243,true,0.0001
qp,p32i16,path,978,0.000286,true,0.0001
qp,p32i16,ip_umfpack,978,0.001025,true,0.0001
qp,p32i16,ip_klu,978,0.000246,true,0.0001
qp,p32i16,path,979,0.006693,false,0.0001
qp,p32i16,ip_umfpack,979,0.00439,false,0.0001
qp,p32i16,ip_klu,979,0.000556,false,0.0001
qp,p32i16,path,980,0.003483,false,0.0001
qp,p32i16,ip_umfpack,980,0.022887,false,0.0001
qp,p32i16,ip_klu,980,0.005243,false,0.0001
qp,p32i16,path,981,0.011855,false,0.0001
qp,p32i16,ip_umfpack,981,0.039277,false,0.0001
qp,p32i16,ip_klu,981,0.023883,false,0.0001
qp,p32i16,path,982,0.008079,false,0.0001
qp,p32i16,ip_umfpack,982,0.038398,false,0.0001
qp,p32i16,ip_klu,982,0.010324,false,0.0001
qp,p32i16,path,983,0.007545,false,0.0001
qp,p32i16,ip_umfpack,983,0.035884,false,0.0001
qp,p32i16,ip_klu,983,0.008458,false,0.0001
qp,p32i16,path,984,0.005011,false,0.0001
qp,p32i16,ip_umfpack,984,0.051421,false,0.0001
qp,p32i16,ip_klu,984,0.010229,false,0.0001
qp,p32i16,path,985,0.000336,true,0.0001
qp,p32i16,ip_umfpack,985,0.000859,true,0.0001
qp,p32i16,ip_klu,985,0.000204,true,0.0001
qp,p32i16,path,986,0.004303,false,0.0001
qp,p32i16,ip_umfpack,986,0.041602,false,0.0001
qp,p32i16,ip_klu,986,0.005751,false,0.0001
qp,p32i16,path,987,0.00029,true,0.0001
qp,p32i16,ip_umfpack,987,0.000874,true,0.0001
qp,p32i16,ip_klu,987,0.000204,true,0.0001
qp,p32i16,path,988,0.004494,false,0.0001
qp,p32i16,ip_umfpack,988,0.056416,false,0.0001
qp,p32i16,ip_klu,988,0.008194,false,0.0001
qp,p32i16,path,989,0.000379,true,0.0001
qp,p32i16,ip_umfpack,989,0.001151,true,0.0001
qp,p32i16,ip_klu,989,0.000257,true,0.0001
qp,p32i16,path,990,0.007437,false,0.0001
qp,p32i16,ip_umfpack,990,0.024765,false,0.0001
qp,p32i16,ip_klu,990,0.004976,false,0.0001
qp,p32i16,path,991,0.006233,false,0.0001
qp,p32i16,ip_umfpack,991,0.038558,false,0.0001
qp,p32i16,ip_klu,991,0.010409,false,0.0001
qp,p32i16,path,992,0.00435,false,0.0001
qp,p32i16,ip_umfpack,992,0.050081,false,0.0001
qp,p32i16,ip_klu,992,0.023388,false,0.0001
qp,p32i16,path,993,0.000306,true,0.0001
qp,p32i16,ip_umfpack,993,0.000778,true,0.0001
qp,p32i16,ip_klu,993,0.000188,true,0.0001
qp,p32i16,path,994,0.000869,true,0.0001
qp,p32i16,ip_umfpack,994,0.010098,true,0.0001
qp,p32i16,ip_klu,994,0.006134,true,0.0001
qp,p32i16,path,995,0.000434,true,0.0001
qp,p32i16,ip_umfpack,995,0.000692,true,0.0001
qp,p32i16,ip_klu,995,0.000185,true,0.0001
qp,p32i16,path,996,0.000269,true,0.0001
qp,p32i16,ip_umfpack,996,0.001038,true,0.0001
qp,p32i16,ip_klu,996,0.000231,true,0.0001
qp,p32i16,path,997,0.005699,false,0.0001
qp,p32i16,ip_umfpack,997,0.00223,false,0.0001
qp,p32i16,ip_klu,997,0.000575,false,0.0001
qp,p32i16,path,998,0.009489,false,0.0001
qp,p32i16,ip_umfpack,998,0.043665,false,0.0001
qp,p32i16,ip_klu,998,0.010475,false,0.0001
qp,p32i16,path,999,0.000327,true,0.0001
qp,p32i16,ip_umfpack,999,0.000884,true,0.0001
qp,p32i16,ip_klu,999,0.000204,true,0.0001
qp,p32i16,path,1000,0.004033,false,0.0001
qp,p32i16,ip_umfpack,1000,0.048887,false,0.0001
qp,p32i16,ip_klu,1000,0.023181,false,0.0001
qp,p32i16,path,1001,0.00713,false,0.0001
qp,p32i16,ip_umfpack,1001,0.002686,false,0.0001
qp,p32i16,ip_klu,1001,0.000676,false,0.0001
qp,p32i16,path,1002,0.004253,false,0.0001
qp,p32i16,ip_umfpack,1002,0.026227,false,0.0001
qp,p32i16,ip_klu,1002,0.005369,false,0.0001
qp,p32i16,path,1003,0.000316,true,0.0001
qp,p32i16,ip_umfpack,1003,0.000968,true,0.0001
qp,p32i16,ip_klu,1003,0.00024,true,0.0001
qp,p32i16,path,1004,0.007699,false,0.0001
qp,p32i16,ip_umfpack,1004,0.002103,false,0.0001
qp,p32i16,ip_klu,1004,0.000524,false,0.0001
qp,p32i16,path,1005,0.000262,true,0.0001
qp,p32i16,ip_umfpack,1005,0.000954,true,0.0001
qp,p32i16,ip_klu,1005,0.000228,true,0.0001
qp,p32i16,path,1006,0.000261,true,0.0001
qp,p32i16,ip_umfpack,1006,0.000805,true,0.0001
qp,p32i16,ip_klu,1006,0.000187,true,0.0001
qp,p32i16,path,1007,0.009063,false,0.0001
qp,p32i16,ip_umfpack,1007,0.024134,false,0.0001
qp,p32i16,ip_klu,1007,0.00796,false,0.0001
qp,p32i16,path,1008,0.00713,false,0.0001
qp,p32i16,ip_umfpack,1008,0.027723,false,0.0001
qp,p32i16,ip_klu,1008,0.00538,false,0.0001
qp,p32i16,path,1009,0.005586,false,0.0001
qp,p32i16,ip_umfpack,1009,0.054633,false,0.0001
qp,p32i16,ip_klu,1009,0.008812,false,0.0001
qp,p32i16,path,1010,0.000326,true,0.0001
qp,p32i16,ip_umfpack,1010,0.00065,true,0.0001
qp,p32i16,ip_klu,1010,0.000177,true,0.0001
qp,p32i16,path,1011,0.000273,true,0.0001
qp,p32i16,ip_umfpack,1011,0.000748,true,0.0001
qp,p32i16,ip_klu,1011,0.000202,true,0.0001
qp,p32i16,path,1012,0.000285,true,0.0001
qp,p32i16,ip_umfpack,1012,0.000966,true,0.0001
qp,p32i16,ip_klu,1012,0.000241,true,0.0001
qp,p32i16,path,1013,0.004116,false,0.0001
qp,p32i16,ip_umfpack,1013,0.036394,false,0.0001
qp,p32i16,ip_klu,1013,0.009825,false,0.0001
qp,p32i16,path,1014,0.008167,false,0.0001
qp,p32i16,ip_umfpack,1014,0.040533,false,0.0001
qp,p32i16,ip_klu,1014,0.005296,false,0.0001
qp,p32i16,path,1015,0.000303,true,0.0001
qp,p32i16,ip_umfpack,1015,0.000904,true,0.0001
qp,p32i16,ip_klu,1015,0.000226,true,0.0001
qp,p32i16,path,1016,0.000275,true,0.0001
qp,p32i16,ip_umfpack,1016,0.000914,true,0.0001
qp,p32i16,ip_klu,1016,0.000241,true,0.0001
qp,p32i16,path,1017,0.00025,true,0.0001
qp,p32i16,ip_umfpack,1017,0.000857,true,0.0001
qp,p32i16,ip_klu,1017,0.000202,true,0.0001
qp,p32i16,path,1018,0.000294,true,0.0001
qp,p32i16,ip_umfpack,1018,0.000831,true,0.0001
qp,p32i16,ip_klu,1018,0.000212,true,0.0001
qp,p32i16,path,1019,0.000477,true,0.0001
qp,p32i16,ip_umfpack,1019,0.000777,true,0.0001
qp,p32i16,ip_klu,1019,0.000199,true,0.0001
qp,p32i16,path,1020,0.00028,true,0.0001
qp,p32i16,ip_umfpack,1020,0.001208,true,0.0001
qp,p32i16,ip_klu,1020,0.000279,true,0.0001
qp,p32i16,path,1021,0.000247,true,0.0001
qp,p32i16,ip_umfpack,1021,0.000921,true,0.0001
qp,p32i16,ip_klu,1021,0.000219,true,0.0001
qp,p32i16,path,1022,0.020714,false,0.0001
qp,p32i16,ip_umfpack,1022,0.002107,false,0.0001
qp,p32i16,ip_klu,1022,0.000539,false,0.0001
qp,p32i16,path,1023,0.004048,false,0.0001
qp,p32i16,ip_umfpack,1023,0.002327,false,0.0001
qp,p32i16,ip_klu,1023,0.00058,false,0.0001
qp,p32i16,path,1024,0.004245,false,0.0001
qp,p32i16,ip_umfpack,1024,0.045333,false,0.0001
qp,p32i16,ip_klu,1024,0.008801,false,0.0001
game,T10,path,1,0.05957,true,0.0001
game,T10,ip_umfpack,1,0.004274,true,0.0001
game,T10,ip_klu,1,0.000762,true,0.0001
game,T10,path,2,0.041212,true,0.0001
game,T10,ip_umfpack,2,0.004935,true,0.0001
game,T10,ip_klu,2,0.000858,true,0.0001
game,T10,path,3,0.029188,true,0.0001
game,T10,ip_umfpack,3,0.003315,true,0.0001
game,T10,ip_klu,3,0.000647,true,0.0001
game,T10,path,4,0.048374,true,0.0001
game,T10,ip_umfpack,4,0.004209,true,0.0001
game,T10,ip_klu,4,0.000776,true,0.0001
game,T10,path,5,0.058163,true,0.0001
game,T10,ip_umfpack,5,0.004644,true,0.0001
game,T10,ip_klu,5,0.000818,true,0.0001
game,T10,path,6,0.043158,true,0.0001
game,T10,ip_umfpack,6,0.004219,true,0.0001
game,T10,ip_klu,6,0.000758,true,0.0001
game,T10,path,7,0.029001,true,0.0001
game,T10,ip_umfpack,7,0.004372,true,0.0001
game,T10,ip_klu,7,0.000794,true,0.0001
game,T10,path,8,0.023448,true,0.0001
game,T10,ip_umfpack,8,0.003934,true,0.0001
game,T10,ip_klu,8,0.00071,true,0.0001
game,T10,path,9,0.03258,true,0.0001
game,T10,ip_umfpack,9,0.003947,true,0.0001
game,T10,ip_klu,9,0.000713,true,0.0001
game,T10,path,10,0.034604,true,0.0001
game,T10,ip_umfpack,10,0.003934,true,0.0001
game,T10,ip_klu,10,0.000724,true,0.0001
game,T10,path,11,0.026374,true,0.0001
game,T10,ip_umfpack,11,0.003919,true,0.0001
game,T10,ip_klu,11,0.000699,true,0.0001
game,T10,path,12,0.028206,true,0.0001
game,T10,ip_umfpack,12,0.005408,true,0.0001
game,T10,ip_klu,12,0.000926,true,0.0001
game,T10,path,13,0.02216,true,0.0001
game,T10,ip_umfpack,13,0.006913,true,0.0001
game,T10,ip_klu,13,0.001118,true,0.0001
game,T10,path,14,0.031777,true,0.0001
game,T10,ip_umfpack,14,0.029362,true,0.0001
game,T10,ip_klu,14,0.000779,true,0.0001
game,T10,path,15,0.056223,true,0.0001
game,T10,ip_umfpack,15,0.004252,true,0.0001
game,T10,ip_klu,15,0.000754,true,0.0001
game,T10,path,16,0.040105,true,0.0001
game,T10,ip_umfpack,16,0.004221,true,0.0001
game,T10,ip_klu,16,0.000806,true,0.0001
game,T10,path,17,0.063879,true,0.0001
game,T10,ip_umfpack,17,0.005551,true,0.0001
game,T10,ip_klu,17,0.00096,true,0.0001
game,T10,path,18,0.033491,true,0.0001
game,T10,ip_umfpack,18,0.004232,true,0.0001
game,T10,ip_klu,18,0.000777,true,0.0001
game,T10,path,19,0.022156,true,0.0001
game,T10,ip_umfpack,19,0.005784,true,0.0001
game,T10,ip_klu,19,0.001006,true,0.0001
game,T10,path,20,0.043765,true,0.0001
game,T10,ip_umfpack,20,0.003815,true,0.0001
game,T10,ip_klu,20,0.000697,true,0.0001
game,T10,path,21,0.031835,true,0.0001
game,T10,ip_umfpack,21,0.004436,true,0.0001
game,T10,ip_klu,21,0.000814,true,0.0001
game,T10,path,22,0.060559,true,0.0001
game,T10,ip_umfpack,22,0.016888,true,0.0001
game,T10,ip_klu,22,0.0009,true,0.0001
game,T10,path,23,0.040803,true,0.0001
game,T10,ip_umfpack,23,0.004269,true,0.0001
game,T10,ip_klu,23,0.000787,true,0.0001
game,T10,path,24,0.023909,true,0.0001
game,T10,ip_umfpack,24,0.004041,true,0.0001
game,T10,ip_klu,24,0.000761,true,0.0001
game,T10,path,25,0.048705,true,0.0001
game,T10,ip_umfpack,25,0.004006,true,0.0001
game,T10,ip_klu,25,0.000745,true,0.0001
game,T10,path,26,0.065092,true,0.0001
game,T10,ip_umfpack,26,0.005386,true,0.0001
game,T10,ip_klu,26,0.000958,true,0.0001
game,T10,path,27,0.036522,true,0.0001
game,T10,ip_umfpack,27,0.003981,true,0.0001
game,T10,ip_klu,27,0.000733,true,0.0001
game,T10,path,28,0.03094,true,0.0001
game,T10,ip_umfpack,28,0.004456,true,0.0001
game,T10,ip_klu,28,0.000806,true,0.0001
game,T10,path,29,0.033129,true,0.0001
game,T10,ip_umfpack,29,0.004,true,0.0001
game,T10,ip_klu,29,0.000713,true,0.0001
game,T10,path,30,0.032435,true,0.0001
game,T10,ip_umfpack,30,0.004182,true,0.0001
game,T10,ip_klu,30,0.000761,true,0.0001
game,T10,path,31,0.021824,true,0.0001
game,T10,ip_umfpack,31,0.009263,true,0.0001
game,T10,ip_klu,31,0.000966,true,0.0001
game,T10,path,32,0.016516,true,0.0001
game,T10,ip_umfpack,32,0.003991,true,0.0001
game,T10,ip_klu,32,0.000741,true,0.0001
game,T10,path,33,0.027337,true,0.0001
game,T10,ip_umfpack,33,0.006006,true,0.0001
game,T10,ip_klu,33,0.001012,true,0.0001
game,T10,path,34,0.039003,true,0.0001
game,T10,ip_umfpack,34,0.0042,true,0.0001
game,T10,ip_klu,34,0.000764,true,0.0001
game,T10,path,35,0.021302,true,0.0001
game,T10,ip_umfpack,35,0.004467,true,0.0001
game,T10,ip_klu,35,0.000805,true,0.0001
game,T10,path,36,0.023797,true,0.0001
game,T10,ip_umfpack,36,0.008672,true,0.0001
game,T10,ip_klu,36,0.00092,true,0.0001
game,T10,path,37,0.021277,true,0.0001
game,T10,ip_umfpack,37,0.004229,true,0.0001
game,T10,ip_klu,37,0.000782,true,0.0001
game,T10,path,38,0.040197,true,0.0001
game,T10,ip_umfpack,38,0.004654,true,0.0001
game,T10,ip_klu,38,0.00084,true,0.0001
game,T10,path,39,0.045628,true,0.0001
game,T10,ip_umfpack,39,0.004739,true,0.0001
game,T10,ip_klu,39,0.000826,true,0.0001
game,T10,path,40,0.038777,true,0.0001
game,T10,ip_umfpack,40,0.007128,true,0.0001
game,T10,ip_klu,40,0.00073,true,0.0001
game,T10,path,41,0.033497,true,0.0001
game,T10,ip_umfpack,41,0.004236,true,0.0001
game,T10,ip_klu,41,0.00075,true,0.0001
game,T10,path,42,0.014528,true,0.0001
game,T10,ip_umfpack,42,0.006703,true,0.0001
game,T10,ip_klu,42,0.001075,true,0.0001
game,T10,path,43,0.051981,true,0.0001
game,T10,ip_umfpack,43,0.007822,true,0.0001
game,T10,ip_klu,43,0.000913,true,0.0001
game,T10,path,44,0.133133,false,0.0001
game,T10,ip_umfpack,44,0.005372,true,0.0001
game,T10,ip_klu,44,0.000905,true,0.0001
game,T10,path,45,0.070388,true,0.0001
game,T10,ip_umfpack,45,0.004649,true,0.0001
game,T10,ip_klu,45,0.000834,true,0.0001
game,T10,path,46,0.046021,true,0.0001
game,T10,ip_umfpack,46,0.006967,true,0.0001
game,T10,ip_klu,46,0.000777,true,0.0001
game,T10,path,47,0.012797,true,0.0001
game,T10,ip_umfpack,47,0.005896,true,0.0001
game,T10,ip_klu,47,0.000992,true,0.0001
game,T10,path,48,0.030019,true,0.0001
game,T10,ip_umfpack,48,0.005964,true,0.0001
game,T10,ip_klu,48,0.000731,true,0.0001
game,T10,path,49,0.033817,true,0.0001
game,T10,ip_umfpack,49,0.004149,true,0.0001
game,T10,ip_klu,49,0.000733,true,0.0001
game,T10,path,50,0.07107,true,0.0001
game,T10,ip_umfpack,50,0.008778,true,0.0001
game,T10,ip_klu,50,0.001092,true,0.0001
game,T10,path,51,0.046681,true,0.0001
game,T10,ip_umfpack,51,0.004191,true,0.0001
game,T10,ip_klu,51,0.00074,true,0.0001
game,T10,path,52,0.040332,true,0.0001
game,T10,ip_umfpack,52,0.003941,true,0.0001
game,T10,ip_klu,52,0.000725,true,0.0001
game,T10,path,53,0.056148,true,0.0001
game,T10,ip_umfpack,53,0.007041,true,0.0001
game,T10,ip_klu,53,0.000836,true,0.0001
game,T10,path,54,0.089128,true,0.0001
game,T10,ip_umfpack,54,0.004623,true,0.0001
game,T10,ip_klu,54,0.000793,true,0.0001
game,T10,path,55,0.060349,true,0.0001
game,T10,ip_umfpack,55,0.006937,true,0.0001
game,T10,ip_klu,55,0.00087,true,0.0001
game,T10,path,56,0.034468,true,0.0001
game,T10,ip_umfpack,56,0.004,true,0.0001
game,T10,ip_klu,56,0.000713,true,0.0001
game,T10,path,57,0.033062,true,0.0001
game,T10,ip_umfpack,57,0.004651,true,0.0001
game,T10,ip_klu,57,0.000833,true,0.0001
game,T10,path,58,0.030298,true,0.0001
game,T10,ip_umfpack,58,0.006425,true,0.0001
game,T10,ip_klu,58,0.000721,true,0.0001
game,T10,path,59,0.045839,true,0.0001
game,T10,ip_umfpack,59,0.004153,true,0.0001
game,T10,ip_klu,59,0.00073,true,0.0001
game,T10,path,60,0.0239,true,0.0001
game,T10,ip_umfpack,60,0.005685,true,0.0001
game,T10,ip_klu,60,0.000987,true,0.0001
game,T10,path,61,0.043092,true,0.0001
game,T10,ip_umfpack,61,0.004183,true,0.0001
game,T10,ip_klu,61,0.000733,true,0.0001
game,T10,path,62,0.057187,true,0.0001
game,T10,ip_umfpack,62,0.004169,true,0.0001
game,T10,ip_klu,62,0.000741,true,0.0001
game,T10,path,63,0.037473,true,0.0001
game,T10,ip_umfpack,63,0.006307,true,0.0001
game,T10,ip_klu,63,0.000754,true,0.0001
game,T10,path,64,0.036743,true,0.0001
game,T10,ip_umfpack,64,0.003954,true,0.0001
game,T10,ip_klu,64,0.000707,true,0.0001
game,T10,path,65,0.042438,true,0.0001
game,T10,ip_umfpack,65,0.004173,true,0.0001
game,T10,ip_klu,65,0.00076,true,0.0001
game,T10,path,66,0.058038,true,0.0001
game,T10,ip_umfpack,66,0.007175,true,0.0001
game,T10,ip_klu,66,0.000769,true,0.0001
game,T10,path,67,0.067989,true,0.0001
game,T10,ip_umfpack,67,0.004957,true,0.0001
game,T10,ip_klu,67,0.000859,true,0.0001
game,T10,path,68,0.047194,true,0.0001
game,T10,ip_umfpack,68,0.004266,true,0.0001
game,T10,ip_klu,68,0.000786,true,0.0001
game,T10,path,69,0.051931,true,0.0001
game,T10,ip_umfpack,69,0.008418,true,0.0001
game,T10,ip_klu,69,0.000946,true,0.0001
game,T10,path,70,0.04437,true,0.0001
game,T10,ip_umfpack,70,0.004177,true,0.0001
game,T10,ip_klu,70,0.000745,true,0.0001
game,T10,path,71,0.059273,true,0.0001
game,T10,ip_umfpack,71,0.006608,true,0.0001
game,T10,ip_klu,71,0.000786,true,0.0001
game,T10,path,72,0.024865,true,0.0001
game,T10,ip_umfpack,72,0.003724,true,0.0001
game,T10,ip_klu,72,0.000673,true,0.0001
game,T10,path,73,0.039324,true,0.0001
game,T10,ip_umfpack,73,0.004433,true,0.0001
game,T10,ip_klu,73,0.000782,true,0.0001
game,T10,path,74,0.03443,true,0.0001
game,T10,ip_umfpack,74,0.006223,true,0.0001
game,T10,ip_klu,74,0.000751,true,0.0001
game,T10,path,75,0.052731,true,0.0001
game,T10,ip_umfpack,75,0.005324,true,0.0001
game,T10,ip_klu,75,0.000894,true,0.0001
game,T10,path,76,0.036603,true,0.0001
game,T10,ip_umfpack,76,0.004174,true,0.0001
game,T10,ip_klu,76,0.002641,true,0.0001
game,T10,path,77,0.07629,true,0.0001
game,T10,ip_umfpack,77,0.004028,true,0.0001
game,T10,ip_klu,77,0.000718,true,0.0001
game,T10,path,78,0.029184,true,0.0001
game,T10,ip_umfpack,78,0.003986,true,0.0001
game,T10,ip_klu,78,0.000736,true,0.0001
game,T10,path,79,0.097166,true,0.0001
game,T10,ip_umfpack,79,0.006611,true,0.0001
game,T10,ip_klu,79,0.000741,true,0.0001
game,T10,path,80,0.053451,true,0.0001
game,T10,ip_umfpack,80,0.00391,true,0.0001
game,T10,ip_klu,80,0.000705,true,0.0001
game,T10,path,81,0.027427,true,0.0001
game,T10,ip_umfpack,81,0.003951,true,0.0001
game,T10,ip_klu,81,0.000732,true,0.0001
game,T10,path,82,0.010761,true,0.0001
game,T10,ip_umfpack,82,0.008572,true,0.0001
game,T10,ip_klu,82,0.00107,true,0.0001
game,T10,path,83,0.043661,true,0.0001
game,T10,ip_umfpack,83,0.003685,true,0.0001
game,T10,ip_klu,83,0.000671,true,0.0001
game,T10,path,84,0.05566,true,0.0001
game,T10,ip_umfpack,84,0.003952,true,0.0001
game,T10,ip_klu,84,0.002598,true,0.0001
game,T10,path,85,0.029672,true,0.0001
game,T10,ip_umfpack,85,0.004815,true,0.0001
game,T10,ip_klu,85,0.000827,true,0.0001
game,T10,path,86,0.017708,true,0.0001
game,T10,ip_umfpack,86,0.005061,true,0.0001
game,T10,ip_klu,86,0.00086,true,0.0001
game,T10,path,87,0.014263,true,0.0001
game,T10,ip_umfpack,87,0.007412,true,0.0001
game,T10,ip_klu,87,0.000924,true,0.0001
game,T10,path,88,0.039165,true,0.0001
game,T10,ip_umfpack,88,0.003951,true,0.0001
game,T10,ip_klu,88,0.000703,true,0.0001
game,T10,path,89,0.019086,true,0.0001
game,T10,ip_umfpack,89,0.007545,true,0.0001
game,T10,ip_klu,89,0.000957,true,0.0001
game,T10,path,90,0.014372,true,0.0001
game,T10,ip_umfpack,90,0.006097,true,0.0001
game,T10,ip_klu,90,0.001014,true,0.0001
game,T10,path,91,0.025227,true,0.0001
game,T10,ip_umfpack,91,0.003929,true,0.0001
game,T10,ip_klu,91,0.00072,true,0.0001
game,T10,path,92,0.013977,true,0.0001
game,T10,ip_umfpack,92,0.008138,true,0.0001
game,T10,ip_klu,92,0.001033,true,0.0001
game,T10,path,93,0.063985,true,0.0001
game,T10,ip_umfpack,93,0.004796,true,0.0001
game,T10,ip_klu,93,0.000826,true,0.0001
game,T10,path,94,0.01767,true,0.0001
game,T10,ip_umfpack,94,0.005901,true,0.0001
game,T10,ip_klu,94,0.000731,true,0.0001
game,T10,path,95,0.044384,true,0.0001
game,T10,ip_umfpack,95,0.003932,true,0.0001
game,T10,ip_klu,95,0.000695,true,0.0001
game,T10,path,96,0.026822,true,0.0001
game,T10,ip_umfpack,96,0.003949,true,0.0001
game,T10,ip_klu,96,0.000727,true,0.0001
game,T10,path,97,0.033024,true,0.0001
game,T10,ip_umfpack,97,0.006117,true,0.0001
game,T10,ip_klu,97,0.000737,true,0.0001
game,T10,path,98,0.052287,true,0.0001
game,T10,ip_umfpack,98,0.003965,true,0.0001
game,T10,ip_klu,98,0.000707,true,0.0001
game,T10,path,99,0.029848,true,0.0001
game,T10,ip_umfpack,99,0.003948,true,0.0001
game,T10,ip_klu,99,0.002445,true,0.0001
game,T10,path,100,0.030983,true,0.0001
game,T10,ip_umfpack,100,0.004032,true,0.0001
game,T10,ip_klu,100,0.00074,true,0.0001
game,T10,path,101,0.035235,true,0.0001
game,T10,ip_umfpack,101,0.004226,true,0.0001
game,T10,ip_klu,101,0.00075,true,0.0001
game,T10,path,102,0.043707,true,0.0001
game,T10,ip_umfpack,102,0.006628,true,0.0001
game,T10,ip_klu,102,0.000735,true,0.0001
game,T10,path,103,0.015151,true,0.0001
game,T10,ip_umfpack,103,0.006335,true,0.0001
game,T10,ip_klu,103,0.001045,true,0.0001
game,T10,path,104,0.064292,true,0.0001
game,T10,ip_umfpack,104,0.004459,true,0.0001
game,T10,ip_klu,104,0.000792,true,0.0001
game,T10,path,105,0.038801,true,0.0001
game,T10,ip_umfpack,105,0.005495,true,0.0001
game,T10,ip_klu,105,0.000923,true,0.0001
game,T10,path,106,0.024165,true,0.0001
game,T10,ip_umfpack,106,0.005904,true,0.0001
game,T10,ip_klu,106,0.000988,true,0.0001
game,T10,path,107,0.029917,true,0.0001
game,T10,ip_umfpack,107,0.005929,true,0.0001
game,T10,ip_klu,107,0.000739,true,0.0001
game,T10,path,108,0.021757,true,0.0001
game,T10,ip_umfpack,108,0.006493,true,0.0001
game,T10,ip_klu,108,0.001065,true,0.0001
game,T10,path,109,0.040304,true,0.0001
game,T10,ip_umfpack,109,0.005877,true,0.0001
game,T10,ip_klu,109,0.000751,true,0.0001
game,T10,path,110,0.028392,true,0.0001
game,T10,ip_umfpack,110,0.003956,true,0.0001
game,T10,ip_klu,110,0.000695,true,0.0001
game,T10,path,111,0.045179,true,0.0001
game,T10,ip_umfpack,111,0.004183,true,0.0001
game,T10,ip_klu,111,0.000742,true,0.0001
game,T10,path,112,0.051753,true,0.0001
game,T10,ip_umfpack,112,0.062151,true,0.0001
game,T10,ip_klu,112,0.00083,true,0.0001
game,T10,path,113,0.062473,true,0.0001
game,T10,ip_umfpack,113,0.004317,true,0.0001
game,T10,ip_klu,113,0.000816,true,0.0001
game,T10,path,114,0.063757,true,0.0001
game,T10,ip_umfpack,114,0.086109,true,0.0001
game,T10,ip_klu,114,0.000969,true,0.0001
game,T10,path,115,0.026861,true,0.0001
game,T10,ip_umfpack,115,0.004623,true,0.0001
game,T10,ip_klu,115,0.000809,true,0.0001
game,T10,path,116,0.040245,true,0.0001
game,T10,ip_umfpack,116,0.00436,true,0.0001
game,T10,ip_klu,116,0.000786,true,0.0001
game,T10,path,117,0.027749,true,0.0001
game,T10,ip_umfpack,117,0.003871,true,0.0001
game,T10,ip_klu,117,0.000722,true,0.0001
game,T10,path,118,0.036578,true,0.0001
game,T10,ip_umfpack,118,0.004299,true,0.0001
game,T10,ip_klu,118,0.000777,true,0.0001
game,T10,path,119,0.059409,true,0.0001
game,T10,ip_umfpack,119,0.004548,true,0.0001
game,T10,ip_klu,119,0.000807,true,0.0001
game,T10,path,120,0.072605,true,0.0001
game,T10,ip_umfpack,120,0.00494,true,0.0001
game,T10,ip_klu,120,0.000854,true,0.0001
game,T10,path,121,0.047604,true,0.0001
game,T10,ip_umfpack,121,0.004656,true,0.0001
game,T10,ip_klu,121,0.000839,true,0.0001
game,T10,path,122,0.05922,true,0.0001
game,T10,ip_umfpack,122,0.004203,true,0.0001
game,T10,ip_klu,122,0.000758,true,0.0001
game,T10,path,123,0.051124,true,0.0001
game,T10,ip_umfpack,123,0.004201,true,0.0001
game,T10,ip_klu,123,0.000753,true,0.0001
game,T10,path,124,0.052802,true,0.0001
game,T10,ip_umfpack,124,0.004394,true,0.0001
game,T10,ip_klu,124,0.000784,true,0.0001
game,T10,path,125,0.045209,true,0.0001
game,T10,ip_umfpack,125,0.005906,true,0.0001
game,T10,ip_klu,125,0.000986,true,0.0001
game,T10,path,126,0.0426,true,0.0001
game,T10,ip_umfpack,126,0.004136,true,0.0001
game,T10,ip_klu,126,0.000738,true,0.0001
game,T10,path,127,0.041751,true,0.0001
game,T10,ip_umfpack,127,0.003895,true,0.0001
game,T10,ip_klu,127,0.000697,true,0.0001
game,T10,path,128,0.028986,true,0.0001
game,T10,ip_umfpack,128,0.004379,true,0.0001
game,T10,ip_klu,128,0.000761,true,0.0001
game,T10,path,129,0.043205,true,0.0001
game,T10,ip_umfpack,129,0.004531,true,0.0001
game,T10,ip_klu,129,0.000791,true,0.0001
game,T10,path,130,0.028375,true,0.0001
game,T10,ip_umfpack,130,0.004458,true,0.0001
game,T10,ip_klu,130,0.000791,true,0.0001
game,T10,path,131,0.058136,true,0.0001
game,T10,ip_umfpack,131,0.004081,true,0.0001
game,T10,ip_klu,131,0.00072,true,0.0001
game,T10,path,132,0.064769,true,0.0001
game,T10,ip_umfpack,132,0.004257,true,0.0001
game,T10,ip_klu,132,0.000761,true,0.0001
game,T10,path,133,0.037913,true,0.0001
game,T10,ip_umfpack,133,0.00388,true,0.0001
game,T10,ip_klu,133,0.006391,true,0.0001
game,T10,path,134,0.018795,true,0.0001
game,T10,ip_umfpack,134,0.004309,true,0.0001
game,T10,ip_klu,134,0.000782,true,0.0001
game,T10,path,135,0.02803,true,0.0001
game,T10,ip_umfpack,135,0.00428,true,0.0001
game,T10,ip_klu,135,0.000772,true,0.0001
game,T10,path,136,0.053722,true,0.0001
game,T10,ip_umfpack,136,0.004962,true,0.0001
game,T10,ip_klu,136,0.000857,true,0.0001
game,T10,path,137,0.024078,true,0.0001
game,T10,ip_umfpack,137,0.004014,true,0.0001
game,T10,ip_klu,137,0.000738,true,0.0001
game,T10,path,138,0.053114,true,0.0001
game,T10,ip_umfpack,138,0.004265,true,0.0001
game,T10,ip_klu,138,0.000775,true,0.0001
game,T10,path,139,0.036943,true,0.0001
game,T10,ip_umfpack,139,0.003819,true,0.0001
game,T10,ip_klu,139,0.000708,true,0.0001
game,T10,path,140,0.032958,true,0.0001
game,T10,ip_umfpack,140,0.004221,true,0.0001
game,T10,ip_klu,140,0.000765,true,0.0001
game,T10,path,141,0.048947,true,0.0001
game,T10,ip_umfpack,141,0.004211,true,0.0001
game,T10,ip_klu,141,0.004503,true,0.0001
game,T10,path,142,0.059973,true,0.0001
game,T10,ip_umfpack,142,0.004328,true,0.0001
game,T10,ip_klu,142,0.000768,true,0.0001
game,T10,path,143,0.068394,true,0.0001
game,T10,ip_umfpack,143,0.004481,true,0.0001
game,T10,ip_klu,143,0.000786,true,0.0001
game,T10,path,144,0.041686,true,0.0001
game,T10,ip_umfpack,144,0.004318,true,0.0001
game,T10,ip_klu,144,0.000775,true,0.0001
game,T10,path,145,0.019593,true,0.0001
game,T10,ip_umfpack,145,0.004048,true,0.0001
game,T10,ip_klu,145,0.000735,true,0.0001
game,T10,path,146,0.127191,false,0.0001
game,T10,ip_umfpack,146,0.004486,true,0.0001
game,T10,ip_klu,146,0.000805,true,0.0001
game,T10,path,147,0.134779,false,0.0001
game,T10,ip_umfpack,147,0.009439,true,0.0001
game,T10,ip_klu,147,0.000937,true,0.0001
game,T10,path,148,0.067734,true,0.0001
game,T10,ip_umfpack,148,0.00491,true,0.0001
game,T10,ip_klu,148,0.000873,true,0.0001
game,T10,path,149,0.060228,true,0.0001
game,T10,ip_umfpack,149,0.004978,true,0.0001
game,T10,ip_klu,149,0.000914,true,0.0001
game,T10,path,150,0.008994,true,0.0001
game,T10,ip_umfpack,150,0.010855,true,0.0001
game,T10,ip_klu,150,0.001296,true,0.0001
game,T10,path,151,0.042799,true,0.0001
game,T10,ip_umfpack,151,0.004896,true,0.0001
game,T10,ip_klu,151,0.000789,true,0.0001
game,T10,path,152,0.038703,true,0.0001
game,T10,ip_umfpack,152,0.004421,true,0.0001
game,T10,ip_klu,152,0.000746,true,0.0001
game,T10,path,153,0.077515,true,0.0001
game,T10,ip_umfpack,153,0.004968,true,0.0001
game,T10,ip_klu,153,0.003327,true,0.0001
game,T10,path,154,0.035233,true,0.0001
game,T10,ip_umfpack,154,0.004257,true,0.0001
game,T10,ip_klu,154,0.000762,true,0.0001
game,T10,path,155,0.037994,true,0.0001
game,T10,ip_umfpack,155,0.004041,true,0.0001
game,T10,ip_klu,155,0.000721,true,0.0001
game,T10,path,156,0.028206,true,0.0001
game,T10,ip_umfpack,156,0.004027,true,0.0001
game,T10,ip_klu,156,0.000828,true,0.0001
game,T10,path,157,0.030275,true,0.0001
game,T10,ip_umfpack,157,0.007462,true,0.0001
game,T10,ip_klu,157,0.000847,true,0.0001
game,T10,path,158,0.023127,true,0.0001
game,T10,ip_umfpack,158,0.003982,true,0.0001
game,T10,ip_klu,158,0.00071,true,0.0001
game,T10,path,159,0.056096,true,0.0001
game,T10,ip_umfpack,159,0.00614,true,0.0001
game,T10,ip_klu,159,0.000746,true,0.0001
game,T10,path,160,0.027008,true,0.0001
game,T10,ip_umfpack,160,0.00421,true,0.0001
game,T10,ip_klu,160,0.000735,true,0.0001
game,T10,path,161,0.048345,true,0.0001
game,T10,ip_umfpack,161,0.004019,true,0.0001
game,T10,ip_klu,161,0.000722,true,0.0001
game,T10,path,162,0.046856,true,0.0001
game,T10,ip_umfpack,162,0.006871,true,0.0001
game,T10,ip_klu,162,0.000773,true,0.0001
game,T10,path,163,0.030042,true,0.0001
game,T10,ip_umfpack,163,0.004028,true,0.0001
game,T10,ip_klu,163,0.000712,true,0.0001
game,T10,path,164,0.014075,true,0.0001
game,T10,ip_umfpack,164,0.008645,true,0.0001
game,T10,ip_klu,164,0.00106,true,0.0001
game,T10,path,165,0.037336,true,0.0001
game,T10,ip_umfpack,165,0.003965,true,0.0001
game,T10,ip_klu,165,0.000716,true,0.0001
game,T10,path,166,0.035335,true,0.0001
game,T10,ip_umfpack,166,0.005132,true,0.0001
game,T10,ip_klu,166,0.000883,true,0.0001
game,T10,path,167,0.096005,true,0.0001
game,T10,ip_umfpack,167,0.008342,true,0.0001
game,T10,ip_klu,167,0.000966,true,0.0001
game,T10,path,168,0.033763,true,0.0001
game,T10,ip_umfpack,168,0.003989,true,0.0001
game,T10,ip_klu,168,0.000695,true,0.0001
game,T10,path,169,0.048906,true,0.0001
game,T10,ip_umfpack,169,0.006346,true,0.0001
game,T10,ip_klu,169,0.00074,true,0.0001
game,T10,path,170,0.043668,true,0.0001
game,T10,ip_umfpack,170,0.003746,true,0.0001
game,T10,ip_klu,170,0.000675,true,0.0001
game,T10,path,171,0.069137,true,0.0001
game,T10,ip_umfpack,171,0.004418,true,0.0001
game,T10,ip_klu,171,0.000763,true,0.0001
game,T10,path,172,0.031508,true,0.0001
game,T10,ip_umfpack,172,0.008682,true,0.0001
game,T10,ip_klu,172,0.001081,true,0.0001
game,T10,path,173,0.0468,true,0.0001
game,T10,ip_umfpack,173,0.004192,true,0.0001
game,T10,ip_klu,173,0.000732,true,0.0001
game,T10,path,174,0.012797,true,0.0001
game,T10,ip_umfpack,174,0.008706,true,0.0001
game,T10,ip_klu,174,0.00113,true,0.0001
game,T10,path,175,0.028562,true,0.0001
game,T10,ip_umfpack,175,0.003968,true,0.0001
game,T10,ip_klu,175,0.000698,true,0.0001
game,T10,path,176,0.048548,true,0.0001
game,T10,ip_umfpack,176,0.006095,true,0.0001
game,T10,ip_klu,176,0.000735,true,0.0001
game,T10,path,177,0.058977,true,0.0001
game,T10,ip_umfpack,177,0.004273,true,0.0001
game,T10,ip_klu,177,0.000746,true,0.0001
game,T10,path,178,0.018769,true,0.0001
game,T10,ip_umfpack,178,0.004026,true,0.0001
game,T10,ip_klu,178,0.00072,true,0.0001
game,T10,path,179,0.065332,true,0.0001
game,T10,ip_umfpack,179,0.007801,true,0.0001
game,T10,ip_klu,179,0.000871,true,0.0001
game,T10,path,180,0.044508,true,0.0001
game,T10,ip_umfpack,180,0.004854,true,0.0001
game,T10,ip_klu,180,0.000828,true,0.0001
game,T10,path,181,0.05097,true,0.0001
game,T10,ip_umfpack,181,0.008031,true,0.0001
game,T10,ip_klu,181,0.000966,true,0.0001
game,T10,path,182,0.056364,true,0.0001
game,T10,ip_umfpack,182,0.004438,true,0.0001
game,T10,ip_klu,182,0.000757,true,0.0001
game,T10,path,183,0.040724,true,0.0001
game,T10,ip_umfpack,183,0.006234,true,0.0001
game,T10,ip_klu,183,0.000745,true,0.0001
game,T10,path,184,0.035561,true,0.0001
game,T10,ip_umfpack,184,0.004443,true,0.0001
game,T10,ip_klu,184,0.000762,true,0.0001
game,T10,path,185,0.078085,true,0.0001
game,T10,ip_umfpack,185,0.005088,true,0.0001
game,T10,ip_klu,185,0.000869,true,0.0001
game,T10,path,186,0.040589,true,0.0001
game,T10,ip_umfpack,186,0.006353,true,0.0001
game,T10,ip_klu,186,0.000742,true,0.0001
game,T10,path,187,0.042629,true,0.0001
game,T10,ip_umfpack,187,0.003966,true,0.0001
game,T10,ip_klu,187,0.000705,true,0.0001
game,T10,path,188,0.047692,true,0.0001
game,T10,ip_umfpack,188,0.004006,true,0.0001
game,T10,ip_klu,188,0.002672,true,0.0001
game,T10,path,189,0.081823,true,0.0001
game,T10,ip_umfpack,189,0.004787,true,0.0001
game,T10,ip_klu,189,0.000832,true,0.0001
game,T10,path,190,0.031047,true,0.0001
game,T10,ip_umfpack,190,0.004295,true,0.0001
game,T10,ip_klu,190,0.000753,true,0.0001
game,T10,path,191,0.065559,true,0.0001
game,T10,ip_umfpack,191,0.007353,true,0.0001
game,T10,ip_klu,191,0.000754,true,0.0001
game,T10,path,192,0.067247,true,0.0001
game,T10,ip_umfpack,192,0.004473,true,0.0001
game,T10,ip_klu,192,0.000786,true,0.0001
game,T10,path,193,0.03682,true,0.0001
game,T10,ip_umfpack,193,0.003981,true,0.0001
game,T10,ip_klu,193,0.000727,true,0.0001
game,T10,path,194,0.028436,true,0.0001
game,T10,ip_umfpack,194,0.006771,true,0.0001
game,T10,ip_klu,194,0.000723,true,0.0001
game,T10,path,195,0.039767,true,0.0001
game,T10,ip_umfpack,195,0.004249,true,0.0001
game,T10,ip_klu,195,0.000757,true,0.0001
game,T10,path,196,0.050263,true,0.0001
game,T10,ip_umfpack,196,0.004475,true,0.0001
game,T10,ip_klu,196,0.003083,true,0.0001
game,T10,path,197,0.021149,true,0.0001
game,T10,ip_umfpack,197,0.006287,true,0.0001
game,T10,ip_klu,197,0.001014,true,0.0001
game,T10,path,198,0.016847,true,0.0001
game,T10,ip_umfpack,198,0.007762,true,0.0001
game,T10,ip_klu,198,0.000996,true,0.0001
game,T10,path,199,0.042017,true,0.0001
game,T10,ip_umfpack,199,0.004213,true,0.0001
game,T10,ip_klu,199,0.000728,true,0.0001
game,T10,path,200,0.02413,true,0.0001
game,T10,ip_umfpack,200,0.006243,true,0.0001
game,T10,ip_klu,200,0.001055,true,0.0001
game,T10,path,201,0.044725,true,0.0001
game,T10,ip_umfpack,201,0.004005,true,0.0001
game,T10,ip_klu,201,0.000705,true,0.0001
game,T10,path,202,0.025463,true,0.0001
game,T10,ip_umfpack,202,0.003991,true,0.0001
game,T10,ip_klu,202,0.000707,true,0.0001
game,T10,path,203,0.035713,true,0.0001
game,T10,ip_umfpack,203,0.006102,true,0.0001
game,T10,ip_klu,203,0.000742,true,0.0001
game,T10,path,204,0.04075,true,0.0001
game,T10,ip_umfpack,204,0.00536,true,0.0001
game,T10,ip_klu,204,0.000879,true,0.0001
game,T10,path,205,0.050476,true,0.0001
game,T10,ip_umfpack,205,0.004191,true,0.0001
game,T10,ip_klu,205,0.000756,true,0.0001
game,T10,path,206,0.053655,true,0.0001
game,T10,ip_umfpack,206,0.006264,true,0.0001
game,T10,ip_klu,206,0.000733,true,0.0001
game,T10,path,207,0.045914,true,0.0001
game,T10,ip_umfpack,207,0.004653,true,0.0001
game,T10,ip_klu,207,0.000791,true,0.0001
game,T10,path,208,0.036374,true,0.0001
game,T10,ip_umfpack,208,0.006181,true,0.0001
game,T10,ip_klu,208,0.000735,true,0.0001
game,T10,path,209,0.052394,true,0.0001
game,T10,ip_umfpack,209,0.004948,true,0.0001
game,T10,ip_klu,209,0.00082,true,0.0001
game,T10,path,210,0.062208,true,0.0001
game,T10,ip_umfpack,210,0.004228,true,0.0001
game,T10,ip_klu,210,0.000725,true,0.0001
game,T10,path,211,0.067957,true,0.0001
game,T10,ip_umfpack,211,0.011532,true,0.0001
game,T10,ip_klu,211,0.001472,true,0.0001
game,T10,path,212,0.051564,true,0.0001
game,T10,ip_umfpack,212,0.006085,true,0.0001
game,T10,ip_klu,212,0.000737,true,0.0001
game,T10,path,213,0.030784,true,0.0001
game,T10,ip_umfpack,213,0.003975,true,0.0001
game,T10,ip_klu,213,0.000702,true,0.0001
game,T10,path,214,0.049383,true,0.0001
game,T10,ip_umfpack,214,0.004205,true,0.0001
game,T10,ip_klu,214,0.000732,true,0.0001
game,T10,path,215,0.043916,true,0.0001
game,T10,ip_umfpack,215,0.009906,true,0.0001
game,T10,ip_klu,215,0.001269,true,0.0001
game,T10,path,216,0.110344,true,0.0001
game,T10,ip_umfpack,216,0.004405,true,0.0001
game,T10,ip_klu,216,0.000822,true,0.0001
game,T10,path,217,0.040057,true,0.0001
game,T10,ip_umfpack,217,0.008463,true,0.0001
game,T10,ip_klu,217,0.000947,true,0.0001
game,T10,path,218,0.01832,true,0.0001
game,T10,ip_umfpack,218,0.006386,true,0.0001
game,T10,ip_klu,218,0.000947,true,0.0001
game,T10,path,219,0.044167,true,0.0001
game,T10,ip_umfpack,219,0.003633,true,0.0001
game,T10,ip_klu,219,0.000724,true,0.0001
game,T10,path,220,0.044425,true,0.0001
game,T10,ip_umfpack,220,0.006817,true,0.0001
game,T10,ip_klu,220,0.000762,true,0.0001
game,T10,path,221,0.012673,true,0.0001
game,T10,ip_umfpack,221,0.006156,true,0.0001
game,T10,ip_klu,221,0.00099,true,0.0001
game,T10,path,222,0.026791,true,0.0001
game,T10,ip_umfpack,222,0.006151,true,0.0001
game,T10,ip_klu,222,0.000721,true,0.0001
game,T10,path,223,0.111675,true,0.0001
game,T10,ip_umfpack,223,0.004201,true,0.0001
game,T10,ip_klu,223,0.000732,true,0.0001
game,T10,path,224,0.055568,true,0.0001
game,T10,ip_umfpack,224,0.004447,true,0.0001
game,T10,ip_klu,224,0.000766,true,0.0001
game,T10,path,225,0.027631,true,0.0001
game,T10,ip_umfpack,225,0.006288,true,0.0001
game,T10,ip_klu,225,0.000719,true,0.0001
game,T10,path,226,0.053517,true,0.0001
game,T10,ip_umfpack,226,0.005079,true,0.0001
game,T10,ip_klu,226,0.000875,true,0.0001
game,T10,path,227,0.02716,true,0.0001
game,T10,ip_umfpack,227,0.006501,true,0.0001
game,T10,ip_klu,227,0.000733,true,0.0001
game,T10,path,228,0.027902,true,0.0001
game,T10,ip_umfpack,228,0.004208,true,0.0001
game,T10,ip_klu,228,0.000733,true,0.0001
game,T10,path,229,0.08633,true,0.0001
game,T10,ip_umfpack,229,0.00504,true,0.0001
game,T10,ip_klu,229,0.000966,true,0.0001
game,T10,path,230,0.042534,true,0.0001
game,T10,ip_umfpack,230,0.007223,true,0.0001
game,T10,ip_klu,230,0.000737,true,0.0001
game,T10,path,231,0.029858,true,0.0001
game,T10,ip_umfpack,231,0.004036,true,0.0001
game,T10,ip_klu,231,0.000728,true,0.0001
game,T10,path,232,0.03063,true,0.0001
game,T10,ip_umfpack,232,0.004049,true,0.0001
game,T10,ip_klu,232,0.002718,true,0.0001
game,T10,path,233,0.043974,true,0.0001
game,T10,ip_umfpack,233,0.004252,true,0.0001
game,T10,ip_klu,233,0.000752,true,0.0001
game,T10,path,234,0.011828,true,0.0001
game,T10,ip_umfpack,234,0.006461,true,0.0001
game,T10,ip_klu,234,0.00104,true,0.0001
game,T10,path,235,0.045084,true,0.0001
game,T10,ip_umfpack,235,0.006878,true,0.0001
game,T10,ip_klu,235,0.000747,true,0.0001
game,T10,path,236,0.055691,true,0.0001
game,T10,ip_umfpack,236,0.004185,true,0.0001
game,T10,ip_klu,236,0.000741,true,0.0001
game,T10,path,237,0.027522,true,0.0001
game,T10,ip_umfpack,237,0.003991,true,0.0001
game,T10,ip_klu,237,0.003348,true,0.0001
game,T10,path,238,0.054041,true,0.0001
game,T10,ip_umfpack,238,0.003554,true,0.0001
game,T10,ip_klu,238,0.000671,true,0.0001
game,T10,path,239,0.038008,true,0.0001
game,T10,ip_umfpack,239,0.005362,true,0.0001
game,T10,ip_klu,239,0.000897,true,0.0001
game,T10,path,240,0.077034,true,0.0001
game,T10,ip_umfpack,240,0.007937,true,0.0001
game,T10,ip_klu,240,0.000913,true,0.0001
game,T10,path,241,0.050642,true,0.0001
game,T10,ip_umfpack,241,0.004214,true,0.0001
game,T10,ip_klu,241,0.000738,true,0.0001
game,T10,path,242,0.040119,true,0.0001
game,T10,ip_umfpack,242,0.006275,true,0.0001
game,T10,ip_klu,242,0.00074,true,0.0001
game,T10,path,243,0.039174,true,0.0001
game,T10,ip_umfpack,243,0.004018,true,0.0001
game,T10,ip_klu,243,0.0007,true,0.0001
game,T10,path,244,0.021878,true,0.0001
game,T10,ip_umfpack,244,0.004432,true,0.0001
game,T10,ip_klu,244,0.000754,true,0.0001
game,T10,path,245,0.044193,true,0.0001
game,T10,ip_umfpack,245,0.006076,true,0.0001
game,T10,ip_klu,245,0.000708,true,0.0001
game,T10,path,246,0.020545,true,0.0001
game,T10,ip_umfpack,246,0.004635,true,0.0001
game,T10,ip_klu,246,0.000787,true,0.0001
game,T10,path,247,0.026871,true,0.0001
game,T10,ip_umfpack,247,0.004188,true,0.0001
game,T10,ip_klu,247,0.000765,true,0.0001
game,T10,path,248,0.05082,true,0.0001
game,T10,ip_umfpack,248,0.007674,true,0.0001
game,T10,ip_klu,248,0.000923,true,0.0001
game,T10,path,249,0.037032,true,0.0001
game,T10,ip_umfpack,249,0.003922,true,0.0001
game,T10,ip_klu,249,0.000694,true,0.0001
game,T10,path,250,0.12637,false,0.0001
game,T10,ip_umfpack,250,0.006291,true,0.0001
game,T10,ip_klu,250,0.000741,true,0.0001
game,T10,path,251,0.044228,true,0.0001
game,T10,ip_umfpack,251,0.004197,true,0.0001
game,T10,ip_klu,251,0.000732,true,0.0001
game,T10,path,252,0.032989,true,0.0001
game,T10,ip_umfpack,252,0.003987,true,0.0001
game,T10,ip_klu,252,0.000715,true,0.0001
game,T10,path,253,0.039577,true,0.0001
game,T10,ip_umfpack,253,0.006281,true,0.0001
game,T10,ip_klu,253,0.00073,true,0.0001
game,T10,path,254,0.063026,true,0.0001
game,T10,ip_umfpack,254,0.00541,true,0.0001
game,T10,ip_klu,254,0.000892,true,0.0001
game,T10,path,255,0.037704,true,0.0001
game,T10,ip_umfpack,255,0.006206,true,0.0001
game,T10,ip_klu,255,0.000686,true,0.0001
game,T10,path,256,0.076159,true,0.0001
game,T10,ip_umfpack,256,0.00423,true,0.0001
game,T10,ip_klu,256,0.000732,true,0.0001
game,T10,path,257,0.057133,true,0.0001
game,T10,ip_umfpack,257,0.003963,true,0.0001
game,T10,ip_klu,257,0.000708,true,0.0001
game,T10,path,258,0.029139,true,0.0001
game,T10,ip_umfpack,258,0.006557,true,0.0001
game,T10,ip_klu,258,0.000768,true,0.0001
game,T10,path,259,0.049086,true,0.0001
game,T10,ip_umfpack,259,0.004174,true,0.0001
game,T10,ip_klu,259,0.000733,true,0.0001
game,T10,path,260,0.029895,true,0.0001
game,T10,ip_umfpack,260,0.004243,true,0.0001
game,T10,ip_klu,260,0.001024,true,0.0001
game,T10,path,261,0.034457,true,0.0001
game,T10,ip_umfpack,261,0.004199,true,0.0001
game,T10,ip_klu,261,0.000741,true,0.0001
game,T10,path,262,0.039808,true,0.0001
game,T10,ip_umfpack,262,0.004226,true,0.0001
game,T10,ip_klu,262,0.000727,true,0.0001
game,T10,path,263,0.064046,true,0.0001
game,T10,ip_umfpack,263,0.007215,true,0.0001
game,T10,ip_klu,263,0.000868,true,0.0001
game,T10,path,264,0.041817,true,0.0001
game,T10,ip_umfpack,264,0.003969,true,0.0001
game,T10,ip_klu,264,0.000702,true,0.0001
game,T10,path,265,0.047677,true,0.0001
game,T10,ip_umfpack,265,0.003979,true,0.0001
game,T10,ip_klu,265,0.000716,true,0.0001
game,T10,path,266,0.051669,true,0.0001
game,T10,ip_umfpack,266,0.005482,true,0.0001
game,T10,ip_klu,266,0.000616,true,0.0001
game,T10,path,267,0.052293,true,0.0001
game,T10,ip_umfpack,267,0.005055,true,0.0001
game,T10,ip_klu,267,0.000856,true,0.0001
game,T10,path,268,0.034882,true,0.0001
game,T10,ip_umfpack,268,0.004186,true,0.0001
game,T10,ip_klu,268,0.002625,true,0.0001
game,T10,path,269,0.028307,true,0.0001
game,T10,ip_umfpack,269,0.004027,true,0.0001
game,T10,ip_klu,269,0.000712,true,0.0001
game,T10,path,270,0.0643,true,0.0001
game,T10,ip_umfpack,270,0.004382,true,0.0001
game,T10,ip_klu,270,0.000773,true,0.0001
game,T10,path,271,0.041368,true,0.0001
game,T10,ip_umfpack,271,0.007869,true,0.0001
game,T10,ip_klu,271,0.000736,true,0.0001
game,T10,path,272,0.042091,true,0.0001
game,T10,ip_umfpack,272,0.00435,true,0.0001
game,T10,ip_klu,272,0.000752,true,0.0001
game,T10,path,273,0.03354,true,0.0001
game,T10,ip_umfpack,273,0.004258,true,0.0001
game,T10,ip_klu,273,0.000764,true,0.0001
game,T10,path,274,0.043698,true,0.0001
game,T10,ip_umfpack,274,0.007063,true,0.0001
game,T10,ip_klu,274,0.000768,true,0.0001
game,T10,path,275,0.035366,true,0.0001
game,T10,ip_umfpack,275,0.003987,true,0.0001
game,T10,ip_klu,275,0.00071,true,0.0001
game,T10,path,276,0.058903,true,0.0001
game,T10,ip_umfpack,276,0.004196,true,0.0001
game,T10,ip_klu,276,0.000745,true,0.0001
game,T10,path,277,0.020702,true,0.0001
game,T10,ip_umfpack,277,0.008777,true,0.0001
game,T10,ip_klu,277,0.001061,true,0.0001
game,T10,path,278,0.06706,true,0.0001
game,T10,ip_umfpack,278,0.005355,true,0.0001
game,T10,ip_klu,278,0.00091,true,0.0001
game,T10,path,279,0.022017,true,0.0001
game,T10,ip_umfpack,279,0.006574,true,0.0001
game,T10,ip_klu,279,0.000753,true,0.0001
game,T10,path,280,0.075052,true,0.0001
game,T10,ip_umfpack,280,0.005746,true,0.0001
game,T10,ip_klu,280,0.000945,true,0.0001
game,T10,path,281,0.061716,true,0.0001
game,T10,ip_umfpack,281,0.006382,true,0.0001
game,T10,ip_klu,281,0.000743,true,0.0001
game,T10,path,282,0.021585,true,0.0001
game,T10,ip_umfpack,282,0.003962,true,0.0001
game,T10,ip_klu,282,0.000701,true,0.0001
game,T10,path,283,0.059933,true,0.0001
game,T10,ip_umfpack,283,0.004188,true,0.0001
game,T10,ip_klu,283,0.000749,true,0.0001
game,T10,path,284,0.03001,true,0.0001
game,T10,ip_umfpack,284,0.006373,true,0.0001
game,T10,ip_klu,284,0.000727,true,0.0001
game,T10,path,285,0.024924,true,0.0001
game,T10,ip_umfpack,285,0.004228,true,0.0001
game,T10,ip_klu,285,0.000736,true,0.0001
game,T10,path,286,0.025895,true,0.0001
game,T10,ip_umfpack,286,0.003549,true,0.0001
game,T10,ip_klu,286,0.000653,true,0.0001
game,T10,path,287,0.049344,true,0.0001
game,T10,ip_umfpack,287,0.004013,true,0.0001
game,T10,ip_klu,287,0.000704,true,0.0001
game,T10,path,288,0.045627,true,0.0001
game,T10,ip_umfpack,288,0.004178,true,0.0001
game,T10,ip_klu,288,0.000734,true,0.0001
game,T10,path,289,0.052875,true,0.0001
game,T10,ip_umfpack,289,0.006372,true,0.0001
game,T10,ip_klu,289,0.000769,true,0.0001
game,T10,path,290,0.021871,true,0.0001
game,T10,ip_umfpack,290,0.005519,true,0.0001
game,T10,ip_klu,290,0.000907,true,0.0001
game,T10,path,291,0.063448,true,0.0001
game,T10,ip_umfpack,291,0.004903,true,0.0001
game,T10,ip_klu,291,0.002738,true,0.0001
game,T10,path,292,0.02236,true,0.0001
game,T10,ip_umfpack,292,0.003989,true,0.0001
game,T10,ip_klu,292,0.000703,true,0.0001
game,T10,path,293,0.033601,true,0.0001
game,T10,ip_umfpack,293,0.004205,true,0.0001
game,T10,ip_klu,293,0.000721,true,0.0001
game,T10,path,294,0.113347,true,0.0001
game,T10,ip_umfpack,294,0.006914,true,0.0001
game,T10,ip_klu,294,0.000717,true,0.0001
game,T10,path,295,0.020888,true,0.0001
game,T10,ip_umfpack,295,0.004517,true,0.0001
game,T10,ip_klu,295,0.000781,true,0.0001
game,T10,path,296,0.023572,true,0.0001
game,T10,ip_umfpack,296,0.004,true,0.0001
game,T10,ip_klu,296,0.00071,true,0.0001
game,T10,path,297,0.021046,true,0.0001
game,T10,ip_umfpack,297,0.006443,true,0.0001
game,T10,ip_klu,297,0.000755,true,0.0001
game,T10,path,298,0.047927,true,0.0001
game,T10,ip_umfpack,298,0.004224,true,0.0001
game,T10,ip_klu,298,0.000741,true,0.0001
game,T10,path,299,0.032595,true,0.0001
game,T10,ip_umfpack,299,0.003987,true,0.0001
game,T10,ip_klu,299,0.000729,true,0.0001
game,T10,path,300,0.056824,true,0.0001
game,T10,ip_umfpack,300,0.006375,true,0.0001
game,T10,ip_klu,300,0.000734,true,0.0001
game,T10,path,301,0.034332,true,0.0001
game,T10,ip_umfpack,301,0.00422,true,0.0001
game,T10,ip_klu,301,0.000735,true,0.0001
game,T10,path,302,0.038772,true,0.0001
game,T10,ip_umfpack,302,0.005827,true,0.0001
game,T10,ip_klu,302,0.000706,true,0.0001
game,T10,path,303,0.061295,true,0.0001
game,T10,ip_umfpack,303,0.005372,true,0.0001
game,T10,ip_klu,303,0.0009,true,0.0001
game,T10,path,304,0.023037,true,0.0001
game,T10,ip_umfpack,304,0.003946,true,0.0001
game,T10,ip_klu,304,0.000714,true,0.0001
game,T10,path,305,0.06144,true,0.0001
game,T10,ip_umfpack,305,0.007405,true,0.0001
game,T10,ip_klu,305,0.000888,true,0.0001
game,T10,path,306,0.034888,true,0.0001
game,T10,ip_umfpack,306,0.004227,true,0.0001
game,T10,ip_klu,306,0.000727,true,0.0001
game,T10,path,307,0.026711,true,0.0001
game,T10,ip_umfpack,307,0.00641,true,0.0001
game,T10,ip_klu,307,0.000768,true,0.0001
game,T10,path,308,0.019705,true,0.0001
game,T10,ip_umfpack,308,0.005943,true,0.0001
game,T10,ip_klu,308,0.00096,true,0.0001
game,T10,path,309,0.037484,true,0.0001
game,T10,ip_umfpack,309,0.0042,true,0.0001
game,T10,ip_klu,309,0.002547,true,0.0001
game,T10,path,310,0.037088,true,0.0001
game,T10,ip_umfpack,310,0.004,true,0.0001
game,T10,ip_klu,310,0.000709,true,0.0001
game,T10,path,311,0.037815,true,0.0001
game,T10,ip_umfpack,311,0.004177,true,0.0001
game,T10,ip_klu,311,0.00074,true,0.0001
game,T10,path,312,0.087928,true,0.0001
game,T10,ip_umfpack,312,0.008641,true,0.0001
game,T10,ip_klu,312,0.000952,true,0.0001
game,T10,path,313,0.057096,true,0.0001
game,T10,ip_umfpack,313,0.004383,true,0.0001
game,T10,ip_klu,313,0.000778,true,0.0001
game,T10,path,314,0.027384,true,0.0001
game,T10,ip_umfpack,314,0.004092,true,0.0001
game,T10,ip_klu,314,0.000764,true,0.0001
game,T10,path,315,0.050969,true,0.0001
game,T10,ip_umfpack,315,0.008566,true,0.0001
game,T10,ip_klu,315,0.000856,true,0.0001
game,T10,path,316,0.045575,true,0.0001
game,T10,ip_umfpack,316,0.00424,true,0.0001
game,T10,ip_klu,316,0.00075,true,0.0001
game,T10,path,317,0.028337,true,0.0001
game,T10,ip_umfpack,317,0.006552,true,0.0001
game,T10,ip_klu,317,0.000721,true,0.0001
game,T10,path,318,0.023544,true,0.0001
game,T10,ip_umfpack,318,0.006656,true,0.0001
game,T10,ip_klu,318,0.001088,true,0.0001
game,T10,path,319,0.031633,true,0.0001
game,T10,ip_umfpack,319,0.006314,true,0.0001
game,T10,ip_klu,319,0.000744,true,0.0001
game,T10,path,320,0.041423,true,0.0001
game,T10,ip_umfpack,320,0.004241,true,0.0001
game,T10,ip_klu,320,0.000738,true,0.0001
game,T10,path,321,0.030109,true,0.0001
game,T10,ip_umfpack,321,0.004181,true,0.0001
game,T10,ip_klu,321,0.000733,true,0.0001
game,T10,path,322,0.042776,true,0.0001
game,T10,ip_umfpack,322,0.006349,true,0.0001
game,T10,ip_klu,322,0.000749,true,0.0001
game,T10,path,323,0.026475,true,0.0001
game,T10,ip_umfpack,323,0.003962,true,0.0001
game,T10,ip_klu,323,0.000697,true,0.0001
game,T10,path,324,0.138274,false,0.0001
game,T10,ip_umfpack,324,0.004,true,0.0001
game,T10,ip_klu,324,0.000707,true,0.0001
game,T10,path,325,0.042191,true,0.0001
game,T10,ip_umfpack,325,0.006655,true,0.0001
game,T10,ip_klu,325,0.000774,true,0.0001
game,T10,path,326,0.044467,true,0.0001
game,T10,ip_umfpack,326,0.004195,true,0.0001
game,T10,ip_klu,326,0.000727,true,0.0001
game,T10,path,327,0.041094,true,0.0001
game,T10,ip_umfpack,327,0.006256,true,0.0001
game,T10,ip_klu,327,0.000745,true,0.0001
game,T10,path,328,0.035416,true,0.0001
game,T10,ip_umfpack,328,0.00424,true,0.0001
game,T10,ip_klu,328,0.000738,true,0.0001
game,T10,path,329,0.037129,true,0.0001
game,T10,ip_umfpack,329,0.003983,true,0.0001
game,T10,ip_klu,329,0.000704,true,0.0001
game,T10,path,330,0.030763,true,0.0001
game,T10,ip_umfpack,330,0.006113,true,0.0001
game,T10,ip_klu,330,0.000707,true,0.0001
game,T10,path,331,0.039357,true,0.0001
game,T10,ip_umfpack,331,0.004198,true,0.0001
game,T10,ip_klu,331,0.000726,true,0.0001
game,T10,path,332,0.062618,true,0.0001
game,T10,ip_umfpack,332,0.005821,true,0.0001
game,T10,ip_klu,332,0.00291,true,0.0001
game,T10,path,333,0.024166,true,0.0001
game,T10,ip_umfpack,333,0.004024,true,0.0001
game,T10,ip_klu,333,0.00071,true,0.0001
game,T10,path,334,0.031552,true,0.0001
game,T10,ip_umfpack,334,0.004188,true,0.0001
game,T10,ip_klu,334,0.000734,true,0.0001
game,T10,path,335,0.036503,true,0.0001
game,T10,ip_umfpack,335,0.007787,true,0.0001
game,T10,ip_klu,335,0.000852,true,0.0001
game,T10,path,336,0.037154,true,0.0001
game,T10,ip_umfpack,336,0.004232,true,0.0001
game,T10,ip_klu,336,0.000742,true,0.0001
game,T10,path,337,0.043859,true,0.0001
game,T10,ip_umfpack,337,0.004007,true,0.0001
game,T10,ip_klu,337,0.000716,true,0.0001
game,T10,path,338,0.046076,true,0.0001
game,T10,ip_umfpack,338,0.006375,true,0.0001
game,T10,ip_klu,338,0.000751,true,0.0001
game,T10,path,339,0.136109,false,0.0001
game,T10,ip_umfpack,339,0.003993,true,0.0001
game,T10,ip_klu,339,0.000708,true,0.0001
game,T10,path,340,0.062775,true,0.0001
game,T10,ip_umfpack,340,0.007146,true,0.0001
game,T10,ip_klu,340,0.000848,true,0.0001
game,T10,path,341,0.020785,true,0.0001
game,T10,ip_umfpack,341,0.003993,true,0.0001
game,T10,ip_klu,341,0.000706,true,0.0001
game,T10,path,342,0.036588,true,0.0001
game,T10,ip_umfpack,342,0.004191,true,0.0001
game,T10,ip_klu,342,0.000746,true,0.0001
game,T10,path,343,0.029608,true,0.0001
game,T10,ip_umfpack,343,0.005802,true,0.0001
game,T10,ip_klu,343,0.000681,true,0.0001
game,T10,path,344,0.132058,false,0.0001
game,T10,ip_umfpack,344,0.005753,true,0.0001
game,T10,ip_klu,344,0.00095,true,0.0001
game,T10,path,345,0.049991,true,0.0001
game,T10,ip_umfpack,345,0.006722,true,0.0001
game,T10,ip_klu,345,0.000773,true,0.0001
game,T10,path,346,0.043866,true,0.0001
game,T10,ip_umfpack,346,0.003996,true,0.0001
game,T10,ip_klu,346,0.0007,true,0.0001
game,T10,path,347,0.023807,true,0.0001
game,T10,ip_umfpack,347,0.003954,true,0.0001
game,T10,ip_klu,347,0.000723,true,0.0001
game,T10,path,348,0.023811,true,0.0001
game,T10,ip_umfpack,348,0.006177,true,0.0001
game,T10,ip_klu,348,0.000741,true,0.0001
game,T10,path,349,0.130266,false,0.0001
game,T10,ip_umfpack,349,0.004628,true,0.0001
game,T10,ip_klu,349,0.000786,true,0.0001
game,T10,path,350,0.04515,true,0.0001
game,T10,ip_umfpack,350,0.008044,true,0.0001
game,T10,ip_klu,350,0.000783,true,0.0001
game,T10,path,351,0.055392,true,0.0001
game,T10,ip_umfpack,351,0.004392,true,0.0001
game,T10,ip_klu,351,0.000771,true,0.0001
game,T10,path,352,0.038297,true,0.0001
game,T10,ip_umfpack,352,0.004086,true,0.0001
game,T10,ip_klu,352,0.000746,true,0.0001
game,T10,path,353,0.077818,true,0.0001
game,T10,ip_umfpack,353,0.007328,true,0.0001
game,T10,ip_klu,353,0.000763,true,0.0001
game,T10,path,354,0.064263,true,0.0001
game,T10,ip_umfpack,354,0.005158,true,0.0001
game,T10,ip_klu,354,0.000868,true,0.0001
game,T10,path,355,0.054987,true,0.0001
game,T10,ip_umfpack,355,0.004319,true,0.0001
game,T10,ip_klu,355,0.003559,true,0.0001
game,T10,path,356,0.024237,true,0.0001
game,T10,ip_umfpack,356,0.004299,true,0.0001
game,T10,ip_klu,356,0.000762,true,0.0001
game,T10,path,357,0.054448,true,0.0001
game,T10,ip_umfpack,357,0.004273,true,0.0001
game,T10,ip_klu,357,0.000908,true,0.0001
game,T10,path,358,0.021415,true,0.0001
game,T10,ip_umfpack,358,0.006586,true,0.0001
game,T10,ip_klu,358,0.000753,true,0.0001
game,T10,path,359,0.040014,true,0.0001
game,T10,ip_umfpack,359,0.00399,true,0.0001
game,T10,ip_klu,359,0.000708,true,0.0001
game,T10,path,360,0.027558,true,0.0001
game,T10,ip_umfpack,360,0.004213,true,0.0001
game,T10,ip_klu,360,0.000731,true,0.0001
game,T10,path,361,0.047868,true,0.0001
game,T10,ip_umfpack,361,0.005952,true,0.0001
game,T10,ip_klu,361,0.000688,true,0.0001
game,T10,path,362,0.017517,true,0.0001
game,T10,ip_umfpack,362,0.005522,true,0.0001
game,T10,ip_klu,362,0.000909,true,0.0001
game,T10,path,363,0.036044,true,0.0001
game,T10,ip_umfpack,363,0.003986,true,0.0001
game,T10,ip_klu,363,0.002765,true,0.0001
game,T10,path,364,0.074249,true,0.0001
game,T10,ip_umfpack,364,0.004971,true,0.0001
game,T10,ip_klu,364,0.000822,true,0.0001
game,T10,path,365,0.050626,true,0.0001
game,T10,ip_umfpack,365,0.003957,true,0.0001
game,T10,ip_klu,365,0.000703,true,0.0001
game,T10,path,366,0.028517,true,0.0001
game,T10,ip_umfpack,366,0.006211,true,0.0001
game,T10,ip_klu,366,0.000746,true,0.0001
game,T10,path,367,0.035271,true,0.0001
game,T10,ip_umfpack,367,0.003971,true,0.0001
game,T10,ip_klu,367,0.000702,true,0.0001
game,T10,path,368,0.044561,true,0.0001
game,T10,ip_umfpack,368,0.003521,true,0.0001
game,T10,ip_klu,368,0.000644,true,0.0001
game,T10,path,369,0.008811,true,0.0001
game,T10,ip_umfpack,369,0.008831,true,0.0001
game,T10,ip_klu,369,0.001082,true,0.0001
game,T10,path,370,0.136116,false,0.0001
game,T10,ip_umfpack,370,0.004264,true,0.0001
game,T10,ip_klu,370,0.000746,true,0.0001
game,T10,path,371,0.029937,true,0.0001
game,T10,ip_umfpack,371,0.006362,true,0.0001
game,T10,ip_klu,371,0.00072,true,0.0001
game,T10,path,372,0.095792,true,0.0001
game,T10,ip_umfpack,372,0.004208,true,0.0001
game,T10,ip_klu,372,0.000734,true,0.0001
game,T10,path,373,0.02986,true,0.0001
game,T10,ip_umfpack,373,0.004232,true,0.0001
game,T10,ip_klu,373,0.002701,true,0.0001
game,T10,path,374,0.062271,true,0.0001
game,T10,ip_umfpack,374,0.004286,true,0.0001
game,T10,ip_klu,374,0.000744,true,0.0001
game,T10,path,375,0.034556,true,0.0001
game,T10,ip_umfpack,375,0.004175,true,0.0001
game,T10,ip_klu,375,0.00074,true,0.0001
game,T10,path,376,0.061178,true,0.0001
game,T10,ip_umfpack,376,0.007707,true,0.0001
game,T10,ip_klu,376,0.0009,true,0.0001
game,T10,path,377,0.069789,true,0.0001
game,T10,ip_umfpack,377,0.004444,true,0.0001
game,T10,ip_klu,377,0.000757,true,0.0001
game,T10,path,378,0.083299,true,0.0001
game,T10,ip_umfpack,378,0.007421,true,0.0001
game,T10,ip_klu,378,0.000768,true,0.0001
game,T10,path,379,0.08044,true,0.0001
game,T10,ip_umfpack,379,0.005081,true,0.0001
game,T10,ip_klu,379,0.000857,true,0.0001
game,T10,path,380,0.02093,true,0.0001
game,T10,ip_umfpack,380,0.006255,true,0.0001
game,T10,ip_klu,380,0.003304,true,0.0001
game,T10,path,381,0.040088,true,0.0001
game,T10,ip_umfpack,381,0.00427,true,0.0001
game,T10,ip_klu,381,0.000757,true,0.0001
game,T10,path,382,0.023834,true,0.0001
game,T10,ip_umfpack,382,0.004188,true,0.0001
game,T10,ip_klu,382,0.000728,true,0.0001
game,T10,path,383,0.038175,true,0.0001
game,T10,ip_umfpack,383,0.006307,true,0.0001
game,T10,ip_klu,383,0.00075,true,0.0001
game,T10,path,384,0.02359,true,0.0001
game,T10,ip_umfpack,384,0.004231,true,0.0001
game,T10,ip_klu,384,0.000734,true,0.0001
game,T10,path,385,0.027242,true,0.0001
game,T10,ip_umfpack,385,0.003993,true,0.0001
game,T10,ip_klu,385,0.0007,true,0.0001
game,T10,path,386,0.02365,true,0.0001
game,T10,ip_umfpack,386,0.006227,true,0.0001
game,T10,ip_klu,386,0.000752,true,0.0001
game,T10,path,387,0.096307,true,0.0001
game,T10,ip_umfpack,387,0.004903,true,0.0001
game,T10,ip_klu,387,0.00082,true,0.0001
game,T10,path,388,0.078549,true,0.0001
game,T10,ip_umfpack,388,0.007686,true,0.0001
game,T10,ip_klu,388,0.000808,true,0.0001
game,T10,path,389,0.059426,true,0.0001
game,T10,ip_umfpack,389,0.004347,true,0.0001
game,T10,ip_klu,389,0.000763,true,0.0001
game,T10,path,390,0.054546,true,0.0001
game,T10,ip_umfpack,390,0.00521,true,0.0001
game,T10,ip_klu,390,0.000897,true,0.0001
game,T10,path,391,0.04923,true,0.0001
game,T10,ip_umfpack,391,0.007333,true,0.0001
game,T10,ip_klu,391,0.000751,true,0.0001
game,T10,path,392,0.037744,true,0.0001
game,T10,ip_umfpack,392,0.004247,true,0.0001
game,T10,ip_klu,392,0.000775,true,0.0001
game,T10,path,393,0.068451,true,0.0001
game,T10,ip_umfpack,393,0.004258,true,0.0001
game,T10,ip_klu,393,0.003084,true,0.0001
game,T10,path,394,0.027606,true,0.0001
game,T10,ip_umfpack,394,0.004265,true,0.0001
game,T10,ip_klu,394,0.000746,true,0.0001
game,T10,path,395,0.031556,true,0.0001
game,T10,ip_umfpack,395,0.003979,true,0.0001
game,T10,ip_klu,395,0.000707,true,0.0001
game,T10,path,396,0.036029,true,0.0001
game,T10,ip_umfpack,396,0.00639,true,0.0001
game,T10,ip_klu,396,0.000744,true,0.0001
game,T10,path,397,0.020877,true,0.0001
game,T10,ip_umfpack,397,0.004206,true,0.0001
game,T10,ip_klu,397,0.000745,true,0.0001
game,T10,path,398,0.058271,true,0.0001
game,T10,ip_umfpack,398,0.005327,true,0.0001
game,T10,ip_klu,398,0.000903,true,0.0001
game,T10,path,399,0.04059,true,0.0001
game,T10,ip_umfpack,399,0.00643,true,0.0001
game,T10,ip_klu,399,0.000742,true,0.0001
game,T10,path,400,0.037226,true,0.0001
game,T10,ip_umfpack,400,0.004199,true,0.0001
game,T10,ip_klu,400,0.000732,true,0.0001
game,T10,path,401,0.040307,true,0.0001
game,T10,ip_umfpack,401,0.006042,true,0.0001
game,T10,ip_klu,401,0.000734,true,0.0001
game,T10,path,402,0.047265,true,0.0001
game,T10,ip_umfpack,402,0.004204,true,0.0001
game,T10,ip_klu,402,0.000729,true,0.0001
game,T10,path,403,0.065116,true,0.0001
game,T10,ip_umfpack,403,0.003729,true,0.0001
game,T10,ip_klu,403,0.000675,true,0.0001
game,T10,path,404,0.018711,true,0.0001
game,T10,ip_umfpack,404,0.00621,true,0.0001
game,T10,ip_klu,404,0.000712,true,0.0001
game,T10,path,405,0.034708,true,0.0001
game,T10,ip_umfpack,405,0.007278,true,0.0001
game,T10,ip_klu,405,0.001171,true,0.0001
game,T10,path,406,0.031445,true,0.0001
game,T10,ip_umfpack,406,0.005927,true,0.0001
game,T10,ip_klu,406,0.000714,true,0.0001
game,T10,path,407,0.01249,true,0.0001
game,T10,ip_umfpack,407,0.007818,true,0.0001
game,T10,ip_klu,407,0.001221,true,0.0001
game,T10,path,408,0.059666,true,0.0001
game,T10,ip_umfpack,408,0.007573,true,0.0001
game,T10,ip_klu,408,0.000773,true,0.0001
game,T10,path,409,0.041423,true,0.0001
game,T10,ip_umfpack,409,0.004519,true,0.0001
game,T10,ip_klu,409,0.000787,true,0.0001
game,T10,path,410,0.040842,true,0.0001
game,T10,ip_umfpack,410,0.004276,true,0.0001
game,T10,ip_klu,410,0.000758,true,0.0001
game,T10,path,411,0.082969,true,0.0001
game,T10,ip_umfpack,411,0.006973,true,0.0001
game,T10,ip_klu,411,0.000807,true,0.0001
game,T10,path,412,0.061405,true,0.0001
game,T10,ip_umfpack,412,0.004233,true,0.0001
game,T10,ip_klu,412,0.00074,true,0.0001
game,T10,path,413,0.013773,true,0.0001
game,T10,ip_umfpack,413,0.009937,true,0.0001
game,T10,ip_klu,413,0.00115,true,0.0001
game,T10,path,414,0.04622,true,0.0001
game,T10,ip_umfpack,414,0.004362,true,0.0001
game,T10,ip_klu,414,0.000803,true,0.0001
game,T10,path,415,0.028751,true,0.0001
game,T10,ip_umfpack,415,0.00422,true,0.0001
game,T10,ip_klu,415,0.000788,true,0.0001
game,T10,path,416,0.040631,true,0.0001
game,T10,ip_umfpack,416,0.008628,true,0.0001
game,T10,ip_klu,416,0.000927,true,0.0001
game,T10,path,417,0.041404,true,0.0001
game,T10,ip_umfpack,417,0.004196,true,0.0001
game,T10,ip_klu,417,0.000724,true,0.0001
game,T10,path,418,0.024087,true,0.0001
game,T10,ip_umfpack,418,0.004045,true,0.0001
game,T10,ip_klu,418,0.003216,true,0.0001
game,T10,path,419,0.048664,true,0.0001
game,T10,ip_umfpack,419,0.004317,true,0.0001
game,T10,ip_klu,419,0.000748,true,0.0001
game,T10,path,420,0.04181,true,0.0001
game,T10,ip_umfpack,420,0.003786,true,0.0001
game,T10,ip_klu,420,0.00067,true,0.0001
game,T10,path,421,0.04795,true,0.0001
game,T10,ip_umfpack,421,0.007686,true,0.0001
game,T10,ip_klu,421,0.000908,true,0.0001
game,T10,path,422,0.030702,true,0.0001
game,T10,ip_umfpack,422,0.0042,true,0.0001
game,T10,ip_klu,422,0.000726,true,0.0001
game,T10,path,423,0.065438,true,0.0001
game,T10,ip_umfpack,423,0.004877,true,0.0001
game,T10,ip_klu,423,0.002743,true,0.0001
game,T10,path,424,0.129116,false,0.0001
game,T10,ip_umfpack,424,0.003758,true,0.0001
game,T10,ip_klu,424,0.000683,true,0.0001
game,T10,path,425,0.01826,true,0.0001
game,T10,ip_umfpack,425,0.005719,true,0.0001
game,T10,ip_klu,425,0.000927,true,0.0001
game,T10,path,426,0.061799,true,0.0001
game,T10,ip_umfpack,426,0.007509,true,0.0001
game,T10,ip_klu,426,0.000879,true,0.0001
game,T10,path,427,0.016655,true,0.0001
game,T10,ip_umfpack,427,0.006226,true,0.0001
game,T10,ip_klu,427,0.001014,true,0.0001
game,T10,path,428,0.041611,true,0.0001
game,T10,ip_umfpack,428,0.006154,true,0.0001
game,T10,ip_klu,428,0.00072,true,0.0001
game,T10,path,429,0.036276,true,0.0001
game,T10,ip_umfpack,429,0.004669,true,0.0001
game,T10,ip_klu,429,0.000794,true,0.0001
game,T10,path,430,0.030632,true,0.0001
game,T10,ip_umfpack,430,0.004307,true,0.0001
game,T10,ip_klu,430,0.000778,true,0.0001
game,T10,path,431,0.055977,true,0.0001
game,T10,ip_umfpack,431,0.004309,true,0.0001
game,T10,ip_klu,431,0.000754,true,0.0001
game,T10,path,432,0.057271,true,0.0001
game,T10,ip_umfpack,432,0.005164,true,0.0001
game,T10,ip_klu,432,0.000866,true,0.0001
game,T10,path,433,0.061791,true,0.0001
game,T10,ip_umfpack,433,0.00746,true,0.0001
game,T10,ip_klu,433,0.000898,true,0.0001
game,T10,path,434,0.046594,true,0.0001
game,T10,ip_umfpack,434,0.004636,true,0.0001
game,T10,ip_klu,434,0.000843,true,0.0001
game,T10,path,435,0.036042,true,0.0001
game,T10,ip_umfpack,435,0.00617,true,0.0001
game,T10,ip_klu,435,0.000748,true,0.0001
game,T10,path,436,0.117004,true,0.0001
game,T10,ip_umfpack,436,0.004236,true,0.0001
game,T10,ip_klu,436,0.000738,true,0.0001
game,T10,path,437,0.027326,true,0.0001
game,T10,ip_umfpack,437,0.00425,true,0.0001
game,T10,ip_klu,437,0.000741,true,0.0001
game,T10,path,438,0.032338,true,0.0001
game,T10,ip_umfpack,438,0.006364,true,0.0001
game,T10,ip_klu,438,0.000719,true,0.0001
game,T10,path,439,0.036444,true,0.0001
game,T10,ip_umfpack,439,0.003959,true,0.0001
game,T10,ip_klu,439,0.000701,true,0.0001
game,T10,path,440,0.035242,true,0.0001
game,T10,ip_umfpack,440,0.004234,true,0.0001
game,T10,ip_klu,440,0.000741,true,0.0001
game,T10,path,441,0.041386,true,0.0001
game,T10,ip_umfpack,441,0.006475,true,0.0001
game,T10,ip_klu,441,0.000772,true,0.0001
game,T10,path,442,0.066381,true,0.0001
game,T10,ip_umfpack,442,0.004176,true,0.0001
game,T10,ip_klu,442,0.000745,true,0.0001
game,T10,path,443,0.119857,false,0.0001
game,T10,ip_umfpack,443,0.006319,true,0.0001
game,T10,ip_klu,443,0.000746,true,0.0001
game,T10,path,444,0.113919,true,0.0001
game,T10,ip_umfpack,444,0.004266,true,0.0001
game,T10,ip_klu,444,0.000749,true,0.0001
game,T10,path,445,0.022742,true,0.0001
game,T10,ip_umfpack,445,0.004017,true,0.0001
game,T10,ip_klu,445,0.000736,true,0.0001
game,T10,path,446,0.066379,true,0.0001
game,T10,ip_umfpack,446,0.007734,true,0.0001
game,T10,ip_klu,446,0.000864,true,0.0001
game,T10,path,447,0.039735,true,0.0001
game,T10,ip_umfpack,447,0.003539,true,0.0001
game,T10,ip_klu,447,0.000651,true,0.0001
game,T10,path,448,0.028425,true,0.0001
game,T10,ip_umfpack,448,0.006235,true,0.0001
game,T10,ip_klu,448,0.000736,true,0.0001
game,T10,path,449,0.025584,true,0.0001
game,T10,ip_umfpack,449,0.004242,true,0.0001
game,T10,ip_klu,449,0.000736,true,0.0001
game,T10,path,450,0.037078,true,0.0001
game,T10,ip_umfpack,450,0.004158,true,0.0001
game,T10,ip_klu,450,0.000728,true,0.0001
game,T10,path,451,0.04547,true,0.0001
game,T10,ip_umfpack,451,0.006091,true,0.0001
game,T10,ip_klu,451,0.000827,true,0.0001
game,T10,path,452,0.024456,true,0.0001
game,T10,ip_umfpack,452,0.004002,true,0.0001
game,T10,ip_klu,452,0.000705,true,0.0001
game,T10,path,453,0.066741,true,0.0001
game,T10,ip_umfpack,453,0.005374,true,0.0001
game,T10,ip_klu,453,0.0009,true,0.0001
game,T10,path,454,0.056334,true,0.0001
game,T10,ip_umfpack,454,0.006385,true,0.0001
game,T10,ip_klu,454,0.000742,true,0.0001
game,T10,path,455,0.051018,true,0.0001
game,T10,ip_umfpack,455,0.003945,true,0.0001
game,T10,ip_klu,455,0.000705,true,0.0001
game,T10,path,456,0.048481,true,0.0001
game,T10,ip_umfpack,456,0.006247,true,0.0001
game,T10,ip_klu,456,0.000741,true,0.0001
game,T10,path,457,0.022006,true,0.0001
game,T10,ip_umfpack,457,0.005138,true,0.0001
game,T10,ip_klu,457,0.000852,true,0.0001
game,T10,path,458,0.034818,true,0.0001
game,T10,ip_umfpack,458,0.004188,true,0.0001
game,T10,ip_klu,458,0.000752,true,0.0001
game,T10,path,459,0.030423,true,0.0001
game,T10,ip_umfpack,459,0.005957,true,0.0001
game,T10,ip_klu,459,0.000715,true,0.0001
game,T10,path,460,0.030395,true,0.0001
game,T10,ip_umfpack,460,0.003986,true,0.0001
game,T10,ip_klu,460,0.000698,true,0.0001
game,T10,path,461,0.040879,true,0.0001
game,T10,ip_umfpack,461,0.004921,true,0.0001
game,T10,ip_klu,461,0.002767,true,0.0001
game,T10,path,462,0.022668,true,0.0001
game,T10,ip_umfpack,462,0.004218,true,0.0001
game,T10,ip_klu,462,0.000731,true,0.0001
game,T10,path,463,0.040221,true,0.0001
game,T10,ip_umfpack,463,0.004426,true,0.0001
game,T10,ip_klu,463,0.000777,true,0.0001
game,T10,path,464,0.073422,true,0.0001
game,T10,ip_umfpack,464,0.007639,true,0.0001
game,T10,ip_klu,464,0.000757,true,0.0001
game,T10,path,465,0.066394,true,0.0001
game,T10,ip_umfpack,465,0.004746,true,0.0001
game,T10,ip_klu,465,0.000802,true,0.0001
game,T10,path,466,0.024495,true,0.0001
game,T10,ip_umfpack,466,0.004246,true,0.0001
game,T10,ip_klu,466,0.000763,true,0.0001
game,T10,path,467,0.052663,true,0.0001
game,T10,ip_umfpack,467,0.006956,true,0.0001
game,T10,ip_klu,467,0.000758,true,0.0001
game,T10,path,468,0.02867,true,0.0001
game,T10,ip_umfpack,468,0.004022,true,0.0001
game,T10,ip_klu,468,0.000738,true,0.0001
game,T10,path,469,0.041561,true,0.0001
game,T10,ip_umfpack,469,0.007091,true,0.0001
game,T10,ip_klu,469,0.000757,true,0.0001
game,T10,path,470,0.037203,true,0.0001
game,T10,ip_umfpack,470,0.00425,true,0.0001
game,T10,ip_klu,470,0.000744,true,0.0001
game,T10,path,471,0.037676,true,0.0001
game,T10,ip_umfpack,471,0.004001,true,0.0001
game,T10,ip_klu,471,0.000704,true,0.0001
game,T10,path,472,0.055453,true,0.0001
game,T10,ip_umfpack,472,0.006898,true,0.0001
game,T10,ip_klu,472,0.000827,true,0.0001
game,T10,path,473,0.123032,false,0.0001
game,T10,ip_umfpack,473,0.003967,true,0.0001
game,T10,ip_klu,473,0.000698,true,0.0001
game,T10,path,474,0.028667,true,0.0001
game,T10,ip_umfpack,474,0.004177,true,0.0001
game,T10,ip_klu,474,0.00075,true,0.0001
game,T10,path,475,0.048694,true,0.0001
game,T10,ip_umfpack,475,0.004253,true,0.0001
game,T10,ip_klu,475,0.000737,true,0.0001
game,T10,path,476,0.049797,true,0.0001
game,T10,ip_umfpack,476,0.003959,true,0.0001
game,T10,ip_klu,476,0.000703,true,0.0001
game,T10,path,477,0.034543,true,0.0001
game,T10,ip_umfpack,477,0.003763,true,0.0001
game,T10,ip_klu,477,0.002449,true,0.0001
game,T10,path,478,0.03233,true,0.0001
game,T10,ip_umfpack,478,0.004182,true,0.0001
game,T10,ip_klu,478,0.000731,true,0.0001
game,T10,path,479,0.034006,true,0.0001
game,T10,ip_umfpack,479,0.003934,true,0.0001
game,T10,ip_klu,479,0.000699,true,0.0001
game,T10,path,480,0.071562,true,0.0001
game,T10,ip_umfpack,480,0.007669,true,0.0001
game,T10,ip_klu,480,0.000924,true,0.0001
game,T10,path,481,0.037478,true,0.0001
game,T10,ip_umfpack,481,0.003997,true,0.0001
game,T10,ip_klu,481,0.000694,true,0.0001
game,T10,path,482,0.027236,true,0.0001
game,T10,ip_umfpack,482,0.003966,true,0.0001
game,T10,ip_klu,482,0.000716,true,0.0001
game,T10,path,483,0.029176,true,0.0001
game,T10,ip_umfpack,483,0.005801,true,0.0001
game,T10,ip_klu,483,0.000713,true,0.0001
game,T10,path,484,0.045293,true,0.0001
game,T10,ip_umfpack,484,0.004226,true,0.0001
game,T10,ip_klu,484,0.000739,true,0.0001
game,T10,path,485,0.056179,true,0.0001
game,T10,ip_umfpack,485,0.006497,true,0.0001
game,T10,ip_klu,485,0.000745,true,0.0001
game,T10,path,486,0.048742,true,0.0001
game,T10,ip_umfpack,486,0.004488,true,0.0001
game,T10,ip_klu,486,0.000769,true,0.0001
game,T10,path,487,0.043515,true,0.0001
game,T10,ip_umfpack,487,0.003738,true,0.0001
game,T10,ip_klu,487,0.000675,true,0.0001
game,T10,path,488,0.071672,true,0.0001
game,T10,ip_umfpack,488,0.006665,true,0.0001
game,T10,ip_klu,488,0.000769,true,0.0001
game,T10,path,489,0.03336,true,0.0001
game,T10,ip_umfpack,489,0.003948,true,0.0001
game,T10,ip_klu,489,0.000696,true,0.0001
game,T10,path,490,0.028749,true,0.0001
game,T10,ip_umfpack,490,0.003952,true,0.0001
game,T10,ip_klu,490,0.000699,true,0.0001
game,T10,path,491,0.016392,true,0.0001
game,T10,ip_umfpack,491,0.008236,true,0.0001
game,T10,ip_klu,491,0.001012,true,0.0001
game,T10,path,492,0.024715,true,0.0001
game,T10,ip_umfpack,492,0.004161,true,0.0001
game,T10,ip_klu,492,0.000732,true,0.0001
game,T10,path,493,0.04961,true,0.0001
game,T10,ip_umfpack,493,0.005929,true,0.0001
game,T10,ip_klu,493,0.000712,true,0.0001
game,T10,path,494,0.034241,true,0.0001
game,T10,ip_umfpack,494,0.00397,true,0.0001
game,T10,ip_klu,494,0.000719,true,0.0001
game,T10,path,495,0.03053,true,0.0001
game,T10,ip_umfpack,495,0.004194,true,0.0001
game,T10,ip_klu,495,0.000751,true,0.0001
game,T10,path,496,0.030158,true,0.0001
game,T10,ip_umfpack,496,0.005969,true,0.0001
game,T10,ip_klu,496,0.000704,true,0.0001
game,T10,path,497,0.052611,true,0.0001
game,T10,ip_umfpack,497,0.004881,true,0.0001
game,T10,ip_klu,497,0.00081,true,0.0001
game,T10,path,498,0.060228,true,0.0001
game,T10,ip_umfpack,498,0.00643,true,0.0001
game,T10,ip_klu,498,0.000775,true,0.0001
game,T10,path,499,0.026532,true,0.0001
game,T10,ip_umfpack,499,0.004393,true,0.0001
game,T10,ip_klu,499,0.000764,true,0.0001
game,T10,path,500,0.069507,true,0.0001
game,T10,ip_umfpack,500,0.005988,true,0.0001
game,T10,ip_klu,500,0.002807,true,0.0001
game,T10,path,501,0.063204,true,0.0001
game,T10,ip_umfpack,501,0.00425,true,0.0001
game,T10,ip_klu,501,0.000734,true,0.0001
game,T10,path,502,0.029823,true,0.0001
game,T10,ip_umfpack,502,0.003985,true,0.0001
game,T10,ip_klu,502,0.000707,true,0.0001
game,T10,path,503,0.037649,true,0.0001
game,T10,ip_umfpack,503,0.00601,true,0.0001
game,T10,ip_klu,503,0.000684,true,0.0001
game,T10,path,504,0.024287,true,0.0001
game,T10,ip_umfpack,504,0.003995,true,0.0001
game,T10,ip_klu,504,0.000701,true,0.0001
game,T10,path,505,0.022682,true,0.0001
game,T10,ip_umfpack,505,0.005811,true,0.0001
game,T10,ip_klu,505,0.000988,true,0.0001
game,T10,path,506,0.043089,true,0.0001
game,T10,ip_umfpack,506,0.006919,true,0.0001
game,T10,ip_klu,506,0.00078,true,0.0001
game,T10,path,507,0.052734,true,0.0001
game,T10,ip_umfpack,507,0.004424,true,0.0001
game,T10,ip_klu,507,0.000758,true,0.0001
game,T10,path,508,0.014448,true,0.0001
game,T10,ip_umfpack,508,0.008982,true,0.0001
game,T10,ip_klu,508,0.001111,true,0.0001
game,T10,path,509,0.046428,true,0.0001
game,T10,ip_umfpack,509,0.004189,true,0.0001
game,T10,ip_klu,509,0.000733,true,0.0001
game,T10,path,510,0.052158,true,0.0001
game,T10,ip_umfpack,510,0.007347,true,0.0001
game,T10,ip_klu,510,0.00078,true,0.0001
game,T10,path,511,0.059404,true,0.0001
game,T10,ip_umfpack,511,0.00428,true,0.0001
game,T10,ip_klu,511,0.000768,true,0.0001
game,T10,path,512,0.038819,true,0.0001
game,T10,ip_umfpack,512,0.004225,true,0.0001
game,T10,ip_klu,512,0.000752,true,0.0001
game,T10,path,513,0.014403,true,0.0001
game,T10,ip_umfpack,513,0.007872,true,0.0001
game,T10,ip_klu,513,0.000931,true,0.0001
game,T10,path,514,0.025776,true,0.0001
game,T10,ip_umfpack,514,0.003928,true,0.0001
game,T10,ip_klu,514,0.0007,true,0.0001
game,T10,path,515,0.075256,true,0.0001
game,T10,ip_umfpack,515,0.004196,true,0.0001
game,T10,ip_klu,515,0.00267,true,0.0001
game,T10,path,516,0.066604,true,0.0001
game,T10,ip_umfpack,516,0.004225,true,0.0001
game,T10,ip_klu,516,0.000752,true,0.0001
game,T10,path,517,0.054614,true,0.0001
game,T10,ip_umfpack,517,0.004218,true,0.0001
game,T10,ip_klu,517,0.000754,true,0.0001
game,T10,path,518,0.054183,true,0.0001
game,T10,ip_umfpack,518,0.006186,true,0.0001
game,T10,ip_klu,518,0.00071,true,0.0001
game,T10,path,519,0.030014,true,0.0001
game,T10,ip_umfpack,519,0.004398,true,0.0001
game,T10,ip_klu,519,0.000765,true,0.0001
game,T10,path,520,0.029237,true,0.0001
game,T10,ip_umfpack,520,0.003961,true,0.0001
game,T10,ip_klu,520,0.000714,true,0.0001
game,T10,path,521,0.044564,true,0.0001
game,T10,ip_umfpack,521,0.00579,true,0.0001
game,T10,ip_klu,521,0.000719,true,0.0001
game,T10,path,522,0.04547,true,0.0001
game,T10,ip_umfpack,522,0.004437,true,0.0001
game,T10,ip_klu,522,0.000759,true,0.0001
game,T10,path,523,0.06056,true,0.0001
game,T10,ip_umfpack,523,0.00418,true,0.0001
game,T10,ip_klu,523,0.000737,true,0.0001
game,T10,path,524,0.024048,true,0.0001
game,T10,ip_umfpack,524,0.004025,true,0.0001
game,T10,ip_klu,524,0.000707,true,0.0001
game,T10,path,525,0.0595,true,0.0001
game,T10,ip_umfpack,525,0.004683,true,0.0001
game,T10,ip_klu,525,0.000792,true,0.0001
game,T10,path,526,0.049919,true,0.0001
game,T10,ip_umfpack,526,0.006888,true,0.0001
game,T10,ip_klu,526,0.000782,true,0.0001
game,T10,path,527,0.0371,true,0.0001
game,T10,ip_umfpack,527,0.004009,true,0.0001
game,T10,ip_klu,527,0.000711,true,0.0001
game,T10,path,528,0.04212,true,0.0001
game,T10,ip_umfpack,528,0.005319,true,0.0001
game,T10,ip_klu,528,0.000925,true,0.0001
game,T10,path,529,0.045313,true,0.0001
game,T10,ip_umfpack,529,0.004003,true,0.0001
game,T10,ip_klu,529,0.000705,true,0.0001
game,T10,path,530,0.024379,true,0.0001
game,T10,ip_umfpack,530,0.003953,true,0.0001
game,T10,ip_klu,530,0.000706,true,0.0001
game,T10,path,531,0.059605,true,0.0001
game,T10,ip_umfpack,531,0.006312,true,0.0001
game,T10,ip_klu,531,0.000747,true,0.0001
game,T10,path,532,0.019546,true,0.0001
game,T10,ip_umfpack,532,0.00401,true,0.0001
game,T10,ip_klu,532,0.000692,true,0.0001
game,T10,path,533,0.080282,true,0.0001
game,T10,ip_umfpack,533,0.004231,true,0.0001
game,T10,ip_klu,533,0.000733,true,0.0001
game,T10,path,534,0.030929,true,0.0001
game,T10,ip_umfpack,534,0.006459,true,0.0001
game,T10,ip_klu,534,0.000732,true,0.0001
game,T10,path,535,0.049252,true,0.0001
game,T10,ip_umfpack,535,0.00423,true,0.0001
game,T10,ip_klu,535,0.000736,true,0.0001
game,T10,path,536,0.038243,true,0.0001
game,T10,ip_umfpack,536,0.003829,true,0.0001
game,T10,ip_klu,536,0.000682,true,0.0001
game,T10,path,537,0.034883,true,0.0001
game,T10,ip_umfpack,537,0.006388,true,0.0001
game,T10,ip_klu,537,0.000745,true,0.0001
game,T10,path,538,0.02112,true,0.0001
game,T10,ip_umfpack,538,0.004393,true,0.0001
game,T10,ip_klu,538,0.000756,true,0.0001
game,T10,path,539,0.127442,false,0.0001
game,T10,ip_umfpack,539,0.006769,true,0.0001
game,T10,ip_klu,539,0.000769,true,0.0001
game,T10,path,540,0.029505,true,0.0001
game,T10,ip_umfpack,540,0.003977,true,0.0001
game,T10,ip_klu,540,0.000703,true,0.0001
game,T10,path,541,0.035105,true,0.0001
game,T10,ip_umfpack,541,0.004675,true,0.0001
game,T10,ip_klu,541,0.000814,true,0.0001
game,T10,path,542,0.043055,true,0.0001
game,T10,ip_umfpack,542,0.005993,true,0.0001
game,T10,ip_klu,542,0.00071,true,0.0001
game,T10,path,543,0.027427,true,0.0001
game,T10,ip_umfpack,543,0.003752,true,0.0001
game,T10,ip_klu,543,0.000671,true,0.0001
game,T10,path,544,0.028409,true,0.0001
game,T10,ip_umfpack,544,0.00397,true,0.0001
game,T10,ip_klu,544,0.000708,true,0.0001
game,T10,path,545,0.039093,true,0.0001
game,T10,ip_umfpack,545,0.006714,true,0.0001
game,T10,ip_klu,545,0.00072,true,0.0001
game,T10,path,546,0.0419,true,0.0001
game,T10,ip_umfpack,546,0.004256,true,0.0001
game,T10,ip_klu,546,0.000746,true,0.0001
game,T10,path,547,0.026944,true,0.0001
game,T10,ip_umfpack,547,0.004018,true,0.0001
game,T10,ip_klu,547,0.00269,true,0.0001
game,T10,path,548,0.027647,true,0.0001
game,T10,ip_umfpack,548,0.004226,true,0.0001
game,T10,ip_klu,548,0.000743,true,0.0001
game,T10,path,549,0.042846,true,0.0001
game,T10,ip_umfpack,549,0.004184,true,0.0001
game,T10,ip_klu,549,0.000739,true,0.0001
game,T10,path,550,0.037324,true,0.0001
game,T10,ip_umfpack,550,0.006009,true,0.0001
game,T10,ip_klu,550,0.000706,true,0.0001
game,T10,path,551,0.033862,true,0.0001
game,T10,ip_umfpack,551,0.004407,true,0.0001
game,T10,ip_klu,551,0.000765,true,0.0001
game,T10,path,552,0.073805,true,0.0001
game,T10,ip_umfpack,552,0.004561,true,0.0001
game,T10,ip_klu,552,0.000824,true,0.0001
game,T10,path,553,0.029824,true,0.0001
game,T10,ip_umfpack,553,0.007831,true,0.0001
game,T10,ip_klu,553,0.000754,true,0.0001
game,T10,path,554,0.045046,true,0.0001
game,T10,ip_umfpack,554,0.004292,true,0.0001
game,T10,ip_klu,554,0.000972,true,0.0001
game,T10,path,555,0.061211,true,0.0001
game,T10,ip_umfpack,555,0.005003,true,0.0001
game,T10,ip_klu,555,0.003353,true,0.0001
game,T10,path,556,0.061566,true,0.0001
game,T10,ip_umfpack,556,0.00429,true,0.0001
game,T10,ip_klu,556,0.000745,true,0.0001
game,T10,path,557,0.058014,true,0.0001
game,T10,ip_umfpack,557,0.003997,true,0.0001
game,T10,ip_klu,557,0.00071,true,0.0001
game,T10,path,558,0.024007,true,0.0001
game,T10,ip_umfpack,558,0.007063,true,0.0001
game,T10,ip_klu,558,0.000815,true,0.0001
game,T10,path,559,0.052418,true,0.0001
game,T10,ip_umfpack,559,0.00421,true,0.0001
game,T10,ip_klu,559,0.000738,true,0.0001
game,T10,path,560,0.062174,true,0.0001
game,T10,ip_umfpack,560,0.004185,true,0.0001
game,T10,ip_klu,560,0.000749,true,0.0001
game,T10,path,561,0.073669,true,0.0001
game,T10,ip_umfpack,561,0.006433,true,0.0001
game,T10,ip_klu,561,0.000736,true,0.0001
game,T10,path,562,0.031277,true,0.0001
game,T10,ip_umfpack,562,0.00398,true,0.0001
game,T10,ip_klu,562,0.000709,true,0.0001
game,T10,path,563,0.027495,true,0.0001
game,T10,ip_umfpack,563,0.003974,true,0.0001
game,T10,ip_klu,563,0.002574,true,0.0001
game,T10,path,564,0.032694,true,0.0001
game,T10,ip_umfpack,564,0.004197,true,0.0001
game,T10,ip_klu,564,0.000737,true,0.0001
game,T10,path,565,0.047385,true,0.0001
game,T10,ip_umfpack,565,0.004242,true,0.0001
game,T10,ip_klu,565,0.000744,true,0.0001
game,T10,path,566,0.059614,true,0.0001
game,T10,ip_umfpack,566,0.006923,true,0.0001
game,T10,ip_klu,566,0.000743,true,0.0001
game,T10,path,567,0.015359,true,0.0001
game,T10,ip_umfpack,567,0.006852,true,0.0001
game,T10,ip_klu,567,0.001102,true,0.0001
game,T10,path,568,0.043448,true,0.0001
game,T10,ip_umfpack,568,0.006341,true,0.0001
game,T10,ip_klu,568,0.000745,true,0.0001
game,T10,path,569,0.045133,true,0.0001
game,T10,ip_umfpack,569,0.004232,true,0.0001
game,T10,ip_klu,569,0.000735,true,0.0001
game,T10,path,570,0.050137,true,0.0001
game,T10,ip_umfpack,570,0.004428,true,0.0001
game,T10,ip_klu,570,0.000768,true,0.0001
game,T10,path,571,0.013641,true,0.0001
game,T10,ip_umfpack,571,0.00847,true,0.0001
game,T10,ip_klu,571,0.001061,true,0.0001
game,T10,path,572,0.0498,true,0.0001
game,T10,ip_umfpack,572,0.004186,true,0.0001
game,T10,ip_klu,572,0.000731,true,0.0001
game,T10,path,573,0.047106,true,0.0001
game,T10,ip_umfpack,573,0.006334,true,0.0001
game,T10,ip_klu,573,0.000749,true,0.0001
game,T10,path,574,0.027732,true,0.0001
game,T10,ip_umfpack,574,0.003755,true,0.0001
game,T10,ip_klu,574,0.000667,true,0.0001
game,T10,path,575,0.035145,true,0.0001
game,T10,ip_umfpack,575,0.004203,true,0.0001
game,T10,ip_klu,575,0.000731,true,0.0001
game,T10,path,576,0.137352,true,0.0001
game,T10,ip_umfpack,576,0.004128,true,0.0001
game,T10,ip_klu,576,0.000747,true,0.0001
game,T10,path,577,0.036705,true,0.0001
game,T10,ip_umfpack,577,0.003378,true,0.0001
game,T10,ip_klu,577,0.000625,true,0.0001
game,T10,path,578,0.037074,true,0.0001
game,T10,ip_umfpack,578,0.004309,true,0.0001
game,T10,ip_klu,578,0.003009,true,0.0001
game,T10,path,579,0.047478,true,0.0001
game,T10,ip_umfpack,579,0.005387,true,0.0001
game,T10,ip_klu,579,0.000898,true,0.0001
game,T10,path,580,0.017275,true,0.0001
game,T10,ip_umfpack,580,0.005769,true,0.0001
game,T10,ip_klu,580,0.000989,true,0.0001
game,T10,path,581,0.045871,true,0.0001
game,T10,ip_umfpack,581,0.004231,true,0.0001
game,T10,ip_klu,581,0.000746,true,0.0001
game,T10,path,582,0.051442,true,0.0001
game,T10,ip_umfpack,582,0.004448,true,0.0001
game,T10,ip_klu,582,0.000756,true,0.0001
game,T10,path,583,0.021174,true,0.0001
game,T10,ip_umfpack,583,0.00838,true,0.0001
game,T10,ip_klu,583,0.001044,true,0.0001
game,T10,path,584,0.041642,true,0.0001
game,T10,ip_umfpack,584,0.004205,true,0.0001
game,T10,ip_klu,584,0.00073,true,0.0001
game,T10,path,585,0.054063,true,0.0001
game,T10,ip_umfpack,585,0.006818,true,0.0001
game,T10,ip_klu,585,0.000751,true,0.0001
game,T10,path,586,0.034331,true,0.0001
game,T10,ip_umfpack,586,0.003871,true,0.0001
game,T10,ip_klu,586,0.000689,true,0.0001
game,T10,path,587,0.080461,true,0.0001
game,T10,ip_umfpack,587,0.00538,true,0.0001
game,T10,ip_klu,587,0.000891,true,0.0001
game,T10,path,588,0.043343,true,0.0001
game,T10,ip_umfpack,588,0.006524,true,0.0001
game,T10,ip_klu,588,0.000755,true,0.0001
game,T10,path,589,0.042085,true,0.0001
game,T10,ip_umfpack,589,0.004211,true,0.0001
game,T10,ip_klu,589,0.000734,true,0.0001
game,T10,path,590,0.012312,true,0.0001
game,T10,ip_umfpack,590,0.007792,true,0.0001
game,T10,ip_klu,590,0.000962,true,0.0001
game,T10,path,591,0.045762,true,0.0001
game,T10,ip_umfpack,591,0.00401,true,0.0001
game,T10,ip_klu,591,0.000697,true,0.0001
game,T10,path,592,0.055855,true,0.0001
game,T10,ip_umfpack,592,0.005312,true,0.0001
game,T10,ip_klu,592,0.000937,true,0.0001
game,T10,path,593,0.052174,true,0.0001
game,T10,ip_umfpack,593,0.008349,true,0.0001
game,T10,ip_klu,593,0.00081,true,0.0001
game,T10,path,594,0.062136,true,0.0001
game,T10,ip_umfpack,594,0.00432,true,0.0001
game,T10,ip_klu,594,0.000762,true,0.0001
game,T10,path,595,0.045993,true,0.0001
game,T10,ip_umfpack,595,0.007348,true,0.0001
game,T10,ip_klu,595,0.000813,true,0.0001
game,T10,path,596,0.044455,true,0.0001
game,T10,ip_umfpack,596,0.004269,true,0.0001
game,T10,ip_klu,596,0.000753,true,0.0001
game,T10,path,597,0.07247,true,0.0001
game,T10,ip_umfpack,597,0.00537,true,0.0001
game,T10,ip_klu,597,0.000925,true,0.0001
game,T10,path,598,0.079172,true,0.0001
game,T10,ip_umfpack,598,0.007737,true,0.0001
game,T10,ip_klu,598,0.000898,true,0.0001
game,T10,path,599,0.041994,true,0.0001
game,T10,ip_umfpack,599,0.00445,true,0.0001
game,T10,ip_klu,599,0.000756,true,0.0001
game,T10,path,600,0.03579,true,0.0001
game,T10,ip_umfpack,600,0.006802,true,0.0001
game,T10,ip_klu,600,0.000806,true,0.0001
game,T10,path,601,0.071213,true,0.0001
game,T10,ip_umfpack,601,0.004619,true,0.0001
game,T10,ip_klu,601,0.000796,true,0.0001
game,T10,path,602,0.044181,true,0.0001
game,T10,ip_umfpack,602,0.004321,true,0.0001
game,T10,ip_klu,602,0.003369,true,0.0001
game,T10,path,603,0.037854,true,0.0001
game,T10,ip_umfpack,603,0.00478,true,0.0001
game,T10,ip_klu,603,0.000812,true,0.0001
game,T10,path,604,0.040833,true,0.0001
game,T10,ip_umfpack,604,0.004248,true,0.0001
game,T10,ip_klu,604,0.000729,true,0.0001
game,T10,path,605,0.064648,true,0.0001
game,T10,ip_umfpack,605,0.00762,true,0.0001
game,T10,ip_klu,605,0.000898,true,0.0001
game,T10,path,606,0.059054,true,0.0001
game,T10,ip_umfpack,606,0.004222,true,0.0001
game,T10,ip_klu,606,0.000729,true,0.0001
game,T10,path,607,0.050332,true,0.0001
game,T10,ip_umfpack,607,0.004238,true,0.0001
game,T10,ip_klu,607,0.002679,true,0.0001
game,T10,path,608,0.045516,true,0.0001
game,T10,ip_umfpack,608,0.00422,true,0.0001
game,T10,ip_klu,608,0.000728,true,0.0001
game,T10,path,609,0.042443,true,0.0001
game,T10,ip_umfpack,609,0.004199,true,0.0001
game,T10,ip_klu,609,0.000728,true,0.0001
game,T10,path,610,0.045915,true,0.0001
game,T10,ip_umfpack,610,0.006313,true,0.0001
game,T10,ip_klu,610,0.000742,true,0.0001
game,T10,path,611,0.049926,true,0.0001
game,T10,ip_umfpack,611,0.003985,true,0.0001
game,T10,ip_klu,611,0.000698,true,0.0001
game,T10,path,612,0.050564,true,0.0001
game,T10,ip_umfpack,612,0.004435,true,0.0001
game,T10,ip_klu,612,0.000764,true,0.0001
game,T10,path,613,0.034291,true,0.0001
game,T10,ip_umfpack,613,0.006594,true,0.0001
game,T10,ip_klu,613,0.000773,true,0.0001
game,T10,path,614,0.051533,true,0.0001
game,T10,ip_umfpack,614,0.004421,true,0.0001
game,T10,ip_klu,614,0.000764,true,0.0001
game,T10,path,615,0.024492,true,0.0001
game,T10,ip_umfpack,615,0.004018,true,0.0001
game,T10,ip_klu,615,0.002571,true,0.0001
game,T10,path,616,0.058326,true,0.0001
game,T10,ip_umfpack,616,0.004259,true,0.0001
game,T10,ip_klu,616,0.000734,true,0.0001
game,T10,path,617,0.045692,true,0.0001
game,T10,ip_umfpack,617,0.004187,true,0.0001
game,T10,ip_klu,617,0.000728,true,0.0001
game,T10,path,618,0.066814,true,0.0001
game,T10,ip_umfpack,618,0.006418,true,0.0001
game,T10,ip_klu,618,0.000744,true,0.0001
game,T10,path,619,0.051387,true,0.0001
game,T10,ip_umfpack,619,0.0042,true,0.0001
game,T10,ip_klu,619,0.000731,true,0.0001
game,T10,path,620,0.050892,true,0.0001
game,T10,ip_umfpack,620,0.004664,true,0.0001
game,T10,ip_klu,620,0.000817,true,0.0001
game,T10,path,621,0.068307,true,0.0001
game,T10,ip_umfpack,621,0.003811,true,0.0001
game,T10,ip_klu,621,0.00069,true,0.0001
game,T10,path,622,0.029132,true,0.0001
game,T10,ip_umfpack,622,0.004237,true,0.0001
game,T10,ip_klu,622,0.000744,true,0.0001
game,T10,path,623,0.028409,true,0.0001
game,T10,ip_umfpack,623,0.004247,true,0.0001
game,T10,ip_klu,623,0.002732,true,0.0001
game,T10,path,624,0.127894,false,0.0001
game,T10,ip_umfpack,624,0.005453,true,0.0001
game,T10,ip_klu,624,0.000884,true,0.0001
game,T10,path,625,0.026716,true,0.0001
game,T10,ip_umfpack,625,0.004222,true,0.0001
game,T10,ip_klu,625,0.000759,true,0.0001
game,T10,path,626,0.041321,true,0.0001
game,T10,ip_umfpack,626,0.006788,true,0.0001
game,T10,ip_klu,626,0.000748,true,0.0001
game,T10,path,627,0.036125,true,0.0001
game,T10,ip_umfpack,627,0.004176,true,0.0001
game,T10,ip_klu,627,0.00074,true,0.0001
game,T10,path,628,0.03077,true,0.0001
game,T10,ip_umfpack,628,0.004008,true,0.0001
game,T10,ip_klu,628,0.00288,true,0.0001
game,T10,path,629,0.119025,false,0.0001
game,T10,ip_umfpack,629,0.004912,true,0.0001
game,T10,ip_klu,629,0.000857,true,0.0001
game,T10,path,630,0.056642,true,0.0001
game,T10,ip_umfpack,630,0.005269,true,0.0001
game,T10,ip_klu,630,0.000909,true,0.0001
game,T10,path,631,0.066239,true,0.0001
game,T10,ip_umfpack,631,0.007901,true,0.0001
game,T10,ip_klu,631,0.000762,true,0.0001
game,T10,path,632,0.035171,true,0.0001
game,T10,ip_umfpack,632,0.004234,true,0.0001
game,T10,ip_klu,632,0.000753,true,0.0001
game,T10,path,633,0.058919,true,0.0001
game,T10,ip_umfpack,633,0.007664,true,0.0001
game,T10,ip_klu,633,0.000872,true,0.0001
game,T10,path,634,0.046767,true,0.0001
game,T10,ip_umfpack,634,0.00422,true,0.0001
game,T10,ip_klu,634,0.000742,true,0.0001
game,T10,path,635,0.064189,true,0.0001
game,T10,ip_umfpack,635,0.004448,true,0.0001
game,T10,ip_klu,635,0.000791,true,0.0001
game,T10,path,636,0.039145,true,0.0001
game,T10,ip_umfpack,636,0.00652,true,0.0001
game,T10,ip_klu,636,0.000746,true,0.0001
game,T10,path,637,0.060815,true,0.0001
game,T10,ip_umfpack,637,0.004036,true,0.0001
game,T10,ip_klu,637,0.000717,true,0.0001
game,T10,path,638,0.039512,true,0.0001
game,T10,ip_umfpack,638,0.004253,true,0.0001
game,T10,ip_klu,638,0.000778,true,0.0001
game,T10,path,639,0.076079,true,0.0001
game,T10,ip_umfpack,639,0.004268,true,0.0001
game,T10,ip_klu,639,0.000748,true,0.0001
game,T10,path,640,0.027141,true,0.0001
game,T10,ip_umfpack,640,0.004182,true,0.0001
game,T10,ip_klu,640,0.00074,true,0.0001
game,T10,path,641,0.03835,true,0.0001
game,T10,ip_umfpack,641,0.006311,true,0.0001
game,T10,ip_klu,641,0.000743,true,0.0001
game,T10,path,642,0.047166,true,0.0001
game,T10,ip_umfpack,642,0.004211,true,0.0001
game,T10,ip_klu,642,0.000738,true,0.0001
game,T10,path,643,0.033544,true,0.0001
game,T10,ip_umfpack,643,0.003961,true,0.0001
game,T10,ip_klu,643,0.000702,true,0.0001
game,T10,path,644,0.038349,true,0.0001
game,T10,ip_umfpack,644,0.00639,true,0.0001
game,T10,ip_klu,644,0.000749,true,0.0001
game,T10,path,645,0.049449,true,0.0001
game,T10,ip_umfpack,645,0.004198,true,0.0001
game,T10,ip_klu,645,0.000727,true,0.0001
game,T10,path,646,0.010911,true,0.0001
game,T10,ip_umfpack,646,0.008472,true,0.0001
game,T10,ip_klu,646,0.001273,true,0.0001
game,T10,path,647,0.042155,true,0.0001
game,T10,ip_umfpack,647,0.004218,true,0.0001
game,T10,ip_klu,647,0.000747,true,0.0001
game,T10,path,648,0.033272,true,0.0001
game,T10,ip_umfpack,648,0.004182,true,0.0001
game,T10,ip_klu,648,0.000752,true,0.0001
game,T10,path,649,0.01524,true,0.0001
game,T10,ip_umfpack,649,0.007902,true,0.0001
game,T10,ip_klu,649,0.000946,true,0.0001
game,T10,path,650,0.034091,true,0.0001
game,T10,ip_umfpack,650,0.003955,true,0.0001
game,T10,ip_klu,650,0.000698,true,0.0001
game,T10,path,651,0.026733,true,0.0001
game,T10,ip_umfpack,651,0.006095,true,0.0001
game,T10,ip_klu,651,0.000737,true,0.0001
game,T10,path,652,0.017686,true,0.0001
game,T10,ip_umfpack,652,0.005352,true,0.0001
game,T10,ip_klu,652,0.000877,true,0.0001
game,T10,path,653,0.03688,true,0.0001
game,T10,ip_umfpack,653,0.004436,true,0.0001
game,T10,ip_klu,653,0.000773,true,0.0001
game,T10,path,654,0.055805,true,0.0001
game,T10,ip_umfpack,654,0.00641,true,0.0001
game,T10,ip_klu,654,0.000763,true,0.0001
game,T10,path,655,0.045571,true,0.0001
game,T10,ip_umfpack,655,0.004198,true,0.0001
game,T10,ip_klu,655,0.000736,true,0.0001
game,T10,path,656,0.060991,true,0.0001
game,T10,ip_umfpack,656,0.006218,true,0.0001
game,T10,ip_klu,656,0.000748,true,0.0001
game,T10,path,657,0.037461,true,0.0001
game,T10,ip_umfpack,657,0.00515,true,0.0001
game,T10,ip_klu,657,0.00085,true,0.0001
game,T10,path,658,0.026515,true,0.0001
game,T10,ip_umfpack,658,0.004229,true,0.0001
game,T10,ip_klu,658,0.00074,true,0.0001
game,T10,path,659,0.044368,true,0.0001
game,T10,ip_umfpack,659,0.006018,true,0.0001
game,T10,ip_klu,659,0.000718,true,0.0001
game,T10,path,660,0.107098,true,0.0001
game,T10,ip_umfpack,660,0.004312,true,0.0001
game,T10,ip_klu,660,0.000742,true,0.0001
game,T10,path,661,0.057221,true,0.0001
game,T10,ip_umfpack,661,0.007361,true,0.0001
game,T10,ip_klu,661,0.000844,true,0.0001
game,T10,path,662,0.038066,true,0.0001
game,T10,ip_umfpack,662,0.004229,true,0.0001
game,T10,ip_klu,662,0.000741,true,0.0001
game,T10,path,663,0.040761,true,0.0001
game,T10,ip_umfpack,663,0.004197,true,0.0001
game,T10,ip_klu,663,0.000748,true,0.0001
game,T10,path,664,0.05023,true,0.0001
game,T10,ip_umfpack,664,0.007534,true,0.0001
game,T10,ip_klu,664,0.000893,true,0.0001
game,T10,path,665,0.045549,true,0.0001
game,T10,ip_umfpack,665,0.004214,true,0.0001
game,T10,ip_klu,665,0.000736,true,0.0001
game,T10,path,666,0.028687,true,0.0001
game,T10,ip_umfpack,666,0.003774,true,0.0001
game,T10,ip_klu,666,0.000688,true,0.0001
game,T10,path,667,0.030611,true,0.0001
game,T10,ip_umfpack,667,0.006121,true,0.0001
game,T10,ip_klu,667,0.000736,true,0.0001
game,T10,path,668,0.063198,true,0.0001
game,T10,ip_umfpack,668,0.004188,true,0.0001
game,T10,ip_klu,668,0.000744,true,0.0001
game,T10,path,669,0.03668,true,0.0001
game,T10,ip_umfpack,669,0.006664,true,0.0001
game,T10,ip_klu,669,0.000731,true,0.0001
game,T10,path,670,0.065608,true,0.0001
game,T10,ip_umfpack,670,0.004086,true,0.0001
game,T10,ip_klu,670,0.000744,true,0.0001
game,T10,path,671,0.039526,true,0.0001
game,T10,ip_umfpack,671,0.004249,true,0.0001
game,T10,ip_klu,671,0.000741,true,0.0001
game,T10,path,672,0.042186,true,0.0001
game,T10,ip_umfpack,672,0.006696,true,0.0001
game,T10,ip_klu,672,0.000755,true,0.0001
game,T10,path,673,0.034153,true,0.0001
game,T10,ip_umfpack,673,0.004222,true,0.0001
game,T10,ip_klu,673,0.000731,true,0.0001
game,T10,path,674,0.049375,true,0.0001
game,T10,ip_umfpack,674,0.004227,true,0.0001
game,T10,ip_klu,674,0.000746,true,0.0001
game,T10,path,675,0.024788,true,0.0001
game,T10,ip_umfpack,675,0.006427,true,0.0001
game,T10,ip_klu,675,0.000768,true,0.0001
game,T10,path,676,0.039523,true,0.0001
game,T10,ip_umfpack,676,0.004427,true,0.0001
game,T10,ip_klu,676,0.000818,true,0.0001
game,T10,path,677,0.024464,true,0.0001
game,T10,ip_umfpack,677,0.006179,true,0.0001
game,T10,ip_klu,677,0.000734,true,0.0001
game,T10,path,678,0.031273,true,0.0001
game,T10,ip_umfpack,678,0.004001,true,0.0001
game,T10,ip_klu,678,0.000695,true,0.0001
game,T10,path,679,0.052411,true,0.0001
game,T10,ip_umfpack,679,0.005179,true,0.0001
game,T10,ip_klu,679,0.000887,true,0.0001
game,T10,path,680,0.028379,true,0.0001
game,T10,ip_umfpack,680,0.006581,true,0.0001
game,T10,ip_klu,680,0.000718,true,0.0001
game,T10,path,681,0.037459,true,0.0001
game,T10,ip_umfpack,681,0.003983,true,0.0001
game,T10,ip_klu,681,0.000701,true,0.0001
game,T10,path,682,0.051905,true,0.0001
game,T10,ip_umfpack,682,0.004454,true,0.0001
game,T10,ip_klu,682,0.000786,true,0.0001
game,T10,path,683,0.021226,true,0.0001
game,T10,ip_umfpack,683,0.00401,true,0.0001
game,T10,ip_klu,683,0.000709,true,0.0001
game,T10,path,684,0.074273,true,0.0001
game,T10,ip_umfpack,684,0.005326,true,0.0001
game,T10,ip_klu,684,0.000889,true,0.0001
game,T10,path,685,0.059182,true,0.0001
game,T10,ip_umfpack,685,0.007262,true,0.0001
game,T10,ip_klu,685,0.00087,true,0.0001
game,T10,path,686,0.048957,true,0.0001
game,T10,ip_umfpack,686,0.004223,true,0.0001
game,T10,ip_klu,686,0.00072,true,0.0001
game,T10,path,687,0.129918,false,0.0001
game,T10,ip_umfpack,687,0.007506,true,0.0001
game,T10,ip_klu,687,0.000907,true,0.0001
game,T10,path,688,0.047574,true,0.0001
game,T10,ip_umfpack,688,0.003981,true,0.0001
game,T10,ip_klu,688,0.000705,true,0.0001
game,T10,path,689,0.016382,true,0.0001
game,T10,ip_umfpack,689,0.005798,true,0.0001
game,T10,ip_klu,689,0.002928,true,0.0001
game,T10,path,690,0.071383,true,0.0001
game,T10,ip_umfpack,690,0.004242,true,0.0001
game,T10,ip_klu,690,0.000754,true,0.0001
game,T10,path,691,0.022517,true,0.0001
game,T10,ip_umfpack,691,0.004177,true,0.0001
game,T10,ip_klu,691,0.000735,true,0.0001
game,T10,path,692,0.017839,true,0.0001
game,T10,ip_umfpack,692,0.008404,true,0.0001
game,T10,ip_klu,692,0.001044,true,0.0001
game,T10,path,693,0.063861,true,0.0001
game,T10,ip_umfpack,693,0.004182,true,0.0001
game,T10,ip_klu,693,0.000729,true,0.0001
game,T10,path,694,0.057245,true,0.0001
game,T10,ip_umfpack,694,0.006127,true,0.0001
game,T10,ip_klu,694,0.00075,true,0.0001
game,T10,path,695,0.048191,true,0.0001
game,T10,ip_umfpack,695,0.004048,true,0.0001
game,T10,ip_klu,695,0.000706,true,0.0001
game,T10,path,696,0.051244,true,0.0001
game,T10,ip_umfpack,696,0.004893,true,0.0001
game,T10,ip_klu,696,0.000849,true,0.0001
game,T10,path,697,0.058065,true,0.0001
game,T10,ip_umfpack,697,0.00747,true,0.0001
game,T10,ip_klu,697,0.00076,true,0.0001
game,T10,path,698,0.038404,true,0.0001
game,T10,ip_umfpack,698,0.004029,true,0.0001
game,T10,ip_klu,698,0.000716,true,0.0001
game,T10,path,699,0.058755,true,0.0001
game,T10,ip_umfpack,699,0.004491,true,0.0001
game,T10,ip_klu,699,0.000796,true,0.0001
game,T10,path,700,0.037238,true,0.0001
game,T10,ip_umfpack,700,0.004028,true,0.0001
game,T10,ip_klu,700,0.000711,true,0.0001
game,T10,path,701,0.03175,true,0.0001
game,T10,ip_umfpack,701,0.004212,true,0.0001
game,T10,ip_klu,701,0.000732,true,0.0001
game,T10,path,702,0.045484,true,0.0001
game,T10,ip_umfpack,702,0.006269,true,0.0001
game,T10,ip_klu,702,0.000741,true,0.0001
game,T10,path,703,0.046193,true,0.0001
game,T10,ip_umfpack,703,0.004006,true,0.0001
game,T10,ip_klu,703,0.000702,true,0.0001
game,T10,path,704,0.04242,true,0.0001
game,T10,ip_umfpack,704,0.004221,true,0.0001
game,T10,ip_klu,704,0.000729,true,0.0001
game,T10,path,705,0.044404,true,0.0001
game,T10,ip_umfpack,705,0.005928,true,0.0001
game,T10,ip_klu,705,0.000678,true,0.0001
game,T10,path,706,0.029241,true,0.0001
game,T10,ip_umfpack,706,0.003983,true,0.0001
game,T10,ip_klu,706,0.000699,true,0.0001
game,T10,path,707,0.022816,true,0.0001
game,T10,ip_umfpack,707,0.003947,true,0.0001
game,T10,ip_klu,707,0.000708,true,0.0001
game,T10,path,708,0.032634,true,0.0001
game,T10,ip_umfpack,708,0.006696,true,0.0001
game,T10,ip_klu,708,0.000807,true,0.0001
game,T10,path,709,0.052872,true,0.0001
game,T10,ip_umfpack,709,0.003757,true,0.0001
game,T10,ip_klu,709,0.000669,true,0.0001
game,T10,path,710,0.026137,true,0.0001
game,T10,ip_umfpack,710,0.00409,true,0.0001
game,T10,ip_klu,710,0.000749,true,0.0001
game,T10,path,711,0.042196,true,0.0001
game,T10,ip_umfpack,711,0.007938,true,0.0001
game,T10,ip_klu,711,0.000765,true,0.0001
game,T10,path,712,0.053758,true,0.0001
game,T10,ip_umfpack,712,0.004262,true,0.0001
game,T10,ip_klu,712,0.000755,true,0.0001
game,T10,path,713,0.039846,true,0.0001
game,T10,ip_umfpack,713,0.006491,true,0.0001
game,T10,ip_klu,713,0.000716,true,0.0001
game,T10,path,714,0.065079,true,0.0001
game,T10,ip_umfpack,714,0.004283,true,0.0001
game,T10,ip_klu,714,0.00074,true,0.0001
game,T10,path,715,0.030127,true,0.0001
game,T10,ip_umfpack,715,0.004214,true,0.0001
game,T10,ip_klu,715,0.000742,true,0.0001
game,T10,path,716,0.024706,true,0.0001
game,T10,ip_umfpack,716,0.006511,true,0.0001
game,T10,ip_klu,716,0.00075,true,0.0001
game,T10,path,717,0.0146,true,0.0001
game,T10,ip_umfpack,717,0.006712,true,0.0001
game,T10,ip_klu,717,0.001059,true,0.0001
game,T10,path,718,0.050164,true,0.0001
game,T10,ip_umfpack,718,0.00626,true,0.0001
game,T10,ip_klu,718,0.000745,true,0.0001
game,T10,path,719,0.044914,true,0.0001
game,T10,ip_umfpack,719,0.004248,true,0.0001
game,T10,ip_klu,719,0.000765,true,0.0001
game,T10,path,720,0.04406,true,0.0001
game,T10,ip_umfpack,720,0.003822,true,0.0001
game,T10,ip_klu,720,0.000695,true,0.0001
game,T10,path,721,0.032806,true,0.0001
game,T10,ip_umfpack,721,0.007441,true,0.0001
game,T10,ip_klu,721,0.000757,true,0.0001
game,T10,path,722,0.036024,true,0.0001
game,T10,ip_umfpack,722,0.004261,true,0.0001
game,T10,ip_klu,722,0.000739,true,0.0001
game,T10,path,723,0.03105,true,0.0001
game,T10,ip_umfpack,723,0.004197,true,0.0001
game,T10,ip_klu,723,0.000748,true,0.0001
game,T10,path,724,0.040539,true,0.0001
game,T10,ip_umfpack,724,0.006537,true,0.0001
game,T10,ip_klu,724,0.000745,true,0.0001
game,T10,path,725,0.030724,true,0.0001
game,T10,ip_umfpack,725,0.003751,true,0.0001
game,T10,ip_klu,725,0.000671,true,0.0001
game,T10,path,726,0.047796,true,0.0001
game,T10,ip_umfpack,726,0.0077,true,0.0001
game,T10,ip_klu,726,0.000921,true,0.0001
game,T10,path,727,0.036746,true,0.0001
game,T10,ip_umfpack,727,0.004212,true,0.0001
game,T10,ip_klu,727,0.000733,true,0.0001
game,T10,path,728,0.040582,true,0.0001
game,T10,ip_umfpack,728,0.004194,true,0.0001
game,T10,ip_klu,728,0.000744,true,0.0001
game,T10,path,729,0.03937,true,0.0001
game,T10,ip_umfpack,729,0.006238,true,0.0001
game,T10,ip_klu,729,0.000703,true,0.0001
game,T10,path,730,0.029316,true,0.0001
game,T10,ip_umfpack,730,0.00418,true,0.0001
game,T10,ip_klu,730,0.000745,true,0.0001
game,T10,path,731,0.025261,true,0.0001
game,T10,ip_umfpack,731,0.004412,true,0.0001
game,T10,ip_klu,731,0.000789,true,0.0001
game,T10,path,732,0.05349,true,0.0001
game,T10,ip_umfpack,732,0.004484,true,0.0001
game,T10,ip_klu,732,0.000781,true,0.0001
game,T10,path,733,0.045607,true,0.0001
game,T10,ip_umfpack,733,0.003972,true,0.0001
game,T10,ip_klu,733,0.000709,true,0.0001
game,T10,path,734,0.0115,true,0.0001
game,T10,ip_umfpack,734,0.008907,true,0.0001
game,T10,ip_klu,734,0.000958,true,0.0001
game,T10,path,735,0.051459,true,0.0001
game,T10,ip_umfpack,735,0.00379,true,0.0001
game,T10,ip_klu,735,0.000676,true,0.0001
game,T10,path,736,0.03417,true,0.0001
game,T10,ip_umfpack,736,0.004237,true,0.0001
game,T10,ip_klu,736,0.000757,true,0.0001
game,T10,path,737,0.051606,true,0.0001
game,T10,ip_umfpack,737,0.005912,true,0.0001
game,T10,ip_klu,737,0.000662,true,0.0001
game,T10,path,738,0.014696,true,0.0001
game,T10,ip_umfpack,738,0.005611,true,0.0001
game,T10,ip_klu,738,0.000909,true,0.0001
game,T10,path,739,0.062373,true,0.0001
game,T10,ip_umfpack,739,0.006087,true,0.0001
game,T10,ip_klu,739,0.000736,true,0.0001
game,T10,path,740,0.041802,true,0.0001
game,T10,ip_umfpack,740,0.004201,true,0.0001
game,T10,ip_klu,740,0.000726,true,0.0001
game,T10,path,741,0.064546,true,0.0001
game,T10,ip_umfpack,741,0.004888,true,0.0001
game,T10,ip_klu,741,0.000861,true,0.0001
game,T10,path,742,0.042903,true,0.0001
game,T10,ip_umfpack,742,0.006691,true,0.0001
game,T10,ip_klu,742,0.000729,true,0.0001
game,T10,path,743,0.055678,true,0.0001
game,T10,ip_umfpack,743,0.004265,true,0.0001
game,T10,ip_klu,743,0.000741,true,0.0001
game,T10,path,744,0.025086,true,0.0001
game,T10,ip_umfpack,744,0.004003,true,0.0001
game,T10,ip_klu,744,0.000732,true,0.0001
game,T10,path,745,0.039448,true,0.0001
game,T10,ip_umfpack,745,0.004219,true,0.0001
game,T10,ip_klu,745,0.000739,true,0.0001
game,T10,path,746,0.025233,true,0.0001
game,T10,ip_umfpack,746,0.00397,true,0.0001
game,T10,ip_klu,746,0.000707,true,0.0001
game,T10,path,747,0.064363,true,0.0001
game,T10,ip_umfpack,747,0.006097,true,0.0001
game,T10,ip_klu,747,0.000707,true,0.0001
game,T10,path,748,0.05409,true,0.0001
game,T10,ip_umfpack,748,0.004244,true,0.0001
game,T10,ip_klu,748,0.000756,true,0.0001
game,T10,path,749,0.06965,true,0.0001
game,T10,ip_umfpack,749,0.004395,true,0.0001
game,T10,ip_klu,749,0.000766,true,0.0001
game,T10,path,750,0.029654,true,0.0001
game,T10,ip_umfpack,750,0.006373,true,0.0001
game,T10,ip_klu,750,0.000741,true,0.0001
game,T10,path,751,0.01456,true,0.0001
game,T10,ip_umfpack,751,0.00642,true,0.0001
game,T10,ip_klu,751,0.001017,true,0.0001
game,T10,path,752,0.039125,true,0.0001
game,T10,ip_umfpack,752,0.006096,true,0.0001
game,T10,ip_klu,752,0.000733,true,0.0001
game,T10,path,753,0.133008,false,0.0001
game,T10,ip_umfpack,753,0.005583,true,0.0001
game,T10,ip_klu,753,0.000947,true,0.0001
game,T10,path,754,0.036237,true,0.0001
game,T10,ip_umfpack,754,0.00432,true,0.0001
game,T10,ip_klu,754,0.004291,true,0.0001
game,T10,path,755,0.035618,true,0.0001
game,T10,ip_umfpack,755,0.004081,true,0.0001
game,T10,ip_klu,755,0.000735,true,0.0001
game,T10,path,756,0.049383,true,0.0001
game,T10,ip_umfpack,756,0.005197,true,0.0001
game,T10,ip_klu,756,0.000869,true,0.0001
game,T10,path,757,0.044275,true,0.0001
game,T10,ip_umfpack,757,0.006753,true,0.0001
game,T10,ip_klu,757,0.00075,true,0.0001
game,T10,path,758,0.031827,true,0.0001
game,T10,ip_umfpack,758,0.00449,true,0.0001
game,T10,ip_klu,758,0.000769,true,0.0001
game,T10,path,759,0.032255,true,0.0001
game,T10,ip_umfpack,759,0.003968,true,0.0001
game,T10,ip_klu,759,0.000734,true,0.0001
game,T10,path,760,0.03344,true,0.0001
game,T10,ip_umfpack,760,0.006166,true,0.0001
game,T10,ip_klu,760,0.000741,true,0.0001
game,T10,path,761,0.052371,true,0.0001
game,T10,ip_umfpack,761,0.004283,true,0.0001
game,T10,ip_klu,761,0.000746,true,0.0001
game,T10,path,762,0.07905,true,0.0001
game,T10,ip_umfpack,762,0.007095,true,0.0001
game,T10,ip_klu,762,0.00078,true,0.0001
game,T10,path,763,0.069409,true,0.0001
game,T10,ip_umfpack,763,0.005596,true,0.0001
game,T10,ip_klu,763,0.000922,true,0.0001
game,T10,path,764,0.034092,true,0.0001
game,T10,ip_umfpack,764,0.004248,true,0.0001
game,T10,ip_klu,764,0.000776,true,0.0001
game,T10,path,765,0.034203,true,0.0001
game,T10,ip_umfpack,765,0.006221,true,0.0001
game,T10,ip_klu,765,0.000722,true,0.0001
game,T10,path,766,0.031787,true,0.0001
game,T10,ip_umfpack,766,0.003749,true,0.0001
game,T10,ip_klu,766,0.000682,true,0.0001
game,T10,path,767,0.013201,true,0.0001
game,T10,ip_umfpack,767,0.009867,true,0.0001
game,T10,ip_klu,767,0.001094,true,0.0001
game,T10,path,768,0.028147,true,0.0001
game,T10,ip_umfpack,768,0.004184,true,0.0001
game,T10,ip_klu,768,0.000744,true,0.0001
game,T10,path,769,0.030338,true,0.0001
game,T10,ip_umfpack,769,0.003747,true,0.0001
game,T10,ip_klu,769,0.000704,true,0.0001
game,T10,path,770,0.147074,false,0.0001
game,T10,ip_umfpack,770,0.004891,true,0.0001
game,T10,ip_klu,770,0.000836,true,0.0001
game,T10,path,771,0.057809,true,0.0001
game,T10,ip_umfpack,771,0.005419,true,0.0001
game,T10,ip_klu,771,0.000893,true,0.0001
game,T10,path,772,0.032591,true,0.0001
game,T10,ip_umfpack,772,0.005842,true,0.0001
game,T10,ip_klu,772,0.000696,true,0.0001
game,T10,path,773,0.029284,true,0.0001
game,T10,ip_umfpack,773,0.004137,true,0.0001
game,T10,ip_klu,773,0.000725,true,0.0001
game,T10,path,774,0.027196,true,0.0001
game,T10,ip_umfpack,774,0.003725,true,0.0001
game,T10,ip_klu,774,0.000676,true,0.0001
game,T10,path,775,0.024338,true,0.0001
game,T10,ip_umfpack,775,0.005781,true,0.0001
game,T10,ip_klu,775,0.000702,true,0.0001
game,T10,path,776,0.044789,true,0.0001
game,T10,ip_umfpack,776,0.004182,true,0.0001
game,T10,ip_klu,776,0.00073,true,0.0001
game,T10,path,777,0.029194,true,0.0001
game,T10,ip_umfpack,777,0.003985,true,0.0001
game,T10,ip_klu,777,0.002493,true,0.0001
game,T10,path,778,0.052387,true,0.0001
game,T10,ip_umfpack,778,0.00541,true,0.0001
game,T10,ip_klu,778,0.000884,true,0.0001
game,T10,path,779,0.054584,true,0.0001
game,T10,ip_umfpack,779,0.004415,true,0.0001
game,T10,ip_klu,779,0.000772,true,0.0001
game,T10,path,780,0.024404,true,0.0001
game,T10,ip_umfpack,780,0.006811,true,0.0001
game,T10,ip_klu,780,0.000724,true,0.0001
game,T10,path,781,0.067238,true,0.0001
game,T10,ip_umfpack,781,0.004234,true,0.0001
game,T10,ip_klu,781,0.000734,true,0.0001
game,T10,path,782,0.04137,true,0.0001
game,T10,ip_umfpack,782,0.004215,true,0.0001
game,T10,ip_klu,782,0.002691,true,0.0001
game,T10,path,783,0.039258,true,0.0001
game,T10,ip_umfpack,783,0.004041,true,0.0001
game,T10,ip_klu,783,0.000714,true,0.0001
game,T10,path,784,0.050044,true,0.0001
game,T10,ip_umfpack,784,0.004211,true,0.0001
game,T10,ip_klu,784,0.000728,true,0.0001
game,T10,path,785,0.01348,true,0.0001
game,T10,ip_umfpack,785,0.007773,true,0.0001
game,T10,ip_klu,785,0.000967,true,0.0001
game,T10,path,786,0.049558,true,0.0001
game,T10,ip_umfpack,786,0.004144,true,0.0001
game,T10,ip_klu,786,0.000726,true,0.0001
game,T10,path,787,0.122978,false,0.0001
game,T10,ip_umfpack,787,0.004216,true,0.0001
game,T10,ip_klu,787,0.002728,true,0.0001
game,T10,path,788,0.040502,true,0.0001
game,T10,ip_umfpack,788,0.004221,true,0.0001
game,T10,ip_klu,788,0.000736,true,0.0001
game,T10,path,789,0.039937,true,0.0001
game,T10,ip_umfpack,789,0.004415,true,0.0001
game,T10,ip_klu,789,0.000758,true,0.0001
game,T10,path,790,0.027294,true,0.0001
game,T10,ip_umfpack,790,0.007693,true,0.0001
game,T10,ip_klu,790,0.00092,true,0.0001
game,T10,path,791,0.026487,true,0.0001
game,T10,ip_umfpack,791,0.003965,true,0.0001
game,T10,ip_klu,791,0.000693,true,0.0001
game,T10,path,792,0.04743,true,0.0001
game,T10,ip_umfpack,792,0.007326,true,0.0001
game,T10,ip_klu,792,0.000861,true,0.0001
game,T10,path,793,0.026631,true,0.0001
game,T10,ip_umfpack,793,0.004882,true,0.0001
game,T10,ip_klu,793,0.000849,true,0.0001
game,T10,path,794,0.046574,true,0.0001
game,T10,ip_umfpack,794,0.004305,true,0.0001
game,T10,ip_klu,794,0.000788,true,0.0001
game,T10,path,795,0.039714,true,0.0001
game,T10,ip_umfpack,795,0.008024,true,0.0001
game,T10,ip_klu,795,0.000784,true,0.0001
game,T10,path,796,0.055094,true,0.0001
game,T10,ip_umfpack,796,0.006618,true,0.0001
game,T10,ip_klu,796,0.001062,true,0.0001
game,T10,path,797,0.041217,true,0.0001
game,T10,ip_umfpack,797,0.006858,true,0.0001
game,T10,ip_klu,797,0.000766,true,0.0001
game,T10,path,798,0.065088,true,0.0001
game,T10,ip_umfpack,798,0.004214,true,0.0001
game,T10,ip_klu,798,0.000736,true,0.0001
game,T10,path,799,0.035515,true,0.0001
game,T10,ip_umfpack,799,0.004277,true,0.0001
game,T10,ip_klu,799,0.000766,true,0.0001
game,T10,path,800,0.041601,true,0.0001
game,T10,ip_umfpack,800,0.006544,true,0.0001
game,T10,ip_klu,800,0.000721,true,0.0001
game,T10,path,801,0.083894,true,0.0001
game,T10,ip_umfpack,801,0.004866,true,0.0001
game,T10,ip_klu,801,0.000825,true,0.0001
game,T10,path,802,0.056616,true,0.0001
game,T10,ip_umfpack,802,0.006435,true,0.0001
game,T10,ip_klu,802,0.00075,true,0.0001
game,T10,path,803,0.082181,true,0.0001
game,T10,ip_umfpack,803,0.004623,true,0.0001
game,T10,ip_klu,803,0.000808,true,0.0001
game,T10,path,804,0.084613,true,0.0001
game,T10,ip_umfpack,804,0.005741,true,0.0001
game,T10,ip_klu,804,0.002932,true,0.0001
game,T10,path,805,0.034153,true,0.0001
game,T10,ip_umfpack,805,0.005326,true,0.0001
game,T10,ip_klu,805,0.00091,true,0.0001
game,T10,path,806,0.040111,true,0.0001
game,T10,ip_umfpack,806,0.00415,true,0.0001
game,T10,ip_klu,806,0.000743,true,0.0001
game,T10,path,807,0.027788,true,0.0001
game,T10,ip_umfpack,807,0.006084,true,0.0001
game,T10,ip_klu,807,0.000717,true,0.0001
game,T10,path,808,0.023354,true,0.0001
game,T10,ip_umfpack,808,0.003973,true,0.0001
game,T10,ip_klu,808,0.000705,true,0.0001
game,T10,path,809,0.055025,true,0.0001
game,T10,ip_umfpack,809,0.00418,true,0.0001
game,T10,ip_klu,809,0.000739,true,0.0001
game,T10,path,810,0.048816,true,0.0001
game,T10,ip_umfpack,810,0.006352,true,0.0001
game,T10,ip_klu,810,0.000736,true,0.0001
game,T10,path,811,0.053291,true,0.0001
game,T10,ip_umfpack,811,0.00418,true,0.0001
game,T10,ip_klu,811,0.000736,true,0.0001
game,T10,path,812,0.019074,true,0.0001
game,T10,ip_umfpack,812,0.013451,true,0.0001
game,T10,ip_klu,812,0.001728,true,0.0001
game,T10,path,813,0.046312,true,0.0001
game,T10,ip_umfpack,813,0.006985,true,0.0001
game,T10,ip_klu,813,0.000857,true,0.0001
game,T10,path,814,0.060239,true,0.0001
game,T10,ip_umfpack,814,0.004446,true,0.0001
game,T10,ip_klu,814,0.000771,true,0.0001
game,T10,path,815,0.039105,true,0.0001
game,T10,ip_umfpack,815,0.004183,true,0.0001
game,T10,ip_klu,815,0.000731,true,0.0001
game,T10,path,816,0.063604,true,0.0001
game,T10,ip_umfpack,816,0.006186,true,0.0001
game,T10,ip_klu,816,0.000708,true,0.0001
game,T10,path,817,0.037883,true,0.0001
game,T10,ip_umfpack,817,0.004274,true,0.0001
game,T10,ip_klu,817,0.000738,true,0.0001
game,T10,path,818,0.034006,true,0.0001
game,T10,ip_umfpack,818,0.004041,true,0.0001
game,T10,ip_klu,818,0.000721,true,0.0001
game,T10,path,819,0.030727,true,0.0001
game,T10,ip_umfpack,819,0.006832,true,0.0001
game,T10,ip_klu,819,0.000768,true,0.0001
game,T10,path,820,0.032684,true,0.0001
game,T10,ip_umfpack,820,0.00442,true,0.0001
game,T10,ip_klu,820,0.000765,true,0.0001
game,T10,path,821,0.048009,true,0.0001
game,T10,ip_umfpack,821,0.006594,true,0.0001
game,T10,ip_klu,821,0.000739,true,0.0001
game,T10,path,822,0.06424,true,0.0001
game,T10,ip_umfpack,822,0.005129,true,0.0001
game,T10,ip_klu,822,0.000865,true,0.0001
game,T10,path,823,0.047685,true,0.0001
game,T10,ip_umfpack,823,0.004263,true,0.0001
game,T10,ip_klu,823,0.000762,true,0.0001
game,T10,path,824,0.031373,true,0.0001
game,T10,ip_umfpack,824,0.006573,true,0.0001
game,T10,ip_klu,824,0.000749,true,0.0001
game,T10,path,825,0.014924,true,0.0001
game,T10,ip_umfpack,825,0.005294,true,0.0001
game,T10,ip_klu,825,0.000876,true,0.0001
game,T10,path,826,0.037784,true,0.0001
game,T10,ip_umfpack,826,0.00597,true,0.0001
game,T10,ip_klu,826,0.000738,true,0.0001
game,T10,path,827,0.028934,true,0.0001
game,T10,ip_umfpack,827,0.00417,true,0.0001
game,T10,ip_klu,827,0.000733,true,0.0001
game,T10,path,828,0.079285,true,0.0001
game,T10,ip_umfpack,828,0.00511,true,0.0001
game,T10,ip_klu,828,0.000874,true,0.0001
game,T10,path,829,0.050633,true,0.0001
game,T10,ip_umfpack,829,0.004241,true,0.0001
game,T10,ip_klu,829,0.000748,true,0.0001
game,T10,path,830,0.038733,true,0.0001
game,T10,ip_umfpack,830,0.004011,true,0.0001
game,T10,ip_klu,830,0.00073,true,0.0001
game,T10,path,831,0.039023,true,0.0001
game,T10,ip_umfpack,831,0.006358,true,0.0001
game,T10,ip_klu,831,0.000744,true,0.0001
game,T10,path,832,0.021977,true,0.0001
game,T10,ip_umfpack,832,0.004216,true,0.0001
game,T10,ip_klu,832,0.000758,true,0.0001
game,T10,path,833,0.039381,true,0.0001
game,T10,ip_umfpack,833,0.003977,true,0.0001
game,T10,ip_klu,833,0.000715,true,0.0001
game,T10,path,834,0.037413,true,0.0001
game,T10,ip_umfpack,834,0.006565,true,0.0001
game,T10,ip_klu,834,0.000722,true,0.0001
game,T10,path,835,0.033587,true,0.0001
game,T10,ip_umfpack,835,0.004256,true,0.0001
game,T10,ip_klu,835,0.000741,true,0.0001
game,T10,path,836,0.043283,true,0.0001
game,T10,ip_umfpack,836,0.006157,true,0.0001
game,T10,ip_klu,836,0.003231,true,0.0001
game,T10,path,837,0.080369,true,0.0001
game,T10,ip_umfpack,837,0.005187,true,0.0001
game,T10,ip_klu,837,0.000872,true,0.0001
game,T10,path,838,0.046061,true,0.0001
game,T10,ip_umfpack,838,0.004412,true,0.0001
game,T10,ip_klu,838,0.000795,true,0.0001
game,T10,path,839,0.025885,true,0.0001
game,T10,ip_umfpack,839,0.006627,true,0.0001
game,T10,ip_klu,839,0.000753,true,0.0001
game,T10,path,840,0.042734,true,0.0001
game,T10,ip_umfpack,840,0.004219,true,0.0001
game,T10,ip_klu,840,0.000736,true,0.0001
game,T10,path,841,0.028198,true,0.0001
game,T10,ip_umfpack,841,0.004021,true,0.0001
game,T10,ip_klu,841,0.000718,true,0.0001
game,T10,path,842,0.016439,true,0.0001
game,T10,ip_umfpack,842,0.00624,true,0.0001
game,T10,ip_klu,842,0.001014,true,0.0001
game,T10,path,843,0.035076,true,0.0001
game,T10,ip_umfpack,843,0.004172,true,0.0001
game,T10,ip_klu,843,0.00073,true,0.0001
game,T10,path,844,0.069894,true,0.0001
game,T10,ip_umfpack,844,0.006147,true,0.0001
game,T10,ip_klu,844,0.00075,true,0.0001
game,T10,path,845,0.028834,true,0.0001
game,T10,ip_umfpack,845,0.003954,true,0.0001
game,T10,ip_klu,845,0.000702,true,0.0001
game,T10,path,846,0.029557,true,0.0001
game,T10,ip_umfpack,846,0.00398,true,0.0001
game,T10,ip_klu,846,0.000717,true,0.0001
game,T10,path,847,0.135803,false,0.0001
game,T10,ip_umfpack,847,0.00565,true,0.0001
game,T10,ip_klu,847,0.000928,true,0.0001
game,T10,path,848,0.033589,true,0.0001
game,T10,ip_umfpack,848,0.004643,true,0.0001
game,T10,ip_klu,848,0.000799,true,0.0001
game,T10,path,849,0.045123,true,0.0001
game,T10,ip_umfpack,849,0.007673,true,0.0001
game,T10,ip_klu,849,0.000919,true,0.0001
game,T10,path,850,0.034213,true,0.0001
game,T10,ip_umfpack,850,0.003947,true,0.0001
game,T10,ip_klu,850,0.000702,true,0.0001
game,T10,path,851,0.036383,true,0.0001
game,T10,ip_umfpack,851,0.005988,true,0.0001
game,T10,ip_klu,851,0.000712,true,0.0001
game,T10,path,852,0.03726,true,0.0001
game,T10,ip_umfpack,852,0.004229,true,0.0001
game,T10,ip_klu,852,0.000727,true,0.0001
game,T10,path,853,0.016326,true,0.0001
game,T10,ip_umfpack,853,0.00601,true,0.0001
game,T10,ip_klu,853,0.002758,true,0.0001
game,T10,path,854,0.132532,false,0.0001
game,T10,ip_umfpack,854,0.004461,true,0.0001
game,T10,ip_klu,854,0.000775,true,0.0001
game,T10,path,855,0.047444,true,0.0001
game,T10,ip_umfpack,855,0.005551,true,0.0001
game,T10,ip_klu,855,0.000915,true,0.0001
game,T10,path,856,0.030372,true,0.0001
game,T10,ip_umfpack,856,0.006245,true,0.0001
game,T10,ip_klu,856,0.000739,true,0.0001
game,T10,path,857,0.075377,true,0.0001
game,T10,ip_umfpack,857,0.004488,true,0.0001
game,T10,ip_klu,857,0.000778,true,0.0001
game,T10,path,858,0.047761,true,0.0001
game,T10,ip_umfpack,858,0.006799,true,0.0001
game,T10,ip_klu,858,0.000746,true,0.0001
game,T10,path,859,0.043853,true,0.0001
game,T10,ip_umfpack,859,0.004246,true,0.0001
game,T10,ip_klu,859,0.000755,true,0.0001
game,T10,path,860,0.03798,true,0.0001
game,T10,ip_umfpack,860,0.004851,true,0.0001
game,T10,ip_klu,860,0.000841,true,0.0001
game,T10,path,861,0.024098,true,0.0001
game,T10,ip_umfpack,861,0.006115,true,0.0001
game,T10,ip_klu,861,0.000713,true,0.0001
game,T10,path,862,0.042643,true,0.0001
game,T10,ip_umfpack,862,0.004234,true,0.0001
game,T10,ip_klu,862,0.000742,true,0.0001
game,T10,path,863,0.037225,true,0.0001
game,T10,ip_umfpack,863,0.004254,true,0.0001
game,T10,ip_klu,863,0.000763,true,0.0001
game,T10,path,864,0.023693,true,0.0001
game,T10,ip_umfpack,864,0.004235,true,0.0001
game,T10,ip_klu,864,0.000743,true,0.0001
game,T10,path,865,0.036446,true,0.0001
game,T10,ip_umfpack,865,0.005073,true,0.0001
game,T10,ip_klu,865,0.000852,true,0.0001
game,T10,path,866,0.026171,true,0.0001
game,T10,ip_umfpack,866,0.005965,true,0.0001
game,T10,ip_klu,866,0.000713,true,0.0001
game,T10,path,867,0.02432,true,0.0001
game,T10,ip_umfpack,867,0.003744,true,0.0001
game,T10,ip_klu,867,0.000672,true,0.0001
game,T10,path,868,0.053416,true,0.0001
game,T10,ip_umfpack,868,0.004155,true,0.0001
game,T10,ip_klu,868,0.000734,true,0.0001
game,T10,path,869,0.061621,true,0.0001
game,T10,ip_umfpack,869,0.006334,true,0.0001
game,T10,ip_klu,869,0.000744,true,0.0001
game,T10,path,870,0.036222,true,0.0001
game,T10,ip_umfpack,870,0.004195,true,0.0001
game,T10,ip_klu,870,0.000736,true,0.0001
game,T10,path,871,0.054213,true,0.0001
game,T10,ip_umfpack,871,0.004447,true,0.0001
game,T10,ip_klu,871,0.002684,true,0.0001
game,T10,path,872,0.059038,true,0.0001
game,T10,ip_umfpack,872,0.004482,true,0.0001
game,T10,ip_klu,872,0.000769,true,0.0001
game,T10,path,873,0.026517,true,0.0001
game,T10,ip_umfpack,873,0.004181,true,0.0001
game,T10,ip_klu,873,0.000731,true,0.0001
game,T10,path,874,0.019762,true,0.0001
game,T10,ip_umfpack,874,0.007506,true,0.0001
game,T10,ip_klu,874,0.000916,true,0.0001
game,T10,path,875,0.047471,true,0.0001
game,T10,ip_umfpack,875,0.004513,true,0.0001
game,T10,ip_klu,875,0.000773,true,0.0001
game,T10,path,876,0.055997,true,0.0001
game,T10,ip_umfpack,876,0.008664,true,0.0001
game,T10,ip_klu,876,0.000866,true,0.0001
game,T10,path,877,0.123868,false,0.0001
game,T10,ip_umfpack,877,0.005931,true,0.0001
game,T10,ip_klu,877,0.000989,true,0.0001
game,T10,path,878,0.045914,true,0.0001
game,T10,ip_umfpack,878,0.004546,true,0.0001
game,T10,ip_klu,878,0.000826,true,0.0001
game,T10,path,879,0.047933,true,0.0001
game,T10,ip_umfpack,879,0.004303,true,0.0001
game,T10,ip_klu,879,0.000754,true,0.0001
game,T10,path,880,0.113944,true,0.0001
game,T10,ip_umfpack,880,0.004243,true,0.0001
game,T10,ip_klu,880,0.000755,true,0.0001
game,T10,path,881,0.056709,true,0.0001
game,T10,ip_umfpack,881,0.006454,true,0.0001
game,T10,ip_klu,881,0.00072,true,0.0001
game,T10,path,882,0.030013,true,0.0001
game,T10,ip_umfpack,882,0.004218,true,0.0001
game,T10,ip_klu,882,0.00074,true,0.0001
game,T10,path,883,0.067709,true,0.0001
game,T10,ip_umfpack,883,0.00396,true,0.0001
game,T10,ip_klu,883,0.000702,true,0.0001
game,T10,path,884,0.046914,true,0.0001
game,T10,ip_umfpack,884,0.006657,true,0.0001
game,T10,ip_klu,884,0.000784,true,0.0001
game,T10,path,885,0.014585,true,0.0001
game,T10,ip_umfpack,885,0.006347,true,0.0001
game,T10,ip_klu,885,0.001034,true,0.0001
game,T10,path,886,0.053981,true,0.0001
game,T10,ip_umfpack,886,0.006825,true,0.0001
game,T10,ip_klu,886,0.000812,true,0.0001
game,T10,path,887,0.024798,true,0.0001
game,T10,ip_umfpack,887,0.004405,true,0.0001
game,T10,ip_klu,887,0.000764,true,0.0001
game,T10,path,888,0.019945,true,0.0001
game,T10,ip_umfpack,888,0.005579,true,0.0001
game,T10,ip_klu,888,0.002753,true,0.0001
game,T10,path,889,0.057401,true,0.0001
game,T10,ip_umfpack,889,0.004233,true,0.0001
game,T10,ip_klu,889,0.000737,true,0.0001
game,T10,path,890,0.012782,true,0.0001
game,T10,ip_umfpack,890,0.005717,true,0.0001
game,T10,ip_klu,890,0.000956,true,0.0001
game,T10,path,891,0.056032,true,0.0001
game,T10,ip_umfpack,891,0.006915,true,0.0001
game,T10,ip_klu,891,0.000826,true,0.0001
game,T10,path,892,0.040736,true,0.0001
game,T10,ip_umfpack,892,0.004192,true,0.0001
game,T10,ip_klu,892,0.000729,true,0.0001
game,T10,path,893,0.074402,true,0.0001
game,T10,ip_umfpack,893,0.061129,true,0.0001
game,T10,ip_klu,893,0.000759,true,0.0001
game,T10,path,894,0.056885,true,0.0001
game,T10,ip_umfpack,894,0.004556,true,0.0001
game,T10,ip_klu,894,0.000798,true,0.0001
game,T10,path,895,0.038481,true,0.0001
game,T10,ip_umfpack,895,0.004285,true,0.0001
game,T10,ip_klu,895,0.000783,true,0.0001
game,T10,path,896,0.068388,true,0.0001
game,T10,ip_umfpack,896,0.072355,true,0.0001
game,T10,ip_klu,896,0.000842,true,0.0001
game,T10,path,897,0.044075,true,0.0001
game,T10,ip_umfpack,897,0.00427,true,0.0001
game,T10,ip_klu,897,0.00077,true,0.0001
game,T10,path,898,0.119924,false,0.0001
game,T10,ip_umfpack,898,0.004246,true,0.0001
game,T10,ip_klu,898,0.000779,true,0.0001
game,T10,path,899,0.01996,true,0.0001
game,T10,ip_umfpack,899,0.004504,true,0.0001
game,T10,ip_klu,899,0.00082,true,0.0001
game,T10,path,900,0.042191,true,0.0001
game,T10,ip_umfpack,900,0.004267,true,0.0001
game,T10,ip_klu,900,0.000757,true,0.0001
game,T10,path,901,0.054487,true,0.0001
game,T10,ip_umfpack,901,0.004256,true,0.0001
game,T10,ip_klu,901,0.000804,true,0.0001
game,T10,path,902,0.064581,true,0.0001
game,T10,ip_umfpack,902,0.004226,true,0.0001
game,T10,ip_klu,902,0.000761,true,0.0001
game,T10,path,903,0.021543,true,0.0001
game,T10,ip_umfpack,903,0.004162,true,0.0001
game,T10,ip_klu,903,0.000759,true,0.0001
game,T10,path,904,0.036686,true,0.0001
game,T10,ip_umfpack,904,0.004665,true,0.0001
game,T10,ip_klu,904,0.000815,true,0.0001
game,T10,path,905,0.057689,true,0.0001
game,T10,ip_umfpack,905,0.003919,true,0.0001
game,T10,ip_klu,905,0.000707,true,0.0001
game,T10,path,906,0.043899,true,0.0001
game,T10,ip_umfpack,906,0.005948,true,0.0001
game,T10,ip_klu,906,0.000957,true,0.0001
game,T10,path,907,0.040967,true,0.0001
game,T10,ip_umfpack,907,0.003875,true,0.0001
game,T10,ip_klu,907,0.000717,true,0.0001
game,T10,path,908,0.04448,true,0.0001
game,T10,ip_umfpack,908,0.00457,true,0.0001
game,T10,ip_klu,908,0.000779,true,0.0001
game,T10,path,909,0.057727,true,0.0001
game,T10,ip_umfpack,909,0.00412,true,0.0001
game,T10,ip_klu,909,0.000742,true,0.0001
game,T10,path,910,0.024723,true,0.0001
game,T10,ip_umfpack,910,0.006063,true,0.0001
game,T10,ip_klu,910,0.001013,true,0.0001
game,T10,path,911,0.063196,true,0.0001
game,T10,ip_umfpack,911,0.004903,true,0.0001
game,T10,ip_klu,911,0.000848,true,0.0001
game,T10,path,912,0.094182,true,0.0001
game,T10,ip_umfpack,912,0.004949,true,0.0001
game,T10,ip_klu,912,0.000849,true,0.0001
game,T10,path,913,0.024659,true,0.0001
game,T10,ip_umfpack,913,0.00362,true,0.0001
game,T10,ip_klu,913,0.000662,true,0.0001
game,T10,path,914,0.117084,true,0.0001
game,T10,ip_umfpack,914,0.004322,true,0.0001
game,T10,ip_klu,914,0.000777,true,0.0001
game,T10,path,915,0.035853,true,0.0001
game,T10,ip_umfpack,915,0.004277,true,0.0001
game,T10,ip_klu,915,0.000771,true,0.0001
game,T10,path,916,0.048231,true,0.0001
game,T10,ip_umfpack,916,0.004747,true,0.0001
game,T10,ip_klu,916,0.000833,true,0.0001
game,T10,path,917,0.040786,true,0.0001
game,T10,ip_umfpack,917,0.004289,true,0.0001
game,T10,ip_klu,917,0.000766,true,0.0001
game,T10,path,918,0.036922,true,0.0001
game,T10,ip_umfpack,918,0.005423,true,0.0001
game,T10,ip_klu,918,0.000929,true,0.0001
game,T10,path,919,0.036698,true,0.0001
game,T10,ip_umfpack,919,0.004233,true,0.0001
game,T10,ip_klu,919,0.00079,true,0.0001
game,T10,path,920,0.046893,true,0.0001
game,T10,ip_umfpack,920,0.00446,true,0.0001
game,T10,ip_klu,920,0.004327,true,0.0001
game,T10,path,921,0.021631,true,0.0001
game,T10,ip_umfpack,921,0.004079,true,0.0001
game,T10,ip_klu,921,0.000727,true,0.0001
game,T10,path,922,0.053971,true,0.0001
game,T10,ip_umfpack,922,0.004501,true,0.0001
game,T10,ip_klu,922,0.00078,true,0.0001
game,T10,path,923,0.128216,false,0.0001
game,T10,ip_umfpack,923,0.006938,true,0.0001
game,T10,ip_klu,923,0.001147,true,0.0001
game,T10,path,924,0.025752,true,0.0001
game,T10,ip_umfpack,924,0.00429,true,0.0001
game,T10,ip_klu,924,0.000763,true,0.0001
game,T10,path,925,0.046523,true,0.0001
game,T10,ip_umfpack,925,0.007857,true,0.0001
game,T10,ip_klu,925,0.000812,true,0.0001
game,T10,path,926,0.063405,true,0.0001
game,T10,ip_umfpack,926,0.004478,true,0.0001
game,T10,ip_klu,926,0.00081,true,0.0001
game,T10,path,927,0.042241,true,0.0001
game,T10,ip_umfpack,927,0.00424,true,0.0001
game,T10,ip_klu,927,0.000772,true,0.0001
game,T10,path,928,0.025196,true,0.0001
game,T10,ip_umfpack,928,0.004073,true,0.0001
game,T10,ip_klu,928,0.000782,true,0.0001
game,T10,path,929,0.043334,true,0.0001
game,T10,ip_umfpack,929,0.007442,true,0.0001
game,T10,ip_klu,929,0.000765,true,0.0001
game,T10,path,930,0.057479,true,0.0001
game,T10,ip_umfpack,930,0.004053,true,0.0001
game,T10,ip_klu,930,0.000933,true,0.0001
game,T10,path,931,0.047657,true,0.0001
game,T10,ip_umfpack,931,0.005421,true,0.0001
game,T10,ip_klu,931,0.000912,true,0.0001
game,T10,path,932,0.064675,true,0.0001
game,T10,ip_umfpack,932,0.006788,true,0.0001
game,T10,ip_klu,932,0.00075,true,0.0001
game,T10,path,933,0.04329,true,0.0001
game,T10,ip_umfpack,933,0.005348,true,0.0001
game,T10,ip_klu,933,0.000882,true,0.0001
game,T10,path,934,0.047509,true,0.0001
game,T10,ip_umfpack,934,0.00421,true,0.0001
game,T10,ip_klu,934,0.000738,true,0.0001
game,T10,path,935,0.052921,true,0.0001
game,T10,ip_umfpack,935,0.006431,true,0.0001
game,T10,ip_klu,935,0.000738,true,0.0001
game,T10,path,936,0.054838,true,0.0001
game,T10,ip_umfpack,936,0.005109,true,0.0001
game,T10,ip_klu,936,0.000847,true,0.0001
game,T10,path,937,0.045103,true,0.0001
game,T10,ip_umfpack,937,0.006222,true,0.0001
game,T10,ip_klu,937,0.000745,true,0.0001
game,T10,path,938,0.044479,true,0.0001
game,T10,ip_umfpack,938,0.004208,true,0.0001
game,T10,ip_klu,938,0.000733,true,0.0001
game,T10,path,939,0.073774,true,0.0001
game,T10,ip_umfpack,939,0.005365,true,0.0001
game,T10,ip_klu,939,0.002789,true,0.0001
game,T10,path,940,0.04201,true,0.0001
game,T10,ip_umfpack,940,0.004234,true,0.0001
game,T10,ip_klu,940,0.000743,true,0.0001
game,T10,path,941,0.028811,true,0.0001
game,T10,ip_umfpack,941,0.004394,true,0.0001
game,T10,ip_klu,941,0.000773,true,0.0001
game,T10,path,942,0.042964,true,0.0001
game,T10,ip_umfpack,942,0.006229,true,0.0001
game,T10,ip_klu,942,0.000745,true,0.0001
game,T10,path,943,0.065731,true,0.0001
game,T10,ip_umfpack,943,0.004221,true,0.0001
game,T10,ip_klu,943,0.000734,true,0.0001
game,T10,path,944,0.038283,true,0.0001
game,T10,ip_umfpack,944,0.004203,true,0.0001
game,T10,ip_klu,944,0.000733,true,0.0001
game,T10,path,945,0.029715,true,0.0001
game,T10,ip_umfpack,945,0.006068,true,0.0001
game,T10,ip_klu,945,0.000705,true,0.0001
game,T10,path,946,0.045623,true,0.0001
game,T10,ip_umfpack,946,0.004409,true,0.0001
game,T10,ip_klu,946,0.000787,true,0.0001
game,T10,path,947,0.014918,true,0.0001
game,T10,ip_umfpack,947,0.009698,true,0.0001
game,T10,ip_klu,947,0.001005,true,0.0001
game,T10,path,948,0.027893,true,0.0001
game,T10,ip_umfpack,948,0.004064,true,0.0001
game,T10,ip_klu,948,0.000734,true,0.0001
game,T10,path,949,0.032651,true,0.0001
game,T10,ip_umfpack,949,0.005607,true,0.0001
game,T10,ip_klu,949,0.000973,true,0.0001
game,T10,path,950,0.064297,true,0.0001
game,T10,ip_umfpack,950,0.007105,true,0.0001
game,T10,ip_klu,950,0.000783,true,0.0001
game,T10,path,951,0.093902,true,0.0001
game,T10,ip_umfpack,951,0.004645,true,0.0001
game,T10,ip_klu,951,0.000805,true,0.0001
game,T10,path,952,0.047909,true,0.0001
game,T10,ip_umfpack,952,0.007819,true,0.0001
game,T10,ip_klu,952,0.000907,true,0.0001
game,T10,path,953,0.038336,true,0.0001
game,T10,ip_umfpack,953,0.003966,true,0.0001
game,T10,ip_klu,953,0.000706,true,0.0001
game,T10,path,954,0.02604,true,0.0001
game,T10,ip_umfpack,954,0.004421,true,0.0001
game,T10,ip_klu,954,0.000803,true,0.0001
game,T10,path,955,0.038741,true,0.0001
game,T10,ip_umfpack,955,0.006268,true,0.0001
game,T10,ip_klu,955,0.000745,true,0.0001
game,T10,path,956,0.021229,true,0.0001
game,T10,ip_umfpack,956,0.011889,true,0.0001
game,T10,ip_klu,956,0.001534,true,0.0001
game,T10,path,957,0.043933,true,0.0001
game,T10,ip_umfpack,957,0.003968,true,0.0001
game,T10,ip_klu,957,0.000697,true,0.0001
game,T10,path,958,0.07385,true,0.0001
game,T10,ip_umfpack,958,0.005359,true,0.0001
game,T10,ip_klu,958,0.003102,true,0.0001
game,T10,path,959,0.038564,true,0.0001
game,T10,ip_umfpack,959,0.004283,true,0.0001
game,T10,ip_klu,959,0.00074,true,0.0001
game,T10,path,960,0.037937,true,0.0001
game,T10,ip_umfpack,960,0.00417,true,0.0001
game,T10,ip_klu,960,0.000729,true,0.0001
game,T10,path,961,0.026412,true,0.0001
game,T10,ip_umfpack,961,0.008666,true,0.0001
game,T10,ip_klu,961,0.001078,true,0.0001
game,T10,path,962,0.038069,true,0.0001
game,T10,ip_umfpack,962,0.004139,true,0.0001
game,T10,ip_klu,962,0.000722,true,0.0001
game,T10,path,963,0.034174,true,0.0001
game,T10,ip_umfpack,963,0.006306,true,0.0001
game,T10,ip_klu,963,0.000764,true,0.0001
game,T10,path,964,0.029609,true,0.0001
game,T10,ip_umfpack,964,0.004019,true,0.0001
game,T10,ip_klu,964,0.000701,true,0.0001
game,T10,path,965,0.041575,true,0.0001
game,T10,ip_umfpack,965,0.00421,true,0.0001
game,T10,ip_klu,965,0.000728,true,0.0001
game,T10,path,966,0.05513,true,0.0001
game,T10,ip_umfpack,966,0.006116,true,0.0001
game,T10,ip_klu,966,0.000716,true,0.0001
game,T10,path,967,0.037438,true,0.0001
game,T10,ip_umfpack,967,0.004228,true,0.0001
game,T10,ip_klu,967,0.000757,true,0.0001
game,T10,path,968,0.051723,true,0.0001
game,T10,ip_umfpack,968,0.005141,true,0.0001
game,T10,ip_klu,968,0.000881,true,0.0001
game,T10,path,969,0.046137,true,0.0001
game,T10,ip_umfpack,969,0.004248,true,0.0001
game,T10,ip_klu,969,0.00075,true,0.0001
game,T10,path,970,0.045155,true,0.0001
game,T10,ip_umfpack,970,0.00514,true,0.0001
game,T10,ip_klu,970,0.000862,true,0.0001
game,T10,path,971,0.045029,true,0.0001
game,T10,ip_umfpack,971,0.006807,true,0.0001
game,T10,ip_klu,971,0.000745,true,0.0001
game,T10,path,972,0.047943,true,0.0001
game,T10,ip_umfpack,972,0.004277,true,0.0001
game,T10,ip_klu,972,0.000739,true,0.0001
game,T10,path,973,0.047667,true,0.0001
game,T10,ip_umfpack,973,0.004252,true,0.0001
game,T10,ip_klu,973,0.00076,true,0.0001
game,T10,path,974,0.04922,true,0.0001
game,T10,ip_umfpack,974,0.006949,true,0.0001
game,T10,ip_klu,974,0.000776,true,0.0001
game,T10,path,975,0.023109,true,0.0001
game,T10,ip_umfpack,975,0.004211,true,0.0001
game,T10,ip_klu,975,0.000742,true,0.0001
game,T10,path,976,0.131204,false,0.0001
game,T10,ip_umfpack,976,0.006612,true,0.0001
game,T10,ip_klu,976,0.00078,true,0.0001
game,T10,path,977,0.034037,true,0.0001
game,T10,ip_umfpack,977,0.004207,true,0.0001
game,T10,ip_klu,977,0.000741,true,0.0001
game,T10,path,978,0.046845,true,0.0001
game,T10,ip_umfpack,978,0.004191,true,0.0001
game,T10,ip_klu,978,0.00075,true,0.0001
game,T10,path,979,0.047504,true,0.0001
game,T10,ip_umfpack,979,0.006452,true,0.0001
game,T10,ip_klu,979,0.000744,true,0.0001
game,T10,path,980,0.043547,true,0.0001
game,T10,ip_umfpack,980,0.004155,true,0.0001
game,T10,ip_klu,980,0.000729,true,0.0001
game,T10,path,981,0.012862,true,0.0001
game,T10,ip_umfpack,981,0.007596,true,0.0001
game,T10,ip_klu,981,0.000919,true,0.0001
game,T10,path,982,0.055716,true,0.0001
game,T10,ip_umfpack,982,0.004237,true,0.0001
game,T10,ip_klu,982,0.000729,true,0.0001
game,T10,path,983,0.128572,false,0.0001
game,T10,ip_umfpack,983,0.004216,true,0.0001
game,T10,ip_klu,983,0.000774,true,0.0001
game,T10,path,984,0.034853,true,0.0001
game,T10,ip_umfpack,984,0.006535,true,0.0001
game,T10,ip_klu,984,0.000751,true,0.0001
game,T10,path,985,0.024544,true,0.0001
game,T10,ip_umfpack,985,0.003996,true,0.0001
game,T10,ip_klu,985,0.000705,true,0.0001
game,T10,path,986,0.037479,true,0.0001
game,T10,ip_umfpack,986,0.004271,true,0.0001
game,T10,ip_klu,986,0.002963,true,0.0001
game,T10,path,987,0.046905,true,0.0001
game,T10,ip_umfpack,987,0.00453,true,0.0001
game,T10,ip_klu,987,0.000787,true,0.0001
game,T10,path,988,0.014539,true,0.0001
game,T10,ip_umfpack,988,0.00558,true,0.0001
game,T10,ip_klu,988,0.000943,true,0.0001
game,T10,path,989,0.052646,true,0.0001
game,T10,ip_umfpack,989,0.008019,true,0.0001
game,T10,ip_klu,989,0.000879,true,0.0001
game,T10,path,990,0.040506,true,0.0001
game,T10,ip_umfpack,990,0.004475,true,0.0001
game,T10,ip_klu,990,0.000788,true,0.0001
game,T10,path,991,0.055028,true,0.0001
game,T10,ip_umfpack,991,0.006068,true,0.0001
game,T10,ip_klu,991,0.000735,true,0.0001
game,T10,path,992,0.028086,true,0.0001
game,T10,ip_umfpack,992,0.004015,true,0.0001
game,T10,ip_klu,992,0.000706,true,0.0001
game,T10,path,993,0.058831,true,0.0001
game,T10,ip_umfpack,993,0.004883,true,0.0001
game,T10,ip_klu,993,0.000834,true,0.0001
game,T10,path,994,0.078556,true,0.0001
game,T10,ip_umfpack,994,0.00761,true,0.0001
game,T10,ip_klu,994,0.000929,true,0.0001
game,T10,path,995,0.119345,false,0.0001
game,T10,ip_umfpack,995,0.005379,true,0.0001
game,T10,ip_klu,995,0.000882,true,0.0001
game,T10,path,996,0.053596,true,0.0001
game,T10,ip_umfpack,996,0.007,true,0.0001
game,T10,ip_klu,996,0.00084,true,0.0001
game,T10,path,997,0.063186,true,0.0001
game,T10,ip_umfpack,997,0.004677,true,0.0001
game,T10,ip_klu,997,0.000787,true,0.0001
game,T10,path,998,0.052428,true,0.0001
game,T10,ip_umfpack,998,0.006474,true,0.0001
game,T10,ip_klu,998,0.00073,true,0.0001
game,T10,path,999,0.0483,true,0.0001
game,T10,ip_umfpack,999,0.004193,true,0.0001
game,T10,ip_klu,999,0.000731,true,0.0001
game,T10,path,1000,0.049144,true,0.0001
game,T10,ip_umfpack,1000,0.003961,true,0.0001
game,T10,ip_klu,1000,0.000724,true,0.0001
game,T10,path,1001,0.034226,true,0.0001
game,T10,ip_umfpack,1001,0.005931,true,0.0001
game,T10,ip_klu,1001,0.000713,true,0.0001
game,T10,path,1002,0.055464,true,0.0001
game,T10,ip_umfpack,1002,0.004301,true,0.0001
game,T10,ip_klu,1002,0.000752,true,0.0001
game,T10,path,1003,0.015237,true,0.0001
game,T10,ip_umfpack,1003,0.007837,true,0.0001
game,T10,ip_klu,1003,0.000927,true,0.0001
game,T10,path,1004,0.028624,true,0.0001
game,T10,ip_umfpack,1004,0.004249,true,0.0001
game,T10,ip_klu,1004,0.00073,true,0.0001
game,T10,path,1005,0.054542,true,0.0001
game,T10,ip_umfpack,1005,0.004214,true,0.0001
game,T10,ip_klu,1005,0.000752,true,0.0001
game,T10,path,1006,0.029686,true,0.0001
game,T10,ip_umfpack,1006,0.005941,true,0.0001
game,T10,ip_klu,1006,0.000679,true,0.0001
game,T10,path,1007,0.020543,true,0.0001
game,T10,ip_umfpack,1007,0.00415,true,0.0001
game,T10,ip_klu,1007,0.000733,true,0.0001
game,T10,path,1008,0.048483,true,0.0001
game,T10,ip_umfpack,1008,0.004181,true,0.0001
game,T10,ip_klu,1008,0.000746,true,0.0001
game,T10,path,1009,0.050112,true,0.0001
game,T10,ip_umfpack,1009,0.00618,true,0.0001
game,T10,ip_klu,1009,0.000738,true,0.0001
game,T10,path,1010,0.015763,true,0.0001
game,T10,ip_umfpack,1010,0.005542,true,0.0001
game,T10,ip_klu,1010,0.000908,true,0.0001
game,T10,path,1011,0.018413,true,0.0001
game,T10,ip_umfpack,1011,0.005867,true,0.0001
game,T10,ip_klu,1011,0.000706,true,0.0001
game,T10,path,1012,0.041762,true,0.0001
game,T10,ip_umfpack,1012,0.003984,true,0.0001
game,T10,ip_klu,1012,0.000704,true,0.0001
game,T10,path,1013,0.133475,false,0.0001
game,T10,ip_umfpack,1013,0.004884,true,0.0001
game,T10,ip_klu,1013,0.00083,true,0.0001
game,T10,path,1014,0.078602,true,0.0001
game,T10,ip_umfpack,1014,0.006164,true,0.0001
game,T10,ip_klu,1014,0.000684,true,0.0001
game,T10,path,1015,0.02378,true,0.0001
game,T10,ip_umfpack,1015,0.003988,true,0.0001
game,T10,ip_klu,1015,0.0007,true,0.0001
game,T10,path,1016,0.042317,true,0.0001
game,T10,ip_umfpack,1016,0.004267,true,0.0001
game,T10,ip_klu,1016,0.002701,true,0.0001
game,T10,path,1017,0.032095,true,0.0001
game,T10,ip_umfpack,1017,0.003801,true,0.0001
game,T10,ip_klu,1017,0.000682,true,0.0001
game,T10,path,1018,0.05255,true,0.0001
game,T10,ip_umfpack,1018,0.005339,true,0.0001
game,T10,ip_klu,1018,0.000901,true,0.0001
game,T10,path,1019,0.061934,true,0.0001
game,T10,ip_umfpack,1019,0.006577,true,0.0001
game,T10,ip_klu,1019,0.000775,true,0.0001
game,T10,path,1020,0.041009,true,0.0001
game,T10,ip_umfpack,1020,0.004215,true,0.0001
game,T10,ip_klu,1020,0.000729,true,0.0001
game,T10,path,1021,0.091688,true,0.0001
game,T10,ip_umfpack,1021,0.004261,true,0.0001
game,T10,ip_klu,1021,0.003158,true,0.0001
game,T10,path,1022,0.03941,true,0.0001
game,T10,ip_umfpack,1022,0.004254,true,0.0001
game,T10,ip_klu,1022,0.00075,true,0.0001
game,T10,path,1023,0.027936,true,0.0001
game,T10,ip_umfpack,1023,0.004235,true,0.0001
game,T10,ip_klu,1023,0.000743,true,0.0001
game,T10,path,1024,0.047524,true,0.0001
game,T10,ip_umfpack,1024,0.008099,true,0.0001
game,T10,ip_klu,1024,0.000822,true,0.0001
